id,Nombre,Grupo de alimento,Marca,Cantidad,Unidad,Calorias,Proteinas,Carbohidratos,Grasas,Fibra,vitA,vitB1,vitB2,vitB3,vitB5,vitB6,vitB9,vitB12,vitC,vitD,vitE,vitK,choline,calcium,copper,iron,magnesium,manganese,phosphorus,potassium,selenium,sodium,zinc,water,cholesterol,saturatedFat,monoUnsaturatedFat,polyUnsaturatedFat,glycemicIndex,tiene_micros,es_duplicado,momento_sugerido,comments,usar_en_generador
,Aceite de linaza,Aceites y grasas,,100,gr,900.0,0.0,0.0,100.0,,,,,,,,,,,,17.5,,200.0,,,,,,,,,,,,,9.4,20.2,66.0,,False,False,,0.0 | Fuente: base original de Alzum.,True
,Aceite de pescado,Aceites y grasas,,100,gr,900.0,0.0,0.0,100.0,,,,,,,,,,,,,,,,,,,,,,,,,,485.0,19.9,29.0,40.3,,False,False,,0.0 | Fuente: base original de Alzum.,True
,Aceite oliva virgen extra,Aceites y grasas,Hacendado,100,gr,824.0,0.0,0.0,91.6,,,,,,,,,,,,,,,,,,,,,,,,,,,13.7,,6.4,,False,False,,Fuente: base original de Alzum.,True
,Aceite vegetal de algodón,Aceites y grasas,,100,gr,900.0,0.0,0.0,100.0,,,,,,,,,,,,,,,,,,,,,,,,,,,,,,,False,False,,0 | Fuente: base original de Alzum.,True
,Bonito aceite de oliva,Pescados,Albo,100,gr,385.0,22.0,0.0,33.0,,,,,10.0,,,,,,,,,,,,,,,170.0,,,0.7,,,,,,,,True,False,,Fuente: base original de Alzum.,True
,Coconut oil organic,Aceites y grasas,Raw C,100,gr,823.0,0.0,0.0,91.0,,,,,,,,,,,,,,,,,,,,,,,,,,,,,,,False,False,,Fuente: base original de Alzum.,True
,Manteca vegetal,Aceites y grasas,,100,gr,895.5,0.0,0.0,99.5,,,,,,,,,,,,,,,,,,,,,,,,,0.1,,,,,,False,False,,0 | Fuente: base original de Alzum.,True
,Mantequilla ajo y hierbas (Mailand ),Aceites y grasas,,100,gr,710.0,0.0,2.0,79.0,,,,,,,,,,,,,,,,,,,,,,,0.9,,,,,,,,False,False,,Fuente: base original de Alzum.,True
,Mantequilla de Oliva ( Olive Grove ),Aceites y grasas,,100,gr,530.0,0.0,0.0,60.0,,,,,,,,,,,,,,,,,,,,,,,0.3,,,,,,,,False,False,,Fuente: base original de Alzum.,True
,Mantequilla light,Aceites y grasas,Hacendado,100,gr,372.0,0.2,0.5,41.0,,,,,,,,,,,,,,,,,,,,,,,,,,,,,,,False,False,,Fuente: base original de Alzum.,True
,Sardinas Aceite girasol,Pescados,Hacendado,100,gr,333.0,19.2,1.1,28.0,,,,,,,,,,,,,,,,,,,,,,,,,,,,,,,False,False,,Fuente: base original de Alzum.,True
,Sardinilla aceite oliva,Pescados,Hacendado,100,gr,213.0,19.0,0.0,15.2,,,,,,,,,,,,,,,,,,,,,,,,,,,,,,,False,False,,Fuente: base original de Alzum.,True
,Aceite oleico gourmet,Aceites y grasas,,100,gr,828.0,0.0,0.0,92.0,,,,,,,,,,,,,,,,,,,,,,,,,,,,,,,False,False,,Fuente: base original de Alzum.,True
,Caballa aceite de oliva,Pescados,Albo,100,gr,346.0,19.0,0.0,30.0,,,,,,,,,,,,,,,,,,,,,,,0.8,,,,,,,,False,False,,Fuente: base original de Alzum.,True
,Ghee bio & keto,Aceites y grasas,,100,gr,895.5,0.0,0.0,99.8,,,,,,,,,,,,,,,,,,,,,,,,,,,62.5,,,,False,False,,Fuente: base original de Alzum.,True
,Mantequilla de cacahuete (> 90%),Aceites y grasas,,100,gr,632.11,25.1,19.6,50.4,6.0,,73.0,105.0,13.4,1.1,543.0,74.0,,,,9.0,0.6,63.0,43.0,473.0,1.9,154.0,1.5,358.0,649.0,5.6,17.0,2.9,1.8,,10.3,23.7,13.9,9.2,True,False,,40.0 | Fuente: base original de Alzum.,True
,Soja texturizada (proteína vegetal),Alternativas vegetales,,100,gr,320.0,51.0,19.0,0.5,17.0,,,,,,,,,,,,,,,,,,,,,,,,,,0.1,0.1,0.3,,False,False,Comida / cena,Fuente: base original de Alzum.,True
,Carne de avestruz,Aves,,100,gr,109.08,22.9,0.0,2.0,,,205.0,302.0,4.9,1.2,537.0,8.0,5.2,,,200.0,,,5.0,142.0,2.7,23.0,18.0,221.0,322.0,36.6,90.0,3.9,75.6,65.0,0.6,0.6,0.4,,True,False,Comida / cena,0.0 | Fuente: base original de Alzum.,True
,Contramuslo de pollo con piel,Aves,,100,gr,156.0,18.0,0.0,9.2,,,,,,,,,,,,,,,,,,,,,,,,,,,,,,,False,False,Comida / cena,Fuente: base original de Alzum.,True
,Contramuslo de pollo deshuesado,Aves,,100,gr,129.0,19.0,0.0,5.8,,,,,,,,,,,,,,,,,,,,,,,,,,,,,,,False,False,Comida / cena,Fuente: base original de Alzum.,True
,Corazón de pollo,Aves,,100,gr,152.57,15.6,1.6,9.3,,,,,,,,,,3.2,,,,,12.0,,1.7,,,177.0,,,,6.6,73.6,,,,,,True,False,Comida / cena,0 | Fuente: base original de Alzum.,True
,Hígado de pato,Aves,,100,gr,130.84,18.7,3.5,4.6,,39.9,562.0,892.0,6.5,6.2,760.0,738.0,54.0,4.5,,,,,11.0,6.0,30.5,24.0,258.0,269.0,230.0,67.0,140.0,3.1,71.8,515.0,1.4,0.7,0.6,,True,False,Comida / cena,0.0 | Fuente: base original de Alzum.,True
,Hígado de pavo,Aves,,100,gr,227.64,17.8,2.3,16.4,,72.4,153.0,2.6,13.5,6.3,1.5,677.0,49.4,24.5,,120.0,0.8,221.8,5.0,407.0,12.0,15.0,195.0,279.0,255.0,70.8,71.0,2.3,62.3,331.0,5.5,7.4,1.7,,True,False,Comida / cena,0.0 | Fuente: base original de Alzum.,True
,Hígado de pollo,Aves,,100,gr,114.07,16.9,0.7,4.8,,11.1,305.0,1.8,9.7,6.2,853.0,588.0,16.6,17.9,,700.0,,194.4,8.0,492.0,9.0,19.0,255.0,297.0,230.0,54.6,71.0,2.7,76.5,345.0,1.6,1.2,1.3,,True,False,Comida / cena,0.0 | Fuente: base original de Alzum.,True
,KFC Pechuga,Aves,,1,ud,320.0,36.0,13.0,14.0,,,,,,,,,,,,,,,,,,,,,,,,,,,,,,,False,False,Comida / cena,Fuente: base original de Alzum.,True
,Muslo de pavo,Aves,,100,gr,102.73,20.4,0.0,2.4,,,50.0,210.0,2.7,1.2,370.0,11.0,0.4,,,,,,10.0,143.0,1.8,22.0,27.0,172.0,254.0,28.6,71.0,3.0,76.6,84.0,0.8,0.5,0.7,,True,False,Comida / cena,0.0 | Fuente: base original de Alzum.,True
,Muslo de pollo,Aves,,100,gr,114.81,20.1,0.0,3.8,,61.0,79.0,193.0,6.1,1.2,330.0,10.0,0.4,,5.0,320.0,2.9,61.8,11.0,64.0,1.0,23.0,21.0,167.0,229.0,13.5,86.0,2.1,76.1,80.0,1.0,1.2,1.0,,True,False,Comida / cena,0.0 | Fuente: base original de Alzum.,True
,Pavo a tacos,Aves,Hacendado,100,gr,118.0,20.7,0.0,3.9,,,,,,,,,,,,,,,,,,,,,,,,,,,,,,,False,False,Comida / cena,Fuente: base original de Alzum.,True
,Pechuga de pavo,Aves,,100,gr,104.25,24.6,0.0,0.7,,,41.0,118.0,6.3,717.0,580.0,8.0,0.5,,,,,,10.0,116.0,1.2,28.0,21.0,206.0,293.0,24.4,49.0,1.2,74.1,62.0,0.2,0.1,0.2,,True,False,Comida / cena,0.0 | Fuente: base original de Alzum.,True
,Pechuga de pollo,Aves,,100,gr,108.23,22.0,0.0,1.8,,30.0,64.0,100.0,10.4,1.4,749.0,4.0,0.2,1.2,5.0,190.0,0.2,73.4,5.0,27.0,370.0,26.0,15.0,210.0,370.0,32.0,116.0,580.0,75.8,64.0,0.6,0.8,0.4,,True,False,Comida / cena,0.0 | Fuente: base original de Alzum.,True
,Alitas de pollo,Aves,,100,gr,217.0,18.0,0.0,16.0,,,,,,,,,,,,,,,,,,,,,,,,,,,,,,,False,False,Comida / cena,Fuente: base original de Alzum.,True
,Pavo fiambre,Embutidos y charcutería,Hacendado,100,gr,78.0,17.8,0.6,0.5,,,,,,,,,,,,,,,,,,,,,,,,,,,,,,,False,False,Comida / cena,Fuente: base original de Alzum.,True
,Pollo troceado,Aves,Hacendado,100,gr,189.0,19.0,0.7,12.0,,,,,,,,,,,,,,,,,,,,,,,,,,,,,,,False,False,Comida / cena,Fuente: base original de Alzum.,True
,Tiras de pollo,Aves,Hacendado,100,gr,107.0,23.4,0.6,1.2,,,,,,,,,,,,,,,,,,,,,,,,,,,,,,,False,False,Comida / cena,Fuente: base original de Alzum.,True
,Coconut natural - sin azúcar añadida,Alternativas vegetales,Alpro,100,gr,83.0,0.6,5.0,6.0,0.6,,,,,,,,,,,,,,,,,,,,,,,,,,,,,,False,False,"Desayuno, Media mañana / merienda",Fuente: base original de Alzum.,True
,Azúcar,"Azúcares, siropes y edulcorantes",,100,gr,392.84,0.1,98.1,0.0,,,,,110.0,132.0,41.0,1.0,,,,,,2.3,83.0,47.0,710.0,9.0,64.0,4.0,133.0,1.2,28.0,30.0,1.3,,,,,97.0,True,False,"Desayuno, Media mañana / merienda",60.0 | Fuente: base original de Alzum.,True
,Edulcorante,"Azúcares, siropes y edulcorantes",,100,gr,0.0,0.0,0.0,0.0,,,,,,,,,,,,,,,,,,,,,,,,,,,,,,,False,False,"Desayuno, Media mañana / merienda",Fuente: base original de Alzum.,False
,Froot Loops Bajo en azúcar,"Azúcares, siropes y edulcorantes",,100,gr,272.0,6.0,53.0,4.0,,,,,,,,,,,,,,,,,,,,,,,,,,,,,,,False,False,"Desayuno, Media mañana / merienda",Fuente: base original de Alzum.,True
,Miel de Romero,"Azúcares, siropes y edulcorantes",Hacendado,100,gr,333.0,0.5,83.0,0.0,,,,,,,,,,,,,,,,,,,,,,,,,,,,,,,False,False,"Desayuno, Media mañana / merienda",Fuente: base original de Alzum.,True
,Miel de abeja,"Azúcares, siropes y edulcorantes",,100,gr,342.4,0.0,85.6,0.0,,,,,,,,,,1.3,,,,,26.0,,0.4,,,10.0,,,,0.2,14.1,,,,,,True,False,"Desayuno, Media mañana / merienda",0 | Fuente: base original de Alzum.,True
,Sirope Maple,"Azúcares, siropes y edulcorantes",,100,gr,300.0,0.0,70.0,0.0,,,,,,,,,,,,,,,,,,,,,,,,,,,,,,,False,False,"Desayuno, Media mañana / merienda",Fuente: base original de Alzum.,True
,Stevia,"Azúcares, siropes y edulcorantes",,100,gr,0.0,0.0,0.0,0.0,,,,,,,,,,,,,,,,,,,,,,,,,,,,,,,False,False,"Desayuno, Media mañana / merienda",Fuente: base original de Alzum.,True
,Té sin azúcar,Bebidas no alcohólicas,,100,gr,0.92,0.1,0.2,0.0,,,,,,,,,,,,,,,3.0,,0.2,,,1.0,,,,,99.6,,,,,,True,False,"Desayuno, Media mañana / merienda",0 | Fuente: base original de Alzum.,True
,Dextrosa (glucosa),"Azúcares, siropes y edulcorantes",,100,gr,400.0,0.0,100.0,0.0,,,,,,,,,,,,,,,,,,,,,,,,,,,,,,100.0,False,False,"Desayuno, Media mañana / merienda",100.0 | Fuente: base original de Alzum.,True
,Chicha de jora,Bebidas alcohólicas,,100,gr,27.5,0.4,5.8,0.3,,,,,,,,,,2.4,,,,,22.0,,1.8,,,18.0,,,,,93.2,,,,,,True,False,Comida / cena,0 | Fuente: base original de Alzum.,False
,Agua con gas,Bebidas no alcohólicas,,100,gr,0.0,0.0,0.0,0.0,,,,,,,,,,,,,,,,,,,,,,,,,,,,,,,False,False,,Fuente: base original de Alzum.,False
,Bio Ginger Shot,Bebidas no alcohólicas,,1,ud,52.5,0.8,11.9,0.7,,,,,,,,,,,,,,,,,,,,,,,,,,,,,,,False,False,,Fuente: base original de Alzum.,True
,Café con leche,Bebidas no alcohólicas,,100,gr,22.0,1.5,2.5,1.0,,,,,,,,,,,,,,,,,,,,,,,,,,,,,,,False,False,,Fuente: base original de Alzum.,True
,Café con leche (con azúcar),Bebidas no alcohólicas,,1,tz,70.78,1.6,12.2,1.8,,,,,,,,,,,,,,,,,,,,,,,,,,,,,,,False,False,,Fuente: base original de Alzum.,True
,Café con leche sin azúcar,Bebidas no alcohólicas,,1,tz,31.0,1.6,2.4,1.8,,,,,,,,,,,,,,,,,,,,,,,,,,,,,,,False,False,,Fuente: base original de Alzum.,True
,Café molido,Bebidas no alcohólicas,,100,gr,357.0,14.3,57.1,14.3,,,,,,,,,,,,,,,,,,,,,,,,,,,,,,,False,False,,Fuente: base original de Alzum.,True
,Café sin azúcar,Bebidas no alcohólicas,,100,gr,0.0,0.0,0.0,0.0,,,,,,,,,,,,,,,,,,,,,,,,,,,,,,,False,False,,Fuente: base original de Alzum.,True
,Coca Cola,Bebidas no alcohólicas,,100,gr,42.0,0.0,10.5,0.0,,,,,,,,,,,,,,,,,,,,,,,,,89.5,,,,,,False,False,,0 | Fuente: base original de Alzum.,True
,Hielo,Bebidas no alcohólicas,,1,ud,0.0,0.0,0.0,0.0,,,,,,,,,,,,,,,,,,,,,,,,,,,,,,,False,False,,Fuente: base original de Alzum.,True
,Inca Kola,Bebidas no alcohólicas,,100,gr,44.0,0.0,11.0,0.0,,,,,,,,,,,,,,,,,,,,,,,,,89.0,,,,,,False,False,,0 | Fuente: base original de Alzum.,True
,Jugo de Limón,Bebidas no alcohólicas,,100,gr,42.6,0.5,9.7,0.2,,,,,,,,,,44.2,,,,,18.0,,0.5,,,14.0,,,,0.1,89.3,,,,,,True,False,,0 | Fuente: base original de Alzum.,True
,Jugo puro de Maracuyá,Bebidas no alcohólicas,,100,gr,68.9,0.9,16.1,0.1,,,,,,,,,,22.0,,,,,13.0,,3.0,,,30.0,,,,0.1,82.3,,,,,,True,False,,0 | Fuente: base original de Alzum.,True
,Té Chai,Bebidas no alcohólicas,,100,gr,64.0,0.9,11.4,1.4,,,,,,,,,,,,,,,,,,,,,,,,,,,,,,,False,False,,Fuente: base original de Alzum.,True
,Té negro (bolsita),Bebidas no alcohólicas,,1,ud,0.0,0.0,0.0,0.0,,,,,,,,,,,,,,,,,,,,,,,,,,,,,,,False,False,,Fuente: base original de Alzum.,True
,Té verde,Bebidas no alcohólicas,,100,gr,1.0,0.0,0.2,0.1,0.1,,,,,,,,,,,,,,,,,,,,,,,,,,,,,,False,False,,Fuente: base original de Alzum.,True
,Jugo de Naranja,Bebidas no alcohólicas,,100,gr,36.6,0.5,8.2,0.2,,,,,,,,,,42.0,,,,,31.0,,0.2,,,9.0,,,,0.1,90.7,,,,,,True,False,,0 | Fuente: base original de Alzum.,True
,Jugo de piña,Bebidas no alcohólicas,,100,gr,54.0,0.4,12.9,0.1,0.2,5.0,58.0,21.0,199.0,56.0,100.0,18.0,,10.0,,20.0,0.3,3.3,13.0,69.0,310.0,12.0,504.0,8.0,130.0,0.1,2.0,110.0,86.4,,,,,10.0,True,False,,46.0 | Fuente: base original de Alzum.,True
,Jugo de uva,Bebidas no alcohólicas,,100,gr,61.73,0.4,14.8,0.1,0.2,8.0,17.0,15.0,133.0,48.0,32.0,,,100.0,,,0.4,3.2,11.0,18.0,250.0,10.0,239.0,14.0,104.0,,5.0,70.0,84.5,,,,,14.2,True,False,,55.0 | Fuente: base original de Alzum.,True
,Cacao en polvo,"Azúcares, siropes y edulcorantes",,100,gr,433.3,19.6,57.9,13.7,33.2,,78.0,241.0,2.2,254.0,118.0,32.0,,,,100.0,2.5,12.0,128.0,3.8,13.9,499.0,3.8,734.0,1.5,14.3,21.0,6.8,3.0,,8.1,4.6,0.4,1.8,True,False,"Desayuno, Media mañana / merienda",20.0 | Fuente: base original de Alzum.,True
,Cacao en polvo Opti-Start,"Bollería, repostería y galletas",Nesquik,14,gr,50.0,0.6,11.0,0.4,0.9,114.0,0.2,0.4,,,0.3,,0.3,6.7,1.5,0.8,,,3.9,,2.1,39.0,,27.0,112.0,,28.0,1.1,,,0.2,,,,True,False,"Desayuno, Media mañana / merienda",0 | Fuente: base original de Alzum.,True
,Cacao instantáneo,"Azúcares, siropes y edulcorantes",Hacendado,100,gr,368.0,4.9,80.0,2.8,,,,,,,,,,,,,,,,,,,,,,,,,,,,,,,False,False,"Desayuno, Media mañana / merienda",Fuente: base original de Alzum.,True
,Cacao nibs,"Bollería, repostería y galletas",,100,gr,480.0,9.2,42.4,44.8,13.4,,,,,,,,,,,,,,,,0.7,1.5,,,8.7,,0.1,,,,,,,,True,False,"Desayuno, Media mañana / merienda",Fuente: base original de Alzum.,True
,Cacao puro 100% desgrasado en polvo,"Bollería, repostería y galletas",,100,gr,321.0,27.0,12.0,11.0,,,,,,,,,,,,,,,,,,,,,,,,,,,6.8,,,,False,False,"Desayuno, Media mañana / merienda",Sin azúcares añadidos | Fuente: base original de Alzum.,True
,Chancay (bizcocho),"Bollería, repostería y galletas",,100,gr,354.9,8.8,64.4,6.9,,,,,,,,,,,,,,,47.0,,1.0,,,108.0,,,,,19.4,,,,,,True,False,"Desayuno, Media mañana / merienda",0 | Fuente: base original de Alzum.,True
,Choco gotas,"Bollería, repostería y galletas",Hacendado,100,gr,501.0,6.0,59.0,25.0,,,,,,,,,,,,,,,,,,,,,,,,,,,,,,,False,False,"Desayuno, Media mañana / merienda",Fuente: base original de Alzum.,True
,Chocolate 99%,"Bollería, repostería y galletas",Hacendado,100,gr,610.0,15.0,8.0,54.0,16.0,,,,,,,,,,,,,,,,,,,,,,0.2,,,,34.0,,,,False,False,"Desayuno, Media mañana / merienda",Fuente: base original de Alzum.,True
,Chocolate oscuro 45-59% de cacao,"Bollería, repostería y galletas",,100,gr,545.72,4.9,61.2,31.3,7.0,50.0,25.0,50.0,725.0,297.0,42.0,,0.2,,,540.0,8.1,,56.0,1.0,8.0,146.0,1.4,206.0,559.0,3.0,24.0,2.0,1.0,8.0,18.5,9.5,1.1,47.9,True,False,"Desayuno, Media mañana / merienda",30.0 | Fuente: base original de Alzum.,True
,Chocolate oscuro 60-69% de cacao,"Bollería, repostería y galletas",,100,gr,578.95,6.1,52.4,38.3,8.0,50.0,32.0,49.0,838.0,300.0,34.0,,0.2,,,590.0,7.2,,62.0,1.2,6.3,176.0,1.3,260.0,567.0,8.4,10.0,2.7,1.3,6.0,22.0,11.5,1.2,36.7,True,False,"Desayuno, Media mañana / merienda",30.0 | Fuente: base original de Alzum.,True
,Chocolate oscuro 70-85% de cacao,"Bollería, repostería y galletas",,100,gr,598.43,7.8,45.9,42.6,10.9,39.0,34.0,78.0,1.1,418.0,38.0,,0.3,,,590.0,7.3,,73.0,1.8,11.9,228.0,1.9,308.0,715.0,6.8,20.0,3.3,1.4,3.0,24.5,12.8,1.3,24.0,True,False,"Desayuno, Media mañana / merienda",30.0 | Fuente: base original de Alzum.,True
,Croissant,"Bollería, repostería y galletas",,100,gr,406.0,8.0,46.0,21.0,,,,,,,,,,,,,,,,,,,,,0.1,,0.4,,,,12.0,6.0,1.1,,False,False,"Desayuno, Media mañana / merienda",Fuente: base original de Alzum.,True
,Galleta de vainilla (Dulce),"Bollería, repostería y galletas",,100,gr,437.9,6.0,74.9,12.7,,,,,,,,,,,,,,,22.0,,0.6,,,665.0,,,,0.6,4.8,,,,,,True,False,"Desayuno, Media mañana / merienda",0 | Fuente: base original de Alzum.,True
,Galletas Crackers de salvado sin sal,"Bollería, repostería y galletas",,30,gr,130.5,3.5,19.0,4.5,0.9,,,,,,,,,,,,,,,,,,,,,,25.0,,,,,,,,False,False,"Desayuno, Media mañana / merienda",0 | Fuente: base original de Alzum.,True
,Brownies,"Bollería, repostería y galletas",,100,gr,421.5,4.8,63.9,16.3,2.1,69.0,255.0,210.0,1.7,547.0,35.0,47.0,0.1,,,150.0,6.5,10.0,29.0,224.0,2.3,31.0,128.0,101.0,149.0,6.3,312.0,720.0,13.6,17.0,4.2,9.0,2.3,36.6,True,False,"Desayuno, Media mañana / merienda",43.0 | Fuente: base original de Alzum.,True
,Chocolate Special K de (cereales,"Bollería, repostería y galletas",Kellogg,100,gr,407.07,5.7,83.3,5.7,3.4,2.4,1.7,1.9,22.6,551.0,2.3,452.0,6.8,67.7,129.0,260.0,1.2,14.4,41.0,200.0,26.1,46.0,1.2,127.0,242.0,18.2,581.0,1.2,3.0,4.0,4.9,0.1,0.1,30.3,True,False,"Desayuno, Media mañana / merienda",69.0 | Fuente: base original de Alzum.,True
,Pastel de salmón,Pescados,,100,gr,265.0,10.1,17.0,17.3,,,,,,,,,,,,,,,,,,,,,,,,,,,,,,,False,False,"Desayuno, Media mañana / merienda",Fuente: base original de Alzum.,True
,Albóndigas,Carnes y productos cárnicos,,100,gr,197.0,21.0,8.0,9.0,,,,,,,,,,,,,,,,,,,,,,,,,,,,,,,False,False,Comida / cena,Fuente: base original de Alzum.,True
,Albóndigas,Carnes y productos cárnicos,Meatprotein,100,gr,121.8,18.8,2.2,4.2,,,,,,,,,,,,,,,,,,,,,,,0.2,,,,0.8,,,,False,False,Comida / cena,Fuente: base original de Alzum.,True
,Bazo de Res,Carnes y productos cárnicos,,100,gr,86.4,18.9,0.0,1.2,,,,,,,,,,10.1,,,,,7.0,,28.7,,,161.0,,,,2.1,78.1,,,,,,True,False,Comida / cena,0 | Fuente: base original de Alzum.,True
,Carne de conejo extra,Carnes y productos cárnicos,,100,gr,130.86,20.7,0.0,5.3,,,,,,,0.4,,7.0,,,,,,,,,,,259.0,404.0,9.0,0.1,,,,2.0,1.3,2.0,,True,False,Comida / cena,15.53 mg de NIACINA | Fuente: base original de Alzum.,True
,Cabecera de lomo,Carnes y productos cárnicos,Hacendado,100,gr,270.0,31.0,0.5,16.0,,,,,,,,,,,,,,,,,,,,,,,,,,,,,,,False,False,Comida / cena,Fuente: base original de Alzum.,True
,Cabezas de lomo cerdo,Carnes y productos cárnicos,,100,gr,211.0,19.0,0.0,15.0,,,,,,,,,,,,,,,,,,,,,,,,,,,,,,,False,False,Comida / cena,Fuente: base original de Alzum.,True
,Carne Vacuno,Carnes y productos cárnicos,Hacendado,100,gr,182.0,17.0,1.0,12.0,,,,,,,,,,,,,,,,,,,,,,,,,,,,,,,False,False,Comida / cena,Fuente: base original de Alzum.,True
,Carne de vaca molida en lata,Carnes y productos cárnicos,,100,gr,227.0,22.0,1.0,15.0,,,,,,,,,,,,,,,,,,,,,,,,,,,,,,,False,False,Comida / cena,Fuente: base original de Alzum.,True
,Carne picada vacuno,Carnes y productos cárnicos,Hacendado,100,gr,182.0,17.0,0.9,12.0,,,,,,,,,,,,,,,,,,,,,,,,,,,,,,,False,False,Comida / cena,Fuente: base original de Alzum.,True
,Carne pulpa de Res,Carnes y productos cárnicos,,100,gr,99.6,21.3,0.0,1.6,,,,,,,,,,,,,,,16.0,,3.4,,,208.0,,,,4.3,75.9,,,,,,True,False,Comida / cena,0 | Fuente: base original de Alzum.,True
,Cerdo,Carnes y productos cárnicos,,100,gr,193.9,14.4,0.1,15.1,,,,,,,,,,0.6,,,,,12.0,,1.3,,,238.0,,,,1.7,69.2,,,,,,True,False,Comida / cena,0 | Fuente: base original de Alzum.,True
,Chicharrón de cerdo (Cocido),Embutidos y charcutería,,100,gr,597.8,11.3,0.0,61.4,,,,,,,,,,,,,,,40.0,,,,,227.0,,,,,22.6,,,,,,False,False,Comida / cena,0 | Fuente: base original de Alzum.,True
,Chuletón de ternera (corte graso),Carnes y productos cárnicos,,100,gr,222.0,20.0,0.0,15.0,,,,,,,,,,,,,,,,,,,,,,,,,,,,,,,False,False,Comida / cena,Fuente: base original de Alzum.,True
,Chuletón de ternera (corte magro),Carnes y productos cárnicos,,100,gr,166.0,22.0,0.0,8.0,,,,,,,,,,,,,,,,,,,,,,,,,,,,,,,False,False,Comida / cena,Fuente: base original de Alzum.,True
,Cinta de lomo Cerdo,Carnes y productos cárnicos,,100,gr,178.0,20.5,1.5,10.0,,,,,,,,,,,,,,,,,,,,,,,,,,,3.8,,,,False,False,Comida / cena,Fuente: base original de Alzum.,True
,Corazón de res,Carnes y productos cárnicos,,100,gr,98.46,16.6,0.1,3.5,,,,,,,,,,3.6,,,,,6.0,,3.6,,,209.0,,,,1.7,77.0,,,,,,True,False,Comida / cena,0 | Fuente: base original de Alzum.,True
,Cordero magra,Carnes y productos cárnicos,,100,gr,136.98,20.9,0.0,5.9,,,130.0,230.0,6.5,660.0,170.0,24.0,2.2,,,190.0,,,12.0,128.0,1.9,27.0,24.0,190.0,276.0,23.6,68.0,3.2,72.6,66.0,2.1,2.4,0.5,,True,False,Comida / cena,0.0 | Fuente: base original de Alzum.,True
,Costilla de cerdo,Carnes y productos cárnicos,,100,gr,395.0,28.9,0.0,30.2,,,,,,,,,,,,,,,,,,,,,,,,,,,,,,,False,False,Comida / cena,Fuente: base original de Alzum.,True
,Costilla de res,Carnes y productos cárnicos,,100,gr,254.0,19.0,0.0,19.8,,,,,,,,,,,,,,,,,,,,,,,,,,,,,,,False,False,Comida / cena,"[Corregido: el registro original era incoherente.] Grasa 8 -> 19,8 g para cuadrar con sus 254 kcal. Fuente: base original de Alzum.",True
,Entrecot de vaca,Carnes y productos cárnicos,,100,gr,153.0,20.0,0.0,7.0,,,,,,,,,,,,,,,,,,,,,,,,,,,,,,,False,False,Comida / cena,Fuente: base original de Alzum.,True
,Ganso sin piel,Carnes y productos cárnicos,,100,gr,155.17,22.8,0.0,7.1,,40.0,129.0,377.0,4.3,2.0,640.0,31.0,0.5,7.2,,,,,13.0,306.0,2.6,24.0,24.0,312.0,420.0,16.8,87.0,2.3,68.3,84.0,2.8,1.9,0.9,,True,False,Comida / cena,0.0 | Fuente: base original de Alzum.,True
,Hamburguesa barbacoa (Meatproteim),Carnes y productos cárnicos,,100,gr,124.0,21.6,2.9,2.7,,,,,,,,,,,,,,,,,,,,,,,0.2,,,,0.8,,,,False,False,Comida / cena,Fuente: base original de Alzum.,True
,Hamburguesa boletus,Carnes y productos cárnicos,Meatprotein,100,gr,93.0,18.0,0.5,2.1,,,,,,,,,,,,,,,,,,,,,,,0.2,,,,0.8,,,,False,False,Comida / cena,Fuente: base original de Alzum.,True
,Hamburguesa gruesa vacuno,Carnes y productos cárnicos,,100,gr,153.0,19.0,0.5,8.5,,,,,,,,,,,,,,,,,,,,,,,,,,,,,,,False,False,Comida / cena,Fuente: base original de Alzum.,True
,Hamburguesa ibérico,Carnes y productos cárnicos,Meatprotein,100,gr,121.0,22.2,2.1,2.7,,,,,,,,,,,,,,,,,,,,,,,0.2,,,,0.8,,,,False,False,Comida / cena,Fuente: base original de Alzum.,True
,Hamburguesa mejicana,Carnes y productos cárnicos,Meatprotein,100,gr,117.0,21.8,2.1,2.6,,,,,,,,,,,,,,,,,,,,,,,0.2,,,,0.7,,,,False,False,Comida / cena,Fuente: base original de Alzum.,True
,Hamburguesa ternera,Carnes y productos cárnicos,Meatprotein,100,gr,121.0,22.2,2.1,2.7,,,,,,,,,,,,,,,,,,,,,,,0.1,,,,0.8,,,,False,False,Comida / cena,Fuente: base original de Alzum.,True
,Hígado de Res,Carnes y productos cárnicos,,100,gr,134.6,20.0,3.3,4.6,,,,,,,,,,19.5,,,,,13.0,,5.4,,,166.0,,,,4.0,70.8,,,,,,True,False,Comida / cena,0 | Fuente: base original de Alzum.,True
,Hígado de ganso,Carnes y productos cárnicos,,100,gr,129.28,16.4,6.3,4.3,,31.0,562.0,892.0,6.5,6.2,760.0,738.0,54.0,4.5,,,,,43.0,7.5,30.5,24.0,,261.0,230.0,68.1,140.0,3.1,71.8,515.0,1.6,0.8,0.3,,True,False,Comida / cena,0.0 | Fuente: base original de Alzum.,True
,Lomo bajo de ternera,Carnes y productos cárnicos,,100,gr,161.0,20.0,0.5,8.3,,,,,,,,,,,,,,,,,,,,,,,,,,,,,,,False,False,Comida / cena,Fuente: base original de Alzum.,True
,Lomo de cerdo magro,Carnes y productos cárnicos,,100,gr,114.37,20.7,0.0,3.5,,2.0,982.0,337.0,6.6,837.0,765.0,,0.5,,10.0,220.0,,79.7,6.0,89.0,970.0,27.0,14.0,243.0,393.0,30.3,52.0,1.9,75.0,65.0,1.2,1.4,0.6,,True,False,Comida / cena,0.0 | Fuente: base original de Alzum.,True
,Mondongo,Carnes y productos cárnicos,,100,gr,99.1,16.9,0.0,3.5,,,,,,,,,,,,,,,66.0,,0.8,,,40.0,,,,1.4,79.5,,,,,,True,False,Comida / cena,0 | Fuente: base original de Alzum.,True
,Nötfärs mager 5% garat 500gr,Carnes y productos cárnicos,,100,gr,130.0,21.0,0.0,5.0,,,,,,,,,,,,,,,,,,,,,,,0.2,,,,,,,,False,False,Comida / cena,Fuente: base original de Alzum.,True
,Plátano verde asado,Carnes y productos cárnicos,,100,gr,279.8,1.5,68.0,0.2,,,,,,,,,,1.4,,,,,10.0,,0.8,,,80.0,,,,0.1,29.1,,,,,,True,False,Comida / cena,0 | Fuente: base original de Alzum.,True
,Prote evobeef HSN,Carnes y productos cárnicos,,100,gr,393.0,81.0,4.6,4.3,,,,,,,,,,,,,,,,,,,,,,,1.2,,,,1.4,,,,False,False,Comida / cena,Fuente: base original de Alzum.,True
,Relleno,Carnes y productos cárnicos,,100,gr,115.4,14.4,3.2,5.0,,,,,,,,,,3.4,,,,,63.0,,16.9,,,41.0,,,,1.3,75.5,,,,,,True,False,Comida / cena,0 | Fuente: base original de Alzum.,True
,Riñón de res,Carnes y productos cárnicos,,100,gr,87.66,15.1,0.3,2.9,,,,,,,,,,9.9,,,,,17.0,,6.8,,,132.0,,,,1.9,79.6,,,,,,True,False,Comida / cena,0 | Fuente: base original de Alzum.,True
,Rosbif,Carnes y productos cárnicos,,100,gr,170.0,20.0,0.0,10.0,,,,,,,,,,,,,,,,,,,,,,,,,,,,,,,False,False,Comida / cena,Fuente: base original de Alzum.,True
,Secreto ibérico,Carnes y productos cárnicos,,100,gr,225.0,22.0,0.0,14.5,,,,,,,,,,,,,,,,,,,,,,,,,,,,,,,False,False,Comida / cena,Fuente: base original de Alzum.,True
,Sesos de Carnero,Carnes y productos cárnicos,,100,gr,110.2,10.0,0.0,7.8,,,,,,,,,,11.4,,,,,7.0,,2.7,,,252.0,,,,1.2,79.1,,,,,,True,False,Comida / cena,0 | Fuente: base original de Alzum.,True
,Solomillo de ternera (res),Carnes y productos cárnicos,,100,gr,162.0,22.0,0.0,8.0,,,,,,,,,,,,,,,,,,,,,,,,,,,,,,,False,False,Comida / cena,Fuente: base original de Alzum.,True
,Ternera,Carnes y productos cárnicos,Hacendado,100,gr,161.0,22.0,0.6,8.0,,,,,,,,,,,,,,,,,,,,,,,,,,,,,,,False,False,Comida / cena,Fuente: base original de Alzum.,True
,Ternera magra,Carnes y productos cárnicos,,100,gr,110.74,20.2,0.0,3.3,,,70.0,260.0,9.1,1.4,560.0,14.0,1.2,,,260.0,,,17.0,100.0,750.0,25.0,29.0,211.0,324.0,8.8,91.0,2.5,74.9,80.0,1.0,1.1,0.3,,True,False,Comida / cena,0.0 | Fuente: base original de Alzum.,True
,"Caballo, delgado",Carnes y productos cárnicos,,100,gr,126.96,21.4,0.0,4.6,,,130.0,100.0,4.6,,380.0,,3.0,1.0,,,,,6.0,144.0,3.8,24.0,19.0,221.0,360.0,10.1,53.0,2.9,72.6,52.0,1.4,1.6,0.7,,True,False,Comida / cena,0.0 | Fuente: base original de Alzum.,True
,Carne de res magra,Carnes y productos cárnicos,,100,gr,135.51,21.6,0.0,5.5,,,66.0,108.0,6.7,638.0,604.0,13.0,1.1,,,300.0,1.2,90.1,24.0,73.0,1.6,23.0,13.0,202.0,340.0,26.4,55.0,3.9,72.1,33.0,2.1,2.0,0.2,,True,False,Comida / cena,0.0 | Fuente: base original de Alzum.,True
,Carrillada cerdo,Carnes y productos cárnicos,Hacendado,100,gr,127.0,20.2,0.0,6.2,,,,,,,,,,,,,,,,,,,,,,,,,,,,,,,False,False,Comida / cena,Fuente: base original de Alzum.,True
,Ciervos,Carnes y productos cárnicos,,100,gr,113.62,23.0,0.0,2.4,,,220.0,480.0,6.4,,370.0,4.0,6.3,,,200.0,1.1,,5.0,253.0,3.4,23.0,41.0,202.0,318.0,9.7,51.0,2.1,73.6,85.0,1.0,0.7,0.5,,True,False,Comida / cena,0.0 | Fuente: base original de Alzum.,True
,Arroz,Cereales y granos,Vanguardia,50,gr,176.0,4.0,40.0,0.0,0.7,,,,,,,,,,,,,,,,,,,,,,,,,,,,,,False,False,Comida / cena,0 | Fuente: base original de Alzum.,True
,Arroz Basmati,Cereales y granos,Hacendado,100,gr,355.0,9.0,78.0,0.6,1.0,,,,,,,,,,,,,,,,,,,,,,0.6,,,,0.2,,,,False,False,Comida / cena,Arroz Basmati (hacendado) | Fuente: base original de Alzum.,True
,Arroz blanco corriente,Cereales y granos,,100,gr,347.9,7.8,77.6,0.7,,,,,,,,,,0.9,,,,,6.0,,1.0,,,134.0,,,,1.5,13.4,,,,,,True,False,Comida / cena,0 | Fuente: base original de Alzum.,True
,Arroz redondo,Cereales y granos,,100,gr,342.0,6.8,74.0,1.2,,,,,,,,,,,,,,,,,,,,,,,,,,,,,,,False,False,Comida / cena,Fuente: base original de Alzum.,True
,Avena,Cereales y granos,Brüggen,100,gr,375.0,14.0,59.0,7.0,,,,,,,,,,,,,,,,,,,,,,,,,,,,,,,False,False,,Fuente: base original de Alzum.,True
,Avena en polvo,Cereales y granos,,100,gr,387.9,8.5,70.7,7.9,8.8,,692.0,125.0,1.5,201.0,125.0,32.0,,,,700.0,3.0,,55.0,437.0,4.0,144.0,4.0,452.0,371.0,34.0,30.0,3.2,2.8,,1.3,3.3,3.3,0.8,True,False,,65.0 | Fuente: base original de Alzum.,True
,Avena instantánea,Cereales y granos,,100,gr,93.52,2.5,18.2,1.2,1.9,,,,,,,,,,,,,,,,,,,,78.0,,122.0,,,,0.2,0.4,0.4,,False,False,,0 | Fuente: base original de Alzum.,True
,Avena sin gluten,Cereales y granos,,100,gr,349.0,10.7,55.7,7.1,9.7,,,,,,,,,,,,,,,,,,,,,,,,,,,,,,False,False,,Copos finos integrales | Fuente: base original de Alzum.,True
,Cebada,Cereales y granos,,100,gr,360.96,9.9,77.7,1.2,15.6,22.0,191.0,114.0,4.6,282.0,260.0,23.0,,,,20.0,2.2,37.8,29.0,420.0,2.5,79.0,1.3,221.0,280.0,37.7,9.0,2.1,10.1,,0.2,0.1,0.6,0.8,True,True,Comida / cena,30.0 | Fuente: base original de Alzum.,False
,Cereal All Bran Original (Kellogs),Cereales y granos,,100,gr,396.25,12.5,72.5,6.3,22.5,,,,,,,,,,,,,,,,,,,,,,,,,,,,,,False,False,Comida / cena,0 | Fuente: base original de Alzum.,True
,Cereales Integrales,Cereales y granos,Mercado Central,100,gr,391.64,7.2,83.0,3.4,5.3,,,,,,,,,,,,,,,,,,,,,,,,,,,,,,False,False,,0 | Fuente: base original de Alzum.,True
,Cereales frutos rojos,Cereales y granos,Hacendado,100,gr,383.0,8.2,81.0,1.6,,,,,,,,,,,,,,,,,,,,,,,,,,,,,,,False,False,,Fuente: base original de Alzum.,True
,Corn flakes,Cereales y granos,Hacendado,100,gr,378.0,6.3,84.0,1.1,,,,,,,1.2,,,,,,,,,,7.0,,,,,,,,,,,,,,False,False,Comida / cena,Fuente: base original de Alzum.,True
,Especial K de bayas rojas (cereal,Cereales y granos,Kellogg,100,gr,381.0,12.4,80.6,1.0,3.2,2.4,1.7,2.0,22.6,475.0,2.3,452.0,6.8,67.7,,15.3,0.6,21.8,60.0,170.0,26.2,39.0,1.4,162.0,242.0,13.0,710.0,1.6,3.0,,0.2,0.2,0.6,32.2,True,False,Comida / cena,71.0 | Fuente: base original de Alzum.,True
,Granola,Cereales y granos,,100,gr,422.0,10.0,74.0,11.0,,,,,,,,,,,,,,,,,,,,,,,,,,,,,,,False,False,Comida / cena,Fuente: base original de Alzum.,True
,Havrekuddar protein naturell febraco fullkorn 69% 400gr,Cereales y granos,,100,gr,380.0,21.0,56.0,5.6,6.5,,,,,,,,,,,,,,,,,,,,,,0.8,,,,,,,,False,False,Comida / cena,Fuente: base original de Alzum.,True
,Hojuelas de Quinua,Cereales y granos,,100,gr,381.7,8.5,78.6,3.7,,,,,,,,,,,,,,,114.0,,4.7,,,60.0,,,,,7.0,,,,,,True,False,Comida / cena,0 | Fuente: base original de Alzum.,True
,Maíz,Cereales y granos,,100,gr,377.38,9.4,74.3,4.7,7.3,214.0,385.0,201.0,3.6,424.0,622.0,19.0,,,,490.0,0.3,,7.0,314.0,2.7,127.0,485.0,210.0,287.0,15.5,35.0,2.2,10.4,,0.7,1.3,2.2,0.6,True,False,Comida / cena,60.0 | Fuente: base original de Alzum.,True
,Maíz dulce,Cereales y granos,,100,gr,69.0,2.3,8.6,2.1,3.4,,,,,,,,,,,,,,,,,,,,,,0.4,,,,0.4,,,,False,False,Comida / cena,Fuente: base original de Alzum.,True
,Palomitas de maíz,Cereales y granos,,100,gr,601.35,7.3,45.1,43.6,8.1,154.0,134.0,57.0,1.2,230.0,109.0,25.0,,300.0,,2.4,4.1,12.6,4.0,162.0,2.0,79.0,629.0,199.0,182.0,2.2,1.1,3.1,1.2,,6.8,9.8,23.2,0.5,True,False,Comida / cena,60.0 | Fuente: base original de Alzum.,True
,Quick oats ( golden vale ),Cereales y granos,,100,gr,397.0,12.8,56.5,10.6,11.3,,,,,,,,,,,,,,,,,,,,,,,,,,,,,,False,False,Comida / cena,Fuente: base original de Alzum.,True
,Quinoa blanca y roja,Cereales y granos,Hacendado,100,gr,125.0,4.5,19.6,2.2,4.1,,,,,,,,,,,,,,,,,,,,,,0.3,,,,0.3,,,0.7,False,False,Comida / cena,Fuente: base original de Alzum.,True
,Quinoa tricolor,Cereales y granos,,100,gr,353.0,14.0,57.0,6.1,7.0,,,,,,,,,,,,,,,,,0.2,,0.5,0.6,,,,,,,,,,True,False,Comida / cena,Fuente: base original de Alzum.,True
,Quinua,Cereales y granos,,100,gr,373.0,13.6,66.6,5.8,,,,,,,,,,0.5,,,,,56.0,,7.5,,,242.0,,,,3.3,11.5,,,,,,True,False,Comida / cena,0 | Fuente: base original de Alzum.,True
,Quinua cocida,Cereales y granos,,100,gr,88.1,2.8,16.3,1.3,,,,,,,,,,,,,,,27.0,,1.6,,,61.0,,,,,79.0,,,,,,True,False,Comida / cena,0 | Fuente: base original de Alzum.,True
,Rolled oats ( golden vale),Cereales y granos,,100,gr,397.0,11.7,58.6,10.3,10.1,,,,,,,,,,,,,,,,,,,,,,,,,,,,,,False,False,Comida / cena,Fuente: base original de Alzum.,True
,Special K de (cereales,Cereales y granos,Kellogg,100,gr,387.95,22.5,71.0,1.6,2.4,2.5,1.7,1.9,23.0,,6.4,1.3,19.5,67.7,,15.3,0.5,31.0,30.0,200.0,27.0,62.0,2.8,219.0,196.0,54.9,721.0,2.9,3.0,,0.4,0.4,0.8,12.9,True,False,,70.0 | Fuente: base original de Alzum.,True
,Sémola de Quinua,Cereales y granos,,100,gr,389.5,19.5,53.8,10.7,,,,,,,,,,,,,,,76.0,,3.6,,,,,,,3.3,12.6,,,,,,True,False,Comida / cena,0 | Fuente: base original de Alzum.,True
,Tortas de arroz,Cereales y granos,,100,gr,384.0,8.2,81.5,2.8,4.2,,61.0,165.0,7.8,1.0,150.0,21.0,,,,1.2,1.9,32.1,11.0,445.0,1.5,131.0,3.7,360.0,290.0,24.6,326.0,3.0,5.8,,0.6,1.0,1.0,0.9,True,False,Comida / cena,82.0 | Fuente: base original de Alzum.,True
,Tortas de arroz integral,Cereales y granos,Biocentury,100,gr,387.0,8.0,81.3,4.0,,,,,,,,,,,,,,,,,,,,,,,,,,,,,,,False,False,Comida / cena,Fuente: base original de Alzum.,True
,Tortilla Trigo,Cereales y granos,Hacendado,100,gr,294.0,8.0,53.0,5.3,,,,,,,,,,,,,,,,,,,,,,,,,,,,,,,False,False,Comida / cena,Fuente: base original de Alzum.,True
,Tortitas Maíz,Cereales y granos,Hacendado,100,gr,368.0,7.5,80.0,1.8,,,,,,,,,,,,,,,,,,,,,,,,,,,,,,,False,False,Comida / cena,Fuente: base original de Alzum.,True
,Totopos,Cereales y granos,,100,gr,503.64,7.8,65.6,23.4,5.3,3.0,15.0,100.0,1.3,1.2,213.0,20.0,0.4,,,4.3,20.9,19.4,174.0,523.0,2.3,146.0,,200.0,215.0,6.7,421.0,2.5,1.9,,2.8,6.8,11.2,1.0,True,False,Comida / cena,64.0 | Fuente: base original de Alzum.,True
,Weetabix,Cereales y granos,,100,gr,362.0,12.0,69.0,2.0,,,,,,,,,,,,,,,,,,,,,,,,,,,,,,,False,False,Comida / cena,Fuente: base original de Alzum.,True
,Alforfón,Cereales y granos,,100,gr,369.6,13.3,71.5,3.4,10.0,,101.0,425.0,7.0,1.2,210.0,30.0,,,,,,,18.0,1.1,2.2,231.0,1.3,347.0,460.0,8.3,1.0,2.4,9.8,,0.7,1.0,1.0,,True,False,Comida / cena,53.0 | Fuente: base original de Alzum.,True
,Almidón de maíz ceroso,Cereales y granos,,100,gr,352.0,0.0,88.0,0.0,,,,,,,,,,,,,,,,,,,,,,,,,,,,,,,False,False,Comida / cena,80.0 | Fuente: base original de Alzum.,True
,Amaranto,Cereales y granos,,100,gr,371.0,14.0,65.0,7.0,9.3,,,,,,,,,,,,,,,,,,,,366.0,,21.0,,,,,,,,False,False,Comida / cena,Fuente: base original de Alzum.,True
,Centeno,Cereales y granos,,100,gr,359.47,10.3,75.9,1.6,15.1,11.0,316.0,251.0,4.3,1.5,294.0,38.0,,,,850.0,5.9,30.4,24.0,367.0,2.6,110.0,2.6,332.0,510.0,13.9,2.0,2.7,10.6,,0.2,0.2,0.8,1.0,True,False,Comida / cena,34.0 | Fuente: base original de Alzum.,True
,Kiwicha o achis,Cereales y granos,,100,gr,387.0,12.8,69.1,6.6,,,,,,,,,,1.3,,,,,236.0,,7.3,,,453.0,,,,2.7,9.2,,,,,,True,False,Comida / cena,0 | Fuente: base original de Alzum.,True
,Maltodextrina,"Azúcares, siropes y edulcorantes",,100,gr,400.0,0.0,100.0,0.0,,,,,,,,,,,,,,,,,,,,,,,,,,,,,,,False,False,Comida / cena,95.0 | Fuente: base original de Alzum.,True
,Tortas de palomitas de maíz,Cereales y granos,,100,gr,387.1,9.7,80.1,3.1,2.9,72.0,75.0,178.0,6.0,434.0,181.0,18.0,,,,290.0,1.1,22.4,9.0,569.0,1.9,159.0,985.0,277.0,327.0,9.9,288.0,4.0,5.0,,0.5,0.9,1.4,0.7,True,False,Comida / cena,65.0 | Fuente: base original de Alzum.,True
,Vitargo,Cereales y granos,,100,gr,368.0,0.0,92.0,0.0,,,,,,,,,,,,,,,,,,,,,,,,,,,,,,,False,False,Comida / cena,110.0 | Fuente: base original de Alzum.,True
,Bacon,Embutidos y charcutería,La Selva,100,gr,349.0,14.9,1.0,31.7,,,,,,,,,,,,,,,,,,,,,,,,,,,,,,,False,False,"Desayuno, Comida / cena",Fuente: base original de Alzum.,True
,Cecina,Embutidos y charcutería,,100,gr,152.9,31.1,2.8,1.9,,,65.0,163.0,5.2,566.0,386.0,10.0,1.6,,1.0,380.0,1.3,,8.0,74.0,2.4,19.0,17.0,181.0,235.0,32.4,2.8,4.9,53.8,79.0,1.0,0.8,0.1,2.7,True,False,"Desayuno, Comida / cena",0.0 | Fuente: base original de Alzum.,True
,Chicharrón de prensa,Embutidos y charcutería,,100,gr,430.4,23.9,0.0,37.2,,,,,,,,,,1.4,,,,,60.0,,2.2,,,119.0,,,,,29.9,,,,,,True,False,"Desayuno, Comida / cena",0 | Fuente: base original de Alzum.,True
,Hamburguesa chorizo,Embutidos y charcutería,Meatprotein,100,gr,122.0,22.3,2.1,2.7,,,,,,,,,,,,,,,,,,,,,,,0.2,,,,0.8,,,,False,False,"Desayuno, Comida / cena",Fuente: base original de Alzum.,True
,Hot Dog,Embutidos y charcutería,,100,gr,361.1,11.0,2.1,34.3,,,,,,,,,,,,,,,76.0,,1.3,,,202.0,,,,2.0,49.4,,,,,,True,False,"Desayuno, Comida / cena",0 | Fuente: base original de Alzum.,True
,Jamonada,Embutidos y charcutería,,100,gr,339.5,15.7,2.8,29.5,,,,,,,,,,,,,,,85.0,,1.5,,,211.0,,,,1.9,49.3,,,,,,True,False,,0 | Fuente: base original de Alzum.,True
,Jamón Cocido Natural,Embutidos y charcutería,Hacendado,100,gr,102.0,19.0,0.9,2.5,,,,,,,,,,,,,,,,,,,,,,,1.9,,,,,,,,False,False,,Jamón 90% | Fuente: base original de Alzum.,True
,Jamón Jamcal,Embutidos y charcutería,Serrano,100,gr,272.0,29.8,1.0,12.8,,,,,,,,,,,,,,,,,,,,,,,,,,,6.4,,,,False,False,,Mercadona | Fuente: base original de Alzum.,True
,Jamón del país,Embutidos y charcutería,,100,gr,336.4,24.7,0.0,26.4,,,,,,,,,,,,,,,48.0,,2.1,,,177.0,,,,1.9,47.9,,,,,,True,False,,0 | Fuente: base original de Alzum.,True
,Jamón tacos (Incarlopsa),Embutidos y charcutería,,100,gr,234.0,33.7,1.0,10.6,,,,,,,,,,,,,,,,,,,,,,,3.6,,,,,,,,False,False,,Fuente: base original de Alzum.,True
,Lomo Back bacon,Embutidos y charcutería,,100,gr,139.0,18.0,2.0,7.0,,,,,,,,,,,,,,,,,,,,,,,,,,,,,,,False,False,"Desayuno, Comida / cena",Fuente: base original de Alzum.,True
,Lomo Embuchado,Embutidos y charcutería,Hacendado,100,gr,199.0,38.0,0.5,5.0,,,,,,,,,,,,,,,,,,,,,,,3.0,,,,,,,,False,False,"Desayuno, Comida / cena",Fuente: base original de Alzum.,True
,Paté,Embutidos y charcutería,,100,gr,496.2,10.9,1.1,49.8,,,,,,,,,,,,,,,57.0,,7.1,,,289.0,,,,0.9,35.0,,,,,,True,False,"Desayuno, Comida / cena",0 | Fuente: base original de Alzum.,True
,Paté de foie gras,Embutidos y charcutería,,100,gr,458.84,11.4,4.7,43.8,,3.3,88.0,299.0,2.5,1.2,60.0,60.0,9.4,2.0,,,,,70.0,400.0,5.5,13.0,120.0,200.0,138.0,44.0,697.0,920.0,37.0,150.0,14.5,25.6,0.8,,True,False,"Desayuno, Comida / cena",0.0 | Fuente: base original de Alzum.,True
,Salchicha blanca chica,Embutidos y charcutería,,100,gr,444.8,12.0,2.0,43.2,,,,,,,,,,2.3,,,,,22.0,,3.2,,,114.0,,,,1.8,40.1,,,,,,True,False,"Desayuno, Comida / cena",0 | Fuente: base original de Alzum.,True
,Salchicha blanca grande,Embutidos y charcutería,,100,gr,359.1,13.6,3.5,32.3,,,,,,,,,,2.5,,,,,76.0,,1.2,,,142.0,,,,1.8,47.9,,,,,,True,False,"Desayuno, Comida / cena",0 | Fuente: base original de Alzum.,True
,"Jamón (cerdo), en rodajas",Embutidos y charcutería,,100,gr,116.2,21.0,1.0,3.2,,44.0,514.0,218.0,7.4,841.0,506.0,1.0,0.4,,37.0,220.0,,82.3,6.0,271.0,940.0,22.0,26.0,322.0,364.0,37.0,1.2,2.1,71.1,57.0,1.0,1.3,0.4,1.1,True,False,,0.0 | Fuente: base original de Alzum.,True
,Jamón de pavo en rodajas,Embutidos y charcutería,,100,gr,124.32,19.6,2.9,3.8,,,50.0,250.0,3.5,,230.0,6.0,0.3,,2.0,390.0,,59.1,5.0,110.0,1.4,20.0,,304.0,299.0,37.0,1.0,2.4,72.0,67.0,1.1,0.9,1.1,,True,False,,0.0 | Fuente: base original de Alzum.,True
,Paté de hígado,Embutidos y charcutería,,100,gr,314.8,14.2,1.5,28.0,,3.3,30.0,600.0,3.3,1.2,60.0,60.0,3.2,2.0,,,,,70.0,400.0,5.5,13.0,120.0,200.0,138.0,41.6,697.0,2.9,53.9,255.0,9.6,12.4,3.2,,True,False,"Desayuno, Comida / cena",0.0 | Fuente: base original de Alzum.,True
,Salchichas de hígado,Embutidos y charcutería,,100,gr,321.7,14.1,2.2,28.5,,27.7,272.0,1.0,4.3,3.0,190.0,30.0,13.5,,,,,,26.0,240.0,6.4,12.0,155.0,230.0,170.0,58.0,860.0,2.3,52.1,158.0,10.6,13.3,2.6,,True,False,"Desayuno, Comida / cena",0.0 | Fuente: base original de Alzum.,True
,Ají amarillo molido fresco sin sal,Especias y hierbas,,100,gr,59.7,1.9,9.2,1.7,,,,,,,,,,16.2,,,,,97.0,,3.5,,,47.0,,,,,60.2,,,,,,True,False,,0 | Fuente: base original de Alzum.,False
,Ají colorado molido,Especias y hierbas,,100,gr,49.4,2.1,8.0,1.0,,,,,,,,,,19.2,,,,,130.0,,5.0,,,54.0,,,,0.3,72.6,,,,,,True,False,,0 | Fuente: base original de Alzum.,False
,Ají de mesa,Especias y hierbas,,100,gr,46.8,1.8,7.2,1.2,,,,,,,,,,104.4,,,,,77.0,,1.3,,,23.0,,,,,89.1,,,,,,True,False,,0 | Fuente: base original de Alzum.,False
,Albahaca sin tallo,Especias y hierbas,,100,gr,51.6,2.9,7.3,1.2,,,,,,,,,,20.0,,,,,325.0,,5.3,,,38.0,,,,0.9,86.7,,,,,,True,False,,0 | Fuente: base original de Alzum.,False
,Canela en polvo,Especias y hierbas,,100,gr,247.0,4.0,80.6,1.2,,,,,,,,,,,,,,,,,,,,,,,,,,,,,,,False,False,,Fuente: base original de Alzum.,False
,Chile en polvo,Especias y hierbas,,100,gr,282.0,13.0,50.0,14.0,,,,,,,,,,,,,,,,,,,,,,,,,,,,,,,False,False,,Fuente: base original de Alzum.,False
,Clavo de olor,Especias y hierbas,,1,ud,0.0,0.0,0.0,0.0,,,,,,,,,,,,,,,,,,,,,,,,,,,,,,,False,False,,Fuente: base original de Alzum.,False
,Culantro,Especias y hierbas,,100,gr,52.9,3.3,7.0,1.3,,,,,,,,,,37.2,,,,,259.0,,5.3,,,63.0,,,,0.5,85.6,,,,,,True,False,,0 | Fuente: base original de Alzum.,False
,Cúrcuma en polvo,Especias y hierbas,,100,gr,0.0,0.0,0.0,0.0,,,,,,,,,,,,,,,,,,,,,,,,,,,,,,,False,False,,Fuente: base original de Alzum.,False
,Hierbabuena,Especias y hierbas,,100,gr,49.4,3.1,7.0,1.0,,,,,,,,,,2.0,,,,,206.0,,9.1,,,70.0,,,,1.1,86.7,,,,,,True,False,,0 | Fuente: base original de Alzum.,False
,Mantequilla con sal,Aceites y grasas,,100,gr,733.63,0.9,0.1,81.1,,,,,,,,,,,,,,,24.0,,,,,24.0,,,,0.1,15.9,,,,,,True,False,,0 | Fuente: base original de Alzum.,False
,Pimienta,Especias y hierbas,,100,gr,0.0,0.0,0.0,0.0,,,,,,,,,,,,,,,,,,,,,,,,,,,,,,,False,False,,Fuente: base original de Alzum.,False
,Tomillo,Especias y hierbas,,100,gr,276.0,9.1,63.9,7.4,,,,,,,,,,,,,,,,,,,,,,,,,,,,,,,False,False,,Fuente: base original de Alzum.,False
,Una pizca de comino,Especias y hierbas,,100,gr,1.0,1.0,1.0,1.0,,,,,,,,,,,,,,,,,,,,,,,,,,,,,,,False,False,,Fuente: base original de Alzum.,False
,Hoja de menta,Especias y hierbas,,100,gr,44.0,3.3,8.4,0.7,,,,,,,,,,,,,,,,,,,,,,,,,,,,,,,False,False,,Fuente: base original de Alzum.,False
,Aceitunas,Frutas,,100,gr,124.52,0.8,6.3,10.7,3.2,403.0,3.0,,37.0,15.0,9.0,,,900.0,,1.7,1.4,10.3,88.0,251.0,3.3,4.0,20.0,3.0,8.0,0.9,872.0,220.0,80.0,,1.4,7.9,0.9,,True,False,"Media mañana / merienda, Comida / cena",15.0 | Fuente: base original de Alzum.,True
,Aceitunas negras,Frutas,,100,gr,331.6,2.2,30.3,22.4,,,,,,,,,,,,,,,,,,,,,,,,,,,,,,,False,False,"Media mañana / merienda, Comida / cena",0 | Fuente: base original de Alzum.,True
,Aceitunas negras,Frutas,Aldi,100,gr,134.0,0.5,0.0,14.0,,,,,,,,,,,,,,,,,,,,,,,,,,,,,,,False,False,"Media mañana / merienda, Comida / cena",Fuente: base original de Alzum.,True
,Aguaje,Frutas,,100,gr,307.5,2.3,18.1,25.1,,,,,,,,,,,,,,,74.0,,0.7,,,27.0,,,,,53.6,,,,,,True,False,,0 | Fuente: base original de Alzum.,False
,Albaricoques secos,Frutas,,100,gr,268.71,3.4,62.6,0.5,7.3,3.6,15.0,74.0,2.6,516.0,143.0,10.0,,1.0,,4.3,3.1,13.9,55.0,343.0,2.7,32.0,235.0,71.0,1.2,2.2,10.0,390.0,30.9,,,0.1,0.1,53.4,True,False,,31.0 | Fuente: base original de Alzum.,True
,Banano,Frutas,,100,gr,100.0,1.0,22.0,0.5,,,,,,,,,,,,,,,,,,,,,,,,,,,,,,,False,False,,Fuente: base original de Alzum.,True
,Camu-camu P.C.,Frutas,,100,gr,26.5,0.5,5.9,0.1,,,,,,,,,,2780.0,,,,,28.0,,0.5,,,15.0,,,,,93.3,,,,,,True,False,,0 | Fuente: base original de Alzum.,True
,Cerezas,Frutas,,100,gr,70.08,1.1,16.0,0.2,2.1,64.0,27.0,33.0,154.0,199.0,49.0,4.0,,7.0,,70.0,2.1,6.1,13.0,60.0,360.0,11.0,70.0,21.0,222.0,,,70.0,82.3,,,,0.1,12.8,True,False,,63.0 | Fuente: base original de Alzum.,True
,Coco,Frutas,,100,gr,375.65,3.3,15.2,33.5,9.0,,66.0,20.0,540.0,300.0,54.0,26.0,,3.3,,240.0,0.2,12.1,14.0,435.0,2.4,32.0,1.5,113.0,356.0,10.1,20.0,1.1,47.0,,29.7,1.4,0.4,6.2,True,True,,45.0 | Fuente: base original de Alzum.,False
,Cocona,Frutas,,100,gr,46.7,0.9,9.2,0.7,,,,,,,,,,4.5,,,,,16.0,,1.5,,,30.0,,,,,88.5,,,,,,True,False,,0 | Fuente: base original de Alzum.,True
,Duraznos,Frutas,,100,gr,44.05,0.9,9.5,0.3,1.5,326.0,24.0,31.0,806.0,153.0,25.0,4.0,,6.6,,730.0,2.6,6.1,6.0,68.0,250.0,9.0,61.0,20.0,190.0,0.1,,170.0,88.9,,,0.1,0.1,8.4,True,False,,42.0 | Fuente: base original de Alzum.,True
,Frutos rojos,Frutas,Hacendado,100,gr,49.0,1.0,7.4,0.0,,,,,,,,,,,,,,,,,,,,,,,,,,,,,,,False,False,,Fuente: base original de Alzum.,True
,Guanábana,Frutas,,100,gr,62.6,0.9,14.3,0.2,,,,,,,,,,19.0,,,,,38.0,,0.7,,,43.0,,,,0.1,84.0,,,,,,True,False,,0 | Fuente: base original de Alzum.,True
,Harina de Lúcuma,Cereales y granos,,100,gr,365.6,4.0,82.0,2.4,,,,,,,,,,11.6,,,,,92.0,,4.6,,,186.0,,,,,9.3,,,,,,True,False,,0 | Fuente: base original de Alzum.,True
,Harina de coco,Frutos secos y semillas,,100,gr,385.0,19.0,18.1,17.9,37.8,,,,,,,,,,,,,,,,,,,,,,0.1,,,,16.9,,,,False,False,,Fuente: base original de Alzum.,True
,Higo negro,Frutas,,100,gr,84.1,0.9,19.9,0.1,,,,,,,,,,2.9,,,,,58.0,,0.8,,,43.0,,,,0.2,78.0,,,,,,True,False,,0 | Fuente: base original de Alzum.,True
,Jalapeños,Frutas,,100,gr,29.0,0.9,6.5,0.4,,,,,,,,,,,,,,,,,,,,,,,,,,,,,,,False,False,,Fuente: base original de Alzum.,True
,Lúcuma,Frutas,,100,gr,110.5,1.5,25.0,0.5,,,,,,,,,,2.2,,,,,16.0,,0.4,,,26.0,,,,,72.3,,,,,,True,False,,0 | Fuente: base original de Alzum.,True
,Mandarina pequeña,Frutas,,1,ud,37.0,0.5,9.3,0.2,,,,,,,,,,,,,,,,,,,,,,,,,,,,,,,False,False,,Fuente: base original de Alzum.,True
,Melocotones secos,Frutas,,100,gr,266.6,3.6,61.3,0.8,8.2,2.2,2.0,212.0,4.4,564.0,67.0,,,4.8,,190.0,15.7,12.7,28.0,364.0,4.1,42.0,305.0,119.0,996.0,0.5,7.0,570.0,31.8,,0.1,0.3,0.4,41.7,True,False,,35.0 | Fuente: base original de Alzum.,True
,Melón enano,Frutas,,100,gr,21.8,0.6,4.4,0.2,,,,,,,,,,15.3,,,,,23.0,,0.4,,,3.0,,,,,94.3,,,,,,True,False,,0 | Fuente: base original de Alzum.,True
,Mermelada de durazno,"Azúcares, siropes y edulcorantes",,100,gr,206.1,0.6,50.7,0.1,,,,,,,,,,,,,,,8.0,,1.4,,,13.0,,,,,48.2,,,,,,True,False,,0 | Fuente: base original de Alzum.,True
,Mermelada de fresa 0%,"Azúcares, siropes y edulcorantes",Hacendado,100,gr,38.0,0.6,10.4,0.0,,,,,,,,,,,,,,,,,,,,,,,,,,,,,,,False,False,,Fuente: base original de Alzum.,True
,Mermelada de melocotón 0%,"Azúcares, siropes y edulcorantes",Hacendado,100,gr,38.0,0.6,9.5,0.0,1.6,,,,,,,,,,,,,,,,,,,,,,,,,,,,,,False,False,,Fuente: base original de Alzum.,True
,Naranja de Huando,Frutas,,100,gr,50.2,1.2,10.9,0.2,,,,,,,,,,43.9,,,,,30.0,,0.1,,,17.0,,,,0.1,87.3,,,,,,True,False,,0 | Fuente: base original de Alzum.,True
,Pacae ó Guaba,Frutas,,100,gr,62.5,0.6,14.8,0.1,,,,,,,,,,1.4,,,,,14.0,,0.4,,,30.0,,,,,84.1,,,,,,True,False,,0 | Fuente: base original de Alzum.,True
,Palta,Frutas,,100,gr,141.7,1.7,5.6,12.5,,,,,,,,,,6.8,,,,,30.0,,0.6,,,67.0,,,,0.6,79.2,,,,,,True,False,,0 | Fuente: base original de Alzum.,True
,Pasas sin pepas,Frutas,,100,gr,268.4,2.4,63.8,0.4,,,,,,,,,,2.3,,,,,64.0,,3.7,,,91.0,,,,0.2,31.6,,,,,,True,False,,0 | Fuente: base original de Alzum.,True
,Piña enlatada,Frutas,,100,gr,65.27,0.5,15.6,0.1,1.3,50.0,102.0,21.0,284.0,,75.0,5.0,,9.4,,20.0,0.7,5.5,16.0,107.0,280.0,15.0,,7.0,124.0,0.4,1.0,100.0,83.5,,,,,14.3,True,False,,49.0 | Fuente: base original de Alzum.,True
,Plátano maduro,Frutas,,100,gr,125.0,1.2,29.6,0.2,,,,,,,,,,5.6,,,,,,,0.4,,,37.0,,,,0.2,68.1,,,,,,True,False,,0 | Fuente: base original de Alzum.,True
,Plátano verde,Frutas,,100,gr,169.4,1.0,40.9,0.2,,,,,,,,,,10.4,,,,,8.0,,0.5,,,43.0,,,,0.1,57.0,,,,,,True,False,,0 | Fuente: base original de Alzum.,True
,Plátano verde sancochado,Frutas,,100,gr,152.7,0.7,36.8,0.3,,,,,,,,,,3.4,,,,,10.0,,0.7,,,35.0,,,,0.1,61.6,,,,,,True,False,,0 | Fuente: base original de Alzum.,True
,Pulpa de Acai,Frutas,,100,gr,78.0,3.9,4.0,5.9,,,,,,,,,,,,,,,,,,,,,,,,,,,,,,,False,False,,Fuente: base original de Alzum.,True
,Toronja,Frutas,,100,gr,41.2,0.6,8.8,0.4,,,,,,,,,,50.6,,,,,34.0,,2.0,,,16.0,,,,0.1,89.8,,,,,,True,False,,0 | Fuente: base original de Alzum.,True
,Tuna,Frutas,,100,gr,64.8,0.8,15.4,0.0,,,,,,,,,,19.5,,,,,16.0,,0.3,,,26.0,,,,0.1,82.3,,,,,,True,False,,0 | Fuente: base original de Alzum.,True
,Uvas,Frutas,,100,gr,76.72,0.7,18.1,0.2,0.9,66.0,69.0,70.0,188.0,50.0,86.0,2.0,,10.8,,190.0,14.6,5.6,10.0,127.0,360.0,7.0,71.0,20.0,191.0,0.1,2.0,70.0,80.5,,0.1,,,15.5,True,False,,46.0 | Fuente: base original de Alzum.,True
,Uvas pasas,Frutas,,100,gr,300.0,0.0,80.0,0.0,,,,,,,,,,,,,,,,,,,,,,,,,,,,,,,False,False,,Fuente: base original de Alzum.,True
,Yogur fresa,Lácteos,Vitalinea,100,gr,52.0,4.0,7.3,0.4,,,,,,,,,,,,,,,,,,,,,,,,,,,,,,,False,False,,Fuente: base original de Alzum.,True
,Zapote,Frutas,,100,gr,81.5,0.9,18.8,0.3,,,,,,,,,,8.9,,,,,22.0,,1.8,,,17.0,,,,,79.7,,,,,,True,False,,0 | Fuente: base original de Alzum.,True
,Ciruelas secas,Frutas,,100,gr,267.66,2.2,63.9,0.4,7.1,781.0,51.0,186.0,1.9,422.0,205.0,4.0,,600.0,,430.0,59.5,10.1,43.0,281.0,930.0,41.0,299.0,69.0,732.0,0.3,2.0,440.0,30.9,,0.1,0.1,0.1,38.1,True,False,,40.0 | Fuente: base original de Alzum.,True
,Harina de Plátano,Cereales y granos,,100,gr,334.4,3.1,79.6,0.4,,,,,,,,,,1.3,,,,,29.0,,3.9,,,104.0,,,,0.6,14.9,,,,,,True,False,,0 | Fuente: base original de Alzum.,True
,Lichis secos,Frutas,,100,gr,308.8,3.8,70.7,1.2,4.6,,10.0,570.0,3.1,,90.0,12.0,,183.0,,310.0,1.6,12.7,33.0,631.0,1.7,42.0,234.0,181.0,1.1,1.3,3.0,280.0,22.3,,0.3,0.3,0.4,66.1,True,False,,60.0 | Fuente: base original de Alzum.,True
,Manzanas jugo,Frutas,,100,gr,46.77,0.1,11.3,0.1,0.2,1.0,21.0,17.0,73.0,49.0,18.0,,,900.0,,10.0,,1.8,8.0,12.0,120.0,5.0,74.0,7.0,101.0,0.1,4.0,20.0,88.2,,,,,9.6,True,False,,42.0 | Fuente: base original de Alzum.,True
,Almendra natural,Frutos secos y semillas,,100,gr,602.0,25.3,5.4,50.9,,,,,,,,,,,,,,,,,,,,,,,,,,,,,,,False,False,,Fuente: base original de Alzum.,True
,Almendras,Frutos secos y semillas,,100,gr,616.34,21.2,21.7,49.4,12.2,1.0,211.0,1.0,3.4,469.0,143.0,50.0,,,,26.2,,52.1,264.0,996.0,3.7,268.0,2.3,484.0,705.0,2.5,1.0,3.1,4.7,,3.7,30.9,12.1,3.9,True,True,,15.0 | Fuente: base original de Alzum.,False
,Almond Butter,Frutos secos y semillas,Mayver's,100,gr,596.0,22.0,7.5,52.6,11.8,,,,,,,,,,,,,,,,,,,,,,,,,,,,,,False,False,,Fuente: base original de Alzum.,True
,Anacardos,Frutos secos y semillas,,100,gr,588.29,18.2,30.2,43.9,3.3,,423.0,58.0,1.1,864.0,417.0,25.0,,500.0,,900.0,34.1,,37.0,2.2,6.7,292.0,1.7,593.0,660.0,19.9,12.0,5.8,5.2,,7.8,23.8,7.8,5.9,True,False,,25.0 | Fuente: base original de Alzum.,True
,Avellanas,Frutos secos y semillas,,100,gr,673.35,15.0,16.7,60.8,9.7,20.0,643.0,113.0,1.8,918.0,563.0,113.0,,6.3,,15.0,14.2,45.6,114.0,1.7,4.7,163.0,6.2,290.0,680.0,2.4,,2.5,5.3,,4.5,45.7,7.9,4.3,True,True,,15.0 | Fuente: base original de Alzum.,False
,Castaña peruana (Nuez de Brasil),Frutos secos y semillas,,100,gr,708.7,14.3,14.6,65.9,,,,,,,,,,2.7,,,,,170.0,,2.1,,,850.0,,,,4.1,1.2,,,,,,True,False,,0 | Fuente: base original de Alzum.,True
,Coco deshidratado,Frutos secos y semillas,,100,gr,754.0,9.0,23.0,66.0,16.0,,,,,,,,,,,,,,,,,,,,,,0.1,,,,57.0,,,,False,False,,Fuente: base original de Alzum.,True
,Crema de almendras,Frutos secos y semillas,,100,gr,614.0,21.0,18.8,55.5,,,,,,,,,,,,,,,,,,,,,,,,,,,,,,,False,False,,Fuente: base original de Alzum.,True
,Crema de cacahuete crunchy,Frutos secos y semillas,Hacendado,100,gr,618.0,30.0,7.0,50.0,9.9,,,,,,,,,,,,,,,,,,,,,,,,,,,,,,False,False,,Fuente: base original de Alzum.,True
,Flax - linaza,Frutos secos y semillas,Red Tractor,100,gr,533.0,18.3,1.6,42.2,13.7,,,,,,,,,,,,,,,,,,,,,,,,,,,,,,False,False,,Fuente: base original de Alzum.,True
,Frutos secos MIX,Frutos secos y semillas,,100,gr,515.0,16.0,36.0,31.0,,,,,,,,,,,,,,,,,,,,,,,,,,,,,,,False,False,,Fuente: base original de Alzum.,True
,Harina de almendras,Frutos secos y semillas,,100,gr,630.0,21.0,6.9,56.0,7.4,,,,,,,,,,,,,,,,,,,,,,,,,,4.2,,,,False,False,,Fuente: base original de Alzum.,True
,Harina de avellanas,Frutos secos y semillas,,100,gr,628.0,15.0,16.7,60.8,9.7,,,,,,,,,,,,,,,,,,,,,,,,,,4.4,45.0,7.9,,False,False,,Fuente: base original de Alzum.,True
,Leche de Almendras zero,Alternativas vegetales,Hacendado,100,gr,16.0,0.5,0.0,1.5,,,,,,,,,,,,,,,,,,,,,,,,,,,0.3,,,,False,False,,Fuente: base original de Alzum.,True
,Leche de almendras,Alternativas vegetales,,100,gr,17.0,0.6,0.6,1.5,,,,,,,,,,,,,,,,,,,,,,,,,,,,,,,False,False,,Fuente: base original de Alzum.,True
,Maní tostado,Frutos secos y semillas,,100,gr,627.7,23.7,21.5,49.7,8.0,,438.0,98.0,13.5,1.4,256.0,145.0,,,,6.9,,55.3,54.0,671.0,2.3,176.0,2.1,358.0,658.0,7.5,6.0,3.3,1.6,,6.9,24.6,15.7,4.2,True,True,,18.0 | Fuente: base original de Alzum.,False
,Mermelada de avellanas y cacao,"Azúcares, siropes y edulcorantes",Nutella,20,gr,105.5,1.2,11.0,6.3,,,,,,,,,,,,,,,,,,,,,,,,,,,,,,,False,False,,0 | Fuente: base original de Alzum.,True
,Muesli frutas secas y nueces,Frutos secos y semillas,,100,gr,394.1,9.7,77.8,4.9,7.3,546.0,910.0,1.0,12.2,4.6,1.2,243.0,3.7,,,7.2,2.9,22.6,,390.0,8.8,78.0,2.2,243.0,486.0,17.3,231.0,3.7,5.8,,0.8,2.4,1.3,31.0,True,False,,60.0 | Fuente: base original de Alzum.,True
,Nueces,Frutos secos y semillas,,100,gr,702.65,15.2,13.7,65.2,6.7,20.0,341.0,150.0,1.1,570.0,537.0,98.0,,1.3,,700.0,2.7,39.2,98.0,1.6,2.9,158.0,3.4,346.0,441.0,4.9,2.0,3.1,4.1,,6.1,8.9,47.2,2.6,True,True,,15.0 | Fuente: base original de Alzum.,False
,Nueces pacanas,Frutos secos y semillas,,100,gr,739.85,9.2,13.9,72.0,9.6,56.0,660.0,130.0,1.2,863.0,210.0,22.0,,1.1,,1.4,3.5,40.5,70.0,1.2,2.5,121.0,4.5,277.0,410.0,3.8,,4.5,3.5,,6.2,40.8,21.6,4.0,True,False,,20.0 | Fuente: base original de Alzum.,True
,Nuez de Brasil natural,Frutos secos y semillas,Hacendado,100,gr,674.0,16.7,5.1,63.4,8.3,,,,,,,,,,,,,,,,,,,,,,,,,,,,,,False,False,,Fuente: base original de Alzum.,True
,Nuez de macadamia,Frutos secos y semillas,,100,gr,758.0,8.6,5.8,77.0,6.3,,,,,,,,,,,,,,,,,120.0,,222.0,,,,,,,13.0,62.0,,,False,False,,Fuente: base original de Alzum.,True
,Nuez natural pelada,Frutos secos y semillas,Hacendado,100,gr,716.0,17.0,2.2,70.0,6.2,,,,,,,,,,,,,,,,,,,,,,,,,,,,,,False,False,,Fuente: base original de Alzum.,True
,Oblea rellena de mani (Misky),Frutos secos y semillas,,25,gr,98.8,2.2,18.0,2.0,,,,,,,,,,,,,,,,,,,,,,,,,,,,,,,False,False,,0 | Fuente: base original de Alzum.,True
,Pan de fibra y sésamo,Pan y pasta,Hacendado,100,gr,391.0,13.0,60.1,7.6,24.7,,,,,,,,,,,,,,,,,,,,,,1.1,,,,,,,,False,False,,Alto contenido en fibra. 100% Harina integral centeno | Fuente: base original de Alzum.,True
,Pipa de girasol natural,Frutos secos y semillas,Hacendado,100,gr,602.0,26.0,3.8,51.0,13.0,,,,,,,,,,,,,,,,,,,,,,,,,,,,,,False,False,,Fuente: base original de Alzum.,True
,Pipas calabaza tostadas,Frutos secos y semillas,,100,gr,574.0,29.8,14.7,49.1,,,,,,,,,,,,,,,,,,,,,,,,,,,,,,,False,False,,Fuente: base original de Alzum.,True
,Pistachos,Frutos secos y semillas,,100,gr,599.63,20.3,27.5,45.4,10.3,415.0,870.0,160.0,1.3,520.0,1.7,51.0,,5.6,,2.3,,,105.0,1.3,3.9,121.0,1.2,490.0,1.0,7.0,1.0,2.2,3.9,,5.6,23.8,13.7,7.7,True,False,,15.0 | Fuente: base original de Alzum.,True
,Pistachos salados,Frutos secos y semillas,,100,gr,606.25,21.4,26.8,46.0,10.3,262.0,840.0,158.0,1.4,513.0,1.3,50.0,,2.3,,1.9,13.2,71.4,110.0,1.3,4.2,120.0,1.3,485.0,1.0,9.3,405.0,2.3,2.0,,5.6,24.2,13.9,7.8,True,False,,15.0 | Fuente: base original de Alzum.,True
,Semillas de chía,Frutos secos y semillas,,100,gr,444.0,21.2,4.5,31.1,31.4,,,,,,,,,,,,,,,,,,,,,,,,,,3.8,,,,False,False,,Fuente: base original de Alzum.,True
,Semillas secas cacao,Frutos secos y semillas,,100,gr,603.5,12.0,34.7,46.3,,,,,,,,,,3.0,,,,,106.0,,3.6,,,537.0,,,,,3.6,,,,,,True,False,,0 | Fuente: base original de Alzum.,True
,Almonds ( coles ),Frutos secos y semillas,,100,gr,622.0,24.5,3.5,54.9,11.6,,,,,,,,,,,,,,,,,,,,,,,,,,,,,,False,False,,Fuente: base original de Alzum.,True
,Cashews ( coles),Frutos secos y semillas,,100,gr,582.0,20.4,19.1,46.0,7.3,,,,,,,,,,,,,,,,,,,,,,,,,,,,,,False,False,,Fuente: base original de Alzum.,True
,Castaño,Frutos secos y semillas,,100,gr,194.45,1.6,44.2,1.3,,26.0,144.0,16.0,1.1,476.0,352.0,58.0,,40.2,,,,,19.0,418.0,940.0,30.0,336.0,38.0,484.0,,2.0,490.0,52.0,,0.2,0.4,0.5,,True,False,,60.0 | Fuente: base original de Alzum.,True
,Semillas de lino,Frutos secos y semillas,,100,gr,568.12,18.3,28.9,42.2,27.3,,1.6,161.0,3.1,985.0,473.0,87.0,,600.0,,310.0,4.3,78.7,255.0,1.2,5.7,392.0,2.5,642.0,813.0,25.4,30.0,4.3,7.0,,3.7,7.5,28.7,1.6,True,False,,35.0 | Fuente: base original de Alzum.,True
,Walnuts ( coles ),Frutos secos y semillas,,100,gr,713.0,16.1,2.6,70.6,6.1,,,,,,,,,,,,,,,,,,,,,,,,,,,,,,False,False,,Fuente: base original de Alzum.,True
,Claras de huevo pasteurizadas,Huevos,Hacendado,100,gr,50.0,11.0,0.4,0.1,,,,,,,,,,,,,,,,,,,,,,,,,,,,,,,False,False,"Desayuno, Comida / cena",Fuente: base original de Alzum.,True
,Huevo Extra grande (XL),Huevos,,1,ud,104.0,9.0,0.5,7.3,,,,,,,,,,,,,,,,,,,,,,,,,,,,,,,False,False,"Desayuno, Comida / cena",Fuente: base original de Alzum.,True
,Huevo Grande (L),Huevos,,1,ud,74.0,6.3,0.4,5.0,,,,,,,,,,,,,,,,,,,,,,,,,,,,,,,False,False,"Desayuno, Comida / cena",Fuente: base original de Alzum.,True
,Huevo Mediano,Huevos,,1,ud,68.0,5.5,0.5,4.7,,,,,,,,,,,,,,,,,,,,,,,,,,,,,,,False,False,"Desayuno, Comida / cena",Huevo mediano | Fuente: base original de Alzum.,True
,Huevos revueltos,Huevos,,100,gr,134.8,12.9,1.9,8.4,,,,,,,,,,2.5,,,,,30.0,,1.1,,,192.0,,,,1.1,75.9,,,,,,True,False,"Desayuno, Comida / cena",0 | Fuente: base original de Alzum.,True
,Clara,Huevos,,100,gr,48.05,10.9,0.7,0.2,,,4.0,439.0,105.0,190.0,5.0,4.0,0.1,,,,,1.1,7.0,23.0,80.0,11.0,11.0,15.0,163.0,20.0,166.0,30.0,87.6,,,,,0.7,True,False,"Desayuno, Comida / cena",0.0 | Fuente: base original de Alzum.,True
,Huevos,Huevos,,100,gr,142.86,12.6,0.8,9.9,,487.0,69.0,478.0,70.0,1.4,143.0,47.0,1.3,,50.0,970.0,0.3,251.1,53.0,102.0,1.8,12.0,38.0,191.0,134.0,31.7,140.0,1.1,75.8,423.0,3.1,3.8,1.4,0.8,True,False,"Desayuno, Comida / cena",0.0 | Fuente: base original de Alzum.,True
,Yema,Huevos,,100,gr,316.66,15.9,3.6,26.5,,1.4,176.0,528.0,24.0,3.0,350.0,146.0,2.0,,133.0,2.6,0.7,682.3,129.0,77.0,2.7,5.0,55.0,390.0,109.0,56.0,48.0,2.3,52.3,1.2,9.6,11.7,4.2,0.6,True,False,"Desayuno, Comida / cena",0.0 | Fuente: base original de Alzum.,True
,Arveja,Legumbres,,100,gr,109.0,7.1,18.8,0.6,,,,,,,,,,22.3,,,,,27.0,,1.7,,,134.0,,,,1.2,72.6,,,,,,True,False,Comida / cena,0 | Fuente: base original de Alzum.,True
,Frejol,Legumbres,,100,gr,71.94,16.4,0.0,0.7,,70.0,31.0,45.0,1.5,51.0,52.0,26.0,0.4,,,1.2,0.7,,9.0,75.0,1.0,17.0,50.0,107.0,167.0,66.7,72.0,230.0,75.7,60.0,,0.2,0.1,,True,False,Comida / cena,0.0 | Fuente: base original de Alzum.,True
,Frijol amarillo,Legumbres,,100,gr,341.9,21.1,61.0,1.5,,,,,,,,,,3.5,,,,,94.0,,9.7,,,455.0,,,,2.8,12.6,,,,,,True,False,Comida / cena,0 | Fuente: base original de Alzum.,True
,Frijol cocido,Legumbres,,100,gr,94.0,5.1,17.5,0.4,,,,,,,,,,,,,,,46.0,,1.4,,,75.0,,,,1.4,75.8,,,,,,True,False,Comida / cena,0 | Fuente: base original de Alzum.,True
,Frijol shimpe fresco,Legumbres,,100,gr,52.1,3.7,9.1,0.1,,,,,,,,,,1.0,,,,,46.0,,1.4,,,78.0,,,,,86.0,,,,,,True,False,Comida / cena,0 | Fuente: base original de Alzum.,True
,Frijoles Negros Cocidos,Legumbres,,100,gr,132.0,8.9,23.7,0.5,,,,,,,,,,,,,,,,,,,,,,,,,,,,,,,False,False,Comida / cena,Fuente: base original de Alzum.,True
,Frijoles refritos,Legumbres,Natura,100,gr,154.0,6.2,12.3,7.7,,,,,,,,,,,,,,,,,,,,,,,,,,,,,,,False,False,Comida / cena,Fuente: base original de Alzum.,True
,Frijolito chino germinado,Legumbres,,100,gr,51.1,4.5,6.7,0.7,,,,,,,,,,15.4,,,,,22.0,,0.8,,,261.0,,,,,87.4,,,,,,True,False,Comida / cena,0 | Fuente: base original de Alzum.,True
,Garbanzo cocido bote,Legumbres,Hacendado,100,gr,90.0,5.5,9.5,2.2,,,,,,,,,,,,,,,,,,,,,,,,,,,,,,,False,False,Comida / cena,Fuente: base original de Alzum.,True
,Garbanzos cocidos,Legumbres,,100,gr,119.0,9.0,17.0,2.0,,,,,,,,,,,,,,,,,,,,,,,,,,,,,,,False,False,Comida / cena,Fuente: base original de Alzum.,True
,Guisantes Extra,Legumbres,Hacendado,100,gr,59.0,4.0,10.0,0.2,,,,,,,,,,,,,,,,,,,,,,,,,,,,,,,False,False,Comida / cena,Fuente: base original de Alzum.,True
,Habas frescas,Legumbres,,100,gr,156.0,11.3,25.9,0.8,,,,,,,,,,28.5,,,,,31.0,,2.0,,,137.0,,,,0.6,60.6,,,,,,True,False,Comida / cena,0 | Fuente: base original de Alzum.,True
,Harina de Arveja,Legumbres,,100,gr,353.9,21.6,64.4,1.1,,,,,,,,,,1.5,,,,,102.0,,5.5,,,351.0,,,,,10.1,,,,,,True,False,Comida / cena,0 | Fuente: base original de Alzum.,True
,Harina de garbanzo,Legumbres,Hacendado,100,gr,342.0,20.0,57.0,6.5,11.8,,,,,,,,,,,,,,,,,,,,,,,,,,,,,,False,False,Comida / cena,Fuente: base original de Alzum.,True
,Hummus,Salsas y condimentos,,100,gr,300.0,6.0,9.0,25.0,,,,,,,,,,,,,,,,,,,,,,,,,,,,,,,False,False,Comida / cena,Fuente: base original de Alzum.,True
,Judía verde plana,Legumbres,Hacendado,100,gr,39.0,1.9,6.1,0.1,3.0,,,,,,,,,,,,,,,,,,,,,,,,,,,,,,False,False,Comida / cena,Fuente: base original de Alzum.,True
,Judías (legumbres),Legumbres,,100,gr,347.0,21.0,63.0,1.2,,,,,,,,,,,,,,,,,,,,,,,,,,,,,,,False,False,Comida / cena,Fuente: base original de Alzum.,True
,Judías blancas cocidas,Legumbres,,100,gr,110.0,8,17,0.9,,,,,,,,,,,,,,,,,,,,,,,,,,,,,,,False,False,Comida / cena,[Corregido: el registro original era incoherente.] Los macros eran de judía seca; reescalados a peso cocido. Fuente: base original de Alzum.,True
,Lentejas cocidas,Legumbres,,114,gr,114.0,9.0,19.5,0.4,,,,,,,,,,,,,,,,,,,,,,,,,,,,,,,False,False,Comida / cena,Fuente: base original de Alzum.,True
,Lenteja pardina,Legumbres,Hacendado,100,gr,81.0,5.7,11.2,0.4,,,,,,,,,,,,,,,,,,,,,,,,,,,,,,,False,False,Comida / cena,Fuente: base original de Alzum.,True
,Lentejas chicas,Legumbres,,100,gr,343.4,22.6,61.0,1.0,,,,,,,,,,5.5,,,,,73.0,,7.6,,,375.0,,,,4.8,13.0,,,,,,True,False,Comida / cena,0 | Fuente: base original de Alzum.,True
,Lentejas grandes,Legumbres,,100,gr,346.7,23.2,61.0,1.1,,,,,,,,,,4.4,,,,,71.0,,4.8,,,263.0,,,,4.8,12.4,,,,,,True,False,Comida / cena,0 | Fuente: base original de Alzum.,True
,Pallar seco,Legumbres,,100,gr,338.0,20.4,61.4,1.2,,,,,,,,,,7.5,,,,,70.0,,6.7,,,318.0,,,,2.8,11.6,,,,,,True,False,Comida / cena,0 | Fuente: base original de Alzum.,True
,Pasta de lenteja roja,Pan y pasta,Hacendado,100,gr,334.0,26.0,50.0,1.7,,,,,,,,,,,,,,,,,,,,,,,,,,,,,,,False,False,Comida / cena,Fuente: base original de Alzum.,True
,Soja,Legumbres,,100,gr,446.06,36.5,30.2,19.9,9.3,22.0,874.0,870.0,1.6,793.0,377.0,375.0,,6.0,,850.0,47.0,115.9,277.0,1.7,15.7,280.0,2.5,704.0,1.8,17.8,2.0,4.9,8.5,,2.9,4.4,11.3,7.3,True,False,Comida / cena,18.0 | Fuente: base original de Alzum.,True
,Tortitas legumbres,Legumbres,Hacendado,100,gr,366.0,25.0,55.0,3.1,,,,,,,,,,,,,,,,,,,,,,,,,,,,,,,False,True,Comida / cena,unos 7 gr cada tortita | Fuente: base original de Alzum.,False
,Frijol pinto,Legumbres,,100,gr,346.95,21.4,62.6,1.2,15.5,,713.0,212.0,1.2,785.0,474.0,525.0,,6.3,,210.0,5.6,66.2,113.0,893.0,5.1,176.0,1.1,411.0,1.4,27.9,12.0,2.3,11.3,,0.2,0.2,0.4,2.1,True,False,Comida / cena,30.0 | Fuente: base original de Alzum.,True
,Frijoles blancos,Legumbres,,100,gr,342.17,23.4,60.3,0.9,15.2,,437.0,146.0,479.0,732.0,318.0,388.0,,,,210.0,5.6,66.2,240.0,984.0,10.4,190.0,1.8,301.0,1.8,12.8,16.0,3.7,11.3,,0.2,0.1,0.4,2.1,True,False,Comida / cena,30.0 | Fuente: base original de Alzum.,True
,Frijoles pequeños blancos,Legumbres,,100,gr,344.06,21.1,62.3,1.2,24.9,,743.0,207.0,1.3,729.0,439.0,386.0,,,,,,,173.0,635.0,7.7,183.0,1.3,445.0,1.5,12.8,12.0,2.8,11.7,,0.3,0.1,0.5,,True,False,Comida / cena,30.0 | Fuente: base original de Alzum.,True
,Habas,Legumbres,,100,gr,345.57,21.5,63.4,0.7,19.0,,507.0,202.0,1.5,1.4,512.0,395.0,,,,720.0,6.0,96.7,81.0,740.0,7.5,224.0,1.7,385.0,1.7,7.2,18.0,2.8,10.2,,0.2,0.1,0.3,8.5,True,False,Comida / cena,30.0 | Fuente: base original de Alzum.,True
,Mungo granos,Legumbres,,100,gr,351.56,25.2,59.0,1.6,18.3,23.0,273.0,254.0,1.4,906.0,281.0,216.0,,,,,,,138.0,981.0,7.6,267.0,1.5,379.0,983.0,8.2,38.0,3.4,10.8,,0.1,0.1,1.1,,True,False,Comida / cena,30.0 | Fuente: base original de Alzum.,True
,Actimel 0%,Lácteos,,100,gr,33.0,3.0,3.6,0.4,,,,,,,,,,,,,,,,,,,,,,,,,,,,,,,False,False,,Fuente: base original de Alzum.,True
,Burrata,Lácteos,Hacendado,100,gr,243.0,14.0,1.7,20.0,,,,,,,,,,,,,,,,,,,,,,,,,,,,,,,False,False,,Fuente: base original de Alzum.,True
,Colacao 0%,Lácteos,,100,gr,324.0,12.0,44.0,6.0,,,,,,,,,,,,,,,,,,,,,,,,,,,,,,,False,False,,Fuente: base original de Alzum.,True
,Crema de leche,Lácteos,,100,gr,167.0,0.0,6.7,16.7,,,,,,,,,,,,,,,,,,,,,,,,,,,,,,,False,False,,Fuente: base original de Alzum.,True
,GoPro,Lácteos,Danone,100,gr,58.0,8.3,5.3,0.4,,,,,,,,,,,,,,,171.0,,,,,,,,,,,,0.2,,,,False,False,,Fuente: base original de Alzum.,True
,Kéfir cabra/oveja 0%,Lácteos,,100,gr,35.0,4.5,3.7,0.0,,,,,,,,,,,,,,,,,,,,,,,0.2,,,,,,,,False,False,,Fuente: base original de Alzum.,True
,Leche condensada,Lácteos,,100,gr,329.2,7.9,53.7,9.2,,,,,,,,,,,,,,,276.0,,0.1,,,107.0,,,,0.9,27.2,,,,,,True,False,,0 | Fuente: base original de Alzum.,True
,Leche de coco,Alternativas vegetales,Hacendado,100,gr,165.0,0.5,2.9,17.0,,,,,,,,,,,,,,,,,,,,,,,,,,,,,,,False,False,,Fuente: base original de Alzum.,True
,Leche desnatada,Lácteos,Hacendado,100,gr,35.0,3.2,4.9,0.3,,,,,,,,,,,,,,,,,,,,,,,,,,,,,,,False,False,,Fuente: base original de Alzum.,True
,Leche en polvo descremada,Lácteos,,100,gr,359.49,36.2,52.0,0.8,,,,,,,,,,6.8,,,,,1257.0,,1.2,,,968.0,,,,4.1,3.2,,,,,,True,False,,0 | Fuente: base original de Alzum.,True
,Leche en polvo entera,Lácteos,,100,gr,487.3,27.0,36.1,26.1,,,,,,,,,,9.0,,,,,848.0,,0.2,,,888.0,,,,3.3,3.9,,,,,,True,False,,0 | Fuente: base original de Alzum.,True
,Leche evaporada descremada,Lácteos,,100,gr,78.5,7.1,10.5,0.9,,,,,,,,,,13.0,,,,,,,,,,,,,,,80.0,,,,,,False,False,,0 | Fuente: base original de Alzum.,True
,Leche fresca de vaca,Lácteos,,100,gr,63.5,3.1,4.9,3.5,,,,,,,,,,0.5,,,,,106.0,,1.3,,,94.0,,,,0.4,87.8,,,,,,True,False,,0 | Fuente: base original de Alzum.,True
,Leche semi sin lactosa,Lácteos,Hacendado,100,gr,44.0,3.0,4.6,1.5,,,,,,,,,,,,,,,,,,,,,,,,,,,,,,,False,False,,Fuente: base original de Alzum.,True
,Mozzarella light,Lácteos,Hacendado,100,gr,153.0,17.0,1.0,9.3,,,,,,,,,,,,,,,,,,,,,,,0.6,,,,6.0,,,0.8,False,False,,"[Corregido: el registro original era incoherente.] Grasa 0,9 -> 9,3 g (las saturadas ya eran 6 g). Fuente: base original de Alzum.",True
,Nata de Montar,Lácteos,Hacendado,100,gr,335.0,2.0,3.1,35.0,,,,,,,,,,,,,,,,,,,,,,,0.1,,,,,,,,False,False,,Fuente: base original de Alzum.,True
,Nata ligera,Lácteos,Hacendado,100,gr,163.0,2.0,5.0,15.0,,,,,,,,,,,,,,,,,,,,,,,0.1,,,,10.0,,,,False,False,,Fuente: base original de Alzum.,True
,Nesquik,"Azúcares, siropes y edulcorantes",Nesquik,100,gr,386.0,5.1,78.0,3.6,,,,,,,,,,,,,,,,,,,,,,,,,,,,,,,False,False,,Fuente: base original de Alzum.,True
,Queso para montar,Lácteos,Philadelphia,100,gr,342.0,6.0,4.1,34.0,,,,,,,,,,,,,,,,,,,,,,,,,,0.1,,,,,False,False,,Fuente: base original de Alzum.,True
,Queso Azul,Lácteos,Hacendado,100,gr,341.0,20.0,0.5,29.0,,,,,,,,,,,,,,,,,,,,,,,,,,,18.0,,,,False,False,,Fuente: base original de Alzum.,True
,Queso Port Salut Light (La Serenísima),Lácteos,,100,gr,218.0,27.0,0.5,12.0,,,,,,,,,,,,,,,,,,,,,,,,,,,,,,,False,False,,0 | Fuente: base original de Alzum.,True
,Queso Rancheo CARRANCO,Lácteos,,100,gr,227.0,18.0,1.8,22.0,,,,,,,,,,,,,,,,,,,,,,,,,,,,,,,False,False,,Fuente: base original de Alzum.,True
,Queso cabra lonchas,Lácteos,,100,gr,389.0,20.0,0.7,34.0,,,,,,,,,,,,,,,,,,,,,,,,,,,24.0,,,,False,False,,Fuente: base original de Alzum.,True
,Queso cottage,Lácteos,,100,gr,96.7,11.1,3.4,4.3,,140.0,27.0,163.0,99.0,557.0,46.0,12.0,0.4,,3.0,80.0,,18.4,83.0,29.0,70.0,8.0,2.0,159.0,104.0,9.7,364.0,400.0,79.8,17.0,1.7,0.8,0.1,2.7,True,False,,30.0 | Fuente: base original de Alzum.,True
,Queso cottage sin grasa,Lácteos,,100,gr,70.61,10.3,6.7,0.3,,8.0,23.0,226.0,144.0,446.0,16.0,9.0,0.5,,,10.0,,17.9,86.0,30.0,150.0,11.0,22.0,190.0,137.0,9.4,330.0,470.0,81.0,7.0,0.2,0.1,,1.9,True,False,,30.0 | Fuente: base original de Alzum.,True
,Queso curado,Lácteos,Entrepinares,100,gr,418.0,24.0,1.7,35.0,,,,,,,,,,,,,,,,,,,,,,,,,,,,,,,False,False,,Fuente: base original de Alzum.,True
,Queso de oveja,Lácteos,Entrepinares,100,gr,374.0,21.0,0.6,32.0,,,,,,,,,,,,,,,,,,,,,,,1.4,,,,22.0,,,,False,False,,Fuente: base original de Alzum.,True
,Queso de untar,Lácteos,,100,gr,290.0,16.0,8.7,21.2,,,,,,,,,,,,,,,,,,,,,,,,,,,,,,,False,False,,Fuente: base original de Alzum.,True
,Queso fresco batido 0%,Lácteos,Hacendado,100,gr,46.0,8.0,3.5,0.1,,,,,,,,,,,,,,,,,,,,,,,,,,,,,,,False,False,,Fuente: base original de Alzum.,True
,Queso fresco burgos desnatado,Lácteos,Hacendado,100,gr,68.0,12.3,4.4,0.2,,,,,,,,,,,,,,,,,,,,,,,,,,,,,,,False,False,,Fuente: base original de Alzum.,True
,Queso fresco cabra (el faro),Lácteos,,100,gr,298.0,19.8,1.1,23.9,,,,,,,,,,,,,,,,,,,,,,,,,,,,,,,False,False,,Fuente: base original de Alzum.,True
,Queso fresco de vaca,Lácteos,,100,gr,264.1,17.5,3.3,20.1,,,,,,,,,,,,,,,783.0,,1.3,,,375.0,,,,,55.0,,,,,,True,False,,0 | Fuente: base original de Alzum.,True
,Queso fresco vaca,Lácteos,Hacendado,100,gr,170.0,11.8,5.4,11.4,,,,,,,,,,,,,,,,,,,,,,,,,,,,,,,False,False,,Fuente: base original de Alzum.,True
,Queso lonchas light,Lácteos,,100,gr,187.0,16.0,10.0,9.0,,,,,,,,,,,,,,,,,,,,,,,,,,,,,,,False,False,,Fuente: base original de Alzum.,True
,Queso manchego,Lácteos,,100,gr,435.0,2.0,0.0,37.0,,,,,,,,,,,,,,,,,,,,,,,,,,,,,,,False,False,,Fuente: base original de Alzum.,True
,Queso mantecoso,Lácteos,,100,gr,395.2,28.0,3.3,30.0,,,,,,,,,,,,,,,1076.0,,1.5,,,517.0,,,,,33.5,,,,,,True,False,,0 | Fuente: base original de Alzum.,True
,Queso mozzarella bajo en grasa,Lácteos,,100,gr,251.4,24.3,2.8,15.9,,481.0,18.0,303.0,105.0,79.0,70.0,9.0,0.8,,12.0,140.0,1.6,15.4,782.0,25.0,220.0,23.0,10.0,463.0,84.0,14.4,619.0,2.8,53.8,64.0,10.1,4.5,0.5,1.1,True,False,,0.0 | Fuente: base original de Alzum.,True
,Queso parmesano duro,Lácteos,,100,gr,436.3,39.1,1.8,30.3,,,,,,,,,,,,,,,1260.0,,0.6,,,393.0,,,,2.8,22.2,,,,,,True,False,,0 | Fuente: base original de Alzum.,True
,Queso parmesano rallado,Lácteos,,100,gr,402.0,32.0,0.0,30.0,,,,,,,,,,,,,,,,,,,,,,,,,,,,,,,False,False,,Fuente: base original de Alzum.,True
,Queso port salut light (sancor),Lácteos,,100,gr,208.0,25.0,0.0,12.0,,400.0,,,,,,,,,3.3,,,,700.0,,,,,,,,,,,,,,,,True,False,,0 | Fuente: base original de Alzum.,True
,Queso semicurado,Lácteos,Entrepinares,100,gr,422.0,24.0,0.6,36.0,,,,,,,,,,,,,,,,,,,,,,,,,,,,,,,False,False,,Fuente: base original de Alzum.,True
,Queso viejo tostado,Lácteos,Entrepinares,100,gr,474.0,27.0,1.5,40.0,,,,,,,,,,,,,,,,,,,,,,,,,,,,,,,False,False,,Fuente: base original de Alzum.,True
,Yogur de cabra,Lácteos,,100,gr,77.0,4.1,4.2,4.9,,,,,,,,,,,,,,,143.0,,,,,,,,0.1,,,,3.4,,,4.2,False,False,,Fuente: base original de Alzum.,True
,Yogur GRIEGO,Lácteos,Hacendado,125,gr,176.0,5.0,14.0,11.0,,,,,,,,,,,,,,,,,,,,,,,,,,,,,,,False,False,,Fuente: base original de Alzum.,True
,Yogur de frutilla (Ser),Lácteos,,200,ml,60.4,6.2,8.9,0.0,,,,,,,,,,,,,,,,,,,,,,,,,,,,,,,False,False,,0 | Fuente: base original de Alzum.,True
,Yogur frutado leche descremada,Lácteos,,100,gr,95.4,4.4,19.0,0.2,,,,,,,,,,0.7,,,,,152.0,,0.1,,,119.0,,,,0.7,75.4,,,,,,True,False,,0 | Fuente: base original de Alzum.,True
,Yogur griego Stracciatella (Milbona),Lácteos,,100,gr,148.0,2.4,15.4,8.2,,,,,,,,,,,,,,,,,,,,,,,0.1,,,,5.4,,,,False,False,,Fuente: base original de Alzum.,True
,Yogur natural,Lácteos,,100,gr,61.77,3.5,4.7,3.3,,,,,,,,,,0.5,,,,,121.0,,0.1,,,95.0,,,,0.6,87.9,,,,,,True,False,,0 | Fuente: base original de Alzum.,True
,Yogur natural con coco,Lácteos,Alpro,100,gr,55.0,3.9,2.3,3.0,0.8,,,,,,,,,,,,,,,,,,,,,,0.3,,,,1.1,,,,False,False,,Fuente: base original de Alzum.,True
,Yogur proteico,Lácteos,Hacendado,100,gr,52.0,10.0,3.1,0.5,,,,,,,,,,,,,,,,,,,,,,,0.1,,,,0.1,,,,False,False,,Fuente: base original de Alzum.,True
,Yogur sin grasa,Lácteos,,100,gr,55.26,5.7,7.7,0.2,,7.0,48.0,234.0,124.0,641.0,53.0,12.0,0.6,900.0,,,0.2,15.2,199.0,15.0,90.0,19.0,5.0,157.0,255.0,3.6,77.0,970.0,85.2,2.0,0.1,,,7.7,True,False,,30.0 | Fuente: base original de Alzum.,True
,Yogur soja,Lácteos,Hacendado,100,gr,43.0,4.6,0.0,2.7,0.3,,,,,,,,,,,,,,,,,,,,,,0.1,,,,0.4,,,,False,False,,Fuente: base original de Alzum.,True
,Yogur natural leche descremada,Lácteos,,100,gr,55.26,5.7,7.7,0.2,,,,,,,,,,0.9,,,,,199.0,,0.1,,,157.0,,,,1.0,85.2,,,,,,True,False,,0 | Fuente: base original de Alzum.,True
,Lactosa,Lácteos,,100,gr,400.0,0.0,100.0,0.0,,,,,,,,,,,,,,,,,,,,,,,,,,,,,,100.0,False,False,,45.0 | Fuente: base original de Alzum.,True
,Leche condensada,Lácteos,Nestlé,100,gr,325.0,7.5,55.0,8.0,,,,,,,,,,,,,,,,,,,,,,,,,,,,,,,False,False,,Fuente: base original de Alzum.,True
,Leche sin grasa (desnatada),Lácteos,,100,gr,34.04,3.4,5.0,0.1,,15.0,45.0,182.0,94.0,357.0,37.0,5.0,0.5,,,10.0,,15.6,122.0,13.0,30.0,11.0,3.0,101.0,156.0,3.1,42.0,420.0,90.8,2.0,0.1,,,5.1,True,False,,33.0 | Fuente: base original de Alzum.,True
,Nachos con queso,Lácteos,,100,gr,311.73,8.1,32.2,16.8,,495.0,170.0,330.0,1.4,1.2,180.0,9.0,0.7,1.1,,,,26.4,241.0,124.0,1.1,49.0,198.0,244.0,152.0,13.9,722.0,1.6,40.5,16.0,6.9,7.1,2.0,,True,False,,55.0 | Fuente: base original de Alzum.,True
,"Quark, sin grasa (requesón, queso fresco)",Lácteos,,100,gr,62.7,12.0,3.0,0.3,,41.0,21.0,165.0,128.0,215.0,68.0,12.0,1.0,,,10.0,,,61.0,28.0,140.0,5.0,3.0,134.0,86.0,9.0,406.0,380.0,81.0,7.0,0.3,,,3.0,True,False,,30.0 | Fuente: base original de Alzum.,True
,"Queso cottage, 1% de grasa",Lácteos,,100,gr,69.62,12.4,2.7,1.0,,41.0,21.0,165.0,128.0,215.0,68.0,12.0,0.6,,,10.0,0.1,17.5,61.0,28.0,140.0,5.0,3.0,134.0,86.0,9.0,406.0,380.0,82.5,4.0,0.6,0.3,,2.7,True,False,,30.0 | Fuente: base original de Alzum.,True
,"Queso mozarella, la grasa",Lácteos,,100,gr,298.59,22.2,2.2,22.4,,676.0,30.0,283.0,104.0,141.0,37.0,7.0,2.3,,16.0,190.0,2.3,15.4,505.0,11.0,440.0,20.0,30.0,354.0,76.0,17.0,627.0,2.9,50.0,79.0,13.2,6.6,0.8,1.0,True,False,,0.0 | Fuente: base original de Alzum.,True
,"Calamar (Inkfish, sepia)","Mariscos, crustáceos y moluscos",,100,gr,87.06,15.6,3.1,1.4,,33.0,20.0,412.0,2.2,500.0,56.0,5.0,1.3,4.7,,1.2,,65.0,32.0,1.9,680.0,33.0,35.0,221.0,246.0,44.8,44.0,1.5,78.6,233.0,0.4,0.1,0.5,,True,False,Comida / cena,0.0 | Fuente: base original de Alzum.,True
,Calamar índico,"Mariscos, crustáceos y moluscos",,100,gr,76.0,16.0,0.5,1.3,,,,,,,,,,,,,,,,,,,,,,,,,,,,,,,False,False,Comida / cena,Fuente: base original de Alzum.,True
,Camarones,"Mariscos, crustáceos y moluscos",,100,gr,100.45,20.3,0.9,1.7,,180.0,28.0,34.0,2.6,276.0,104.0,3.0,1.2,2.0,,1.1,,80.9,52.0,264.0,2.4,37.0,50.0,205.0,185.0,38.0,148.0,1.1,75.9,152.0,0.3,0.3,0.7,,True,False,Comida / cena,0.0 | Fuente: base original de Alzum.,True
,Cangrejo en lata,"Mariscos, crustáceos y moluscos",,100,gr,93.15,20.5,0.0,1.2,,7.0,80.0,84.0,1.4,360.0,150.0,43.0,0.5,2.7,,1.8,0.1,33.6,101.0,760.0,840.0,39.0,190.0,260.0,374.0,31.8,333.0,4.0,76.2,89.0,0.3,0.2,0.4,,True,False,Comida / cena,0.0 | Fuente: base original de Alzum.,True
,Crema de marisco,"Mariscos, crustáceos y moluscos",Hacendado,100,gr,36.0,1.8,3.7,1.6,0.5,,,,,,,,,,,,,,,,,,,,,,0.8,,,,0.3,,,,False,False,Comida / cena,Platos de cuchara | Fuente: base original de Alzum.,True
,Langostino cocido,"Mariscos, crustáceos y moluscos",Hacendado,100,gr,98.0,22.2,0.5,1.1,,,,,,,,,,,,,,,,,,,,,,,,,,,,,,,False,False,Comida / cena,Fuente: base original de Alzum.,True
,Langostino congelado (pescanova),"Mariscos, crustáceos y moluscos",,100,gr,68.0,14.0,0.0,1.3,,,,,,,,,,,,,,,,,,,,,,,,,,,,,,,False,False,Comida / cena,Fuente: base original de Alzum.,True
,Navajas al natural,"Mariscos, crustáceos y moluscos",,100,gr,96.0,18.2,2.3,1.6,,,,,,,,,,,,,,,,,,,,,,,,,,,,,,,False,False,Comida / cena,Fuente: base original de Alzum.,True
,"Calamar frito (Inkfish, sepia)","Mariscos, crustáceos y moluscos",,100,gr,170.24,17.9,7.8,7.5,,35.0,56.0,458.0,2.6,510.0,58.0,14.0,1.2,4.2,,,,,39.0,2.1,1.0,38.0,70.0,251.0,279.0,51.8,306.0,1.7,64.5,260.0,1.9,2.7,2.1,,True,False,Comida / cena,20.0 | Fuente: base original de Alzum.,True
,Cangrejo,"Mariscos, crustáceos y moluscos",,100,gr,82.12,18.1,0.0,1.1,,5.0,80.0,40.0,2.7,350.0,150.0,44.0,9.0,3.0,,,,,89.0,669.0,740.0,34.0,150.0,229.0,329.0,37.4,293.0,3.5,79.0,78.0,0.2,0.2,0.4,,True,False,Comida / cena,0.0 | Fuente: base original de Alzum.,True
,Arepa de maíz,Pan y pasta,,100,gr,158.0,3.0,35.0,0.0,,,,,,,,,,,,,,,,,,,,,,,,,,,,,,,False,False,Comida / cena,arepa goya | Fuente: base original de Alzum.,True
,Arepa de maíz blanco,Pan y pasta,El Dorado,100,gr,125.0,3.3,28.0,0.0,,,,,,,,,,,,,,,,,,,,,,,,,,,,,,,False,False,Comida / cena,Fuente: base original de Alzum.,True
,Coditos cocidos,Pan y pasta,,100,gr,155.0,5.5,32.5,1.0,1.5,,,,,,,,,,,,,,,,,,,,,,,,,,,,,,False,False,Comida / cena,Fuente: base original de Alzum.,True
,Espaguetis Integral,Pan y pasta,Hacendado,100,gr,345.0,13.5,62.0,2.4,10.0,,,,,,,,,,,,,,,,,,,,,,,,,,,,,,False,False,Comida / cena,Fuente: base original de Alzum.,True
,Fajitas,Pan y pasta,Old El Paso,100,gr,227.0,6.7,41.1,3.6,1.5,,,,,,,,,,,,,,,,,,,,,,2.1,,,,0.8,,,,False,False,Comida / cena,"[Corregido: el registro original era incoherente.] Grasa 36 -> 3,6 g (coma desplazada). Fuente: base original de Alzum.",True
,Fideo crudo,Pan y pasta,,100,gr,350.2,9.4,77.7,0.2,,,,,,,,,,,,,,,24.0,,5.5,,,150.0,,,,1.3,12.1,,,,,,True,False,Comida / cena,0 | Fuente: base original de Alzum.,True
,Fideo tallarín,Pan y pasta,,100,gr,317.3,9.5,69.6,0.1,,,,,,,,,,,,,,,40.0,,5.5,,,137.0,,,,1.3,20.4,,,,,,True,False,Comida / cena,0 | Fuente: base original de Alzum.,True
,Harina de Habas,Pan y pasta,,100,gr,352.7,24.3,59.6,1.9,,,,,,,,,,4.7,,,,,67.0,,6.7,,,393.0,,,,3.1,11.9,,,,,,True,False,Comida / cena,0 | Fuente: base original de Alzum.,True
,Harina de Quinua,Pan y pasta,,100,gr,348.2,9.1,72.1,2.6,,,,,,,,,,,,,,,181.0,,3.7,,,61.0,,,,,13.7,,,,,,True,False,Comida / cena,0 | Fuente: base original de Alzum.,True
,Harina de trigo,Pan y pasta,,100,gr,357.1,10.3,74.7,1.9,,,,,,,,,,4.8,,,,,36.0,,3.9,,,314.0,,,,3.0,11.6,,,,,,True,False,Comida / cena,0 | Fuente: base original de Alzum.,True
,Harina de trigo sarraceno,Pan y pasta,,100,gr,360.74,12.6,70.6,3.1,10.0,,417.0,190.0,6.2,440.0,582.0,54.0,,,,320.0,7.0,54.2,41.0,515.0,4.1,251.0,2.0,337.0,577.0,5.7,11.0,3.1,11.2,,0.7,0.9,0.9,2.6,True,False,Comida / cena,55.0 | Fuente: base original de Alzum.,True
,Macarrón pluma (la isleña),Pan y pasta,,100,gr,344.0,12.0,68.0,2.0,,,,,,,,,,,,,,,,,,,,,,,,,,,,,,,False,False,Comida / cena,Fuente: base original de Alzum.,True
,Obleas,Pan y pasta,,100,gr,443.8,6.6,72.4,14.2,3.4,12.0,203.0,266.0,2.9,381.0,51.0,61.0,0.1,,,720.0,2.4,14.6,31.0,463.0,4.0,53.0,696.0,132.0,210.0,5.7,580.0,1.1,4.5,2.0,4.2,4.9,4.2,29.7,True,False,Comida / cena,75.0 | Fuente: base original de Alzum.,True
,Pan 100% integral,Pan y pasta,Hacendado,100,gr,230.0,10.0,38.0,0.5,,,,,,,,,,,,,,,,,,,,,,,,,,,,,,,False,False,,Fuente: base original de Alzum.,True
,Pan Baguete,Pan y pasta,Hacendado,100,gr,281.0,9.4,61.1,2.0,,,,,,,,,,,,,,,,,,,,,,,,,,,,,,,False,False,,Fuente: base original de Alzum.,True
,Pan,Pan y pasta,Bimbo,100,gr,245.0,12.0,37.0,4.0,6.0,,,,,,,,,,,,,,,,,,,,,,1.0,,,,0.7,,,,False,False,,Fuente: base original de Alzum.,True
,Pan blanco,Pan y pasta,,100,gr,262.61,7.6,50.6,3.3,2.4,,455.0,331.0,4.4,203.0,84.0,111.0,,,,220.0,3.1,14.6,151.0,253.0,3.7,23.0,478.0,99.0,100.0,17.3,681.0,740.0,36.4,,0.7,0.7,1.4,4.3,True,False,,74.0 | Fuente: base original de Alzum.,True
,Pan blanco sin corteza,Pan y pasta,,100,gr,223.0,8.3,41.0,2.3,,,,,,,,,,,,,,,,,,,,,,,,,,,,,,,False,False,,Fuente: base original de Alzum.,True
,Pan de cebada,Pan y pasta,Serrano,100,gr,295.4,7.2,66.2,0.2,,,,,,,,,,,,,,,60.0,,6.5,,,224.0,,,,,24.4,,,,,,True,False,Comida / cena,0 | Fuente: base original de Alzum.,True
,Pan de labranza,Pan y pasta,,100,gr,328.3,9.6,71.8,0.3,,,,,,,,,,1.0,,,,,40.0,,1.6,,,107.0,,,,,17.3,,,,,,True,False,,0 | Fuente: base original de Alzum.,True
,Pan de molde,Pan y pasta,,100,gr,326.5,6.8,69.2,2.5,,,,,,,,,,,,,,,13.0,,0.4,,,60.0,,,,0.7,20.8,,,,,,True,False,,0 | Fuente: base original de Alzum.,True
,Pan de molde,Pan y pasta,La Santiagueña,50,gr,122.0,4.1,21.0,2.4,1.4,,,,,,,,,,,,,,,,,,,,,,296.0,,,,0.2,,,,False,False,,0 | Fuente: base original de Alzum.,True
,Pan de molde con corteza,Pan y pasta,Hacendado,100,gr,252.0,10.7,37.9,4.5,,,,,,,,,,,,,,,,,,,,,,,,,,,,,,,False,False,,Fuente: base original de Alzum.,True
,Pan de molde sin corteza,Pan y pasta,Hacendado,100,gr,224.0,9.6,34.0,4.4,,,,,,,,,,,,,,,,,,,,,,,,,,,,,,,False,False,,Fuente: base original de Alzum.,True
,Pan francés,Pan y pasta,,100,gr,287.0,8.4,62.9,0.2,,,,,,,,,,1.0,,,,,35.0,,1.0,,,101.0,,,,0.7,27.0,,,,,,True,False,,0 | Fuente: base original de Alzum.,True
,Pan integral clasic,Pan y pasta,Carrefour,100,gr,237.0,10.0,40.0,2.8,5.7,,,,,,,,,,,,,,,,,,,,,,1.2,,,,0.7,,,,False,False,,Fuente: base original de Alzum.,True
,Pan molde sin corteza - integral (Unidad,Pan y pasta,Hacendado,1,gr,54.0,2.4,8.5,1.1,,,,,,,,,,,,,,,,,,,,,,,,,,,,,,,False,False,,Fuente: base original de Alzum.,True
,Pan multi-grano,Pan y pasta,,100,gr,264.87,13.4,43.3,4.2,7.4,,279.0,131.0,4.0,336.0,263.0,75.0,,100.0,,370.0,1.4,26.5,103.0,282.0,2.5,78.0,2.0,228.0,230.0,32.9,420.0,1.7,36.9,,0.9,0.8,1.9,6.4,True,False,,60.0 | Fuente: base original de Alzum.,True
,Pan,Pan y pasta,Realfooding,100,gr,250.0,12.0,40.0,0.6,,,,,,,,,,,,,,,,,,,,,,,,,,,,,,,False,False,,Pan cristallino | Fuente: base original de Alzum.,True
,Pan tajado,Pan y pasta,,1,ud,63.0,2.1,11.1,1.0,,,,,,,,,,,,,,,,,,,,,,,,,,,,,,,False,False,,Fuente: base original de Alzum.,True
,Pan tostado doble fibra,Pan y pasta,Bimbo,100,gr,437.0,13.3,80.0,6.7,,,,,,,,,,,,,,,,,,,,,,,,,,,,,,,False,False,,Fuente: base original de Alzum.,True
,Pan tostado integral Espelta,Pan y pasta,Hacendado,100,gr,384.0,17.5,60.4,6.0,,,,,,,,,,,,,,,,,,,,,,,,,,,,,,,False,False,,Fuente: base original de Alzum.,True
,Pasta cocida,Pan y pasta,,100,gr,178.0,6.1,34.8,1.1,,,,,,,,,,,,,,,,,,,,,,,,,,,,,,,False,False,Comida / cena,Fuente: base original de Alzum.,True
,Picos integrales,Pan y pasta,Hacendado,100,gr,405.0,11.6,73.5,6.2,,,,,,,,,,,,,,,,,,,,,,,,,,,,,,,False,False,Comida / cena,Fuente: base original de Alzum.,True
,Pita,Pan y pasta,Carrefour,100,gr,257.0,10.0,47.0,1.8,5.3,,,,,,,,,,,,,,,,,,,,,,1.0,,,,,,,,False,False,Comida / cena,Fuente: base original de Alzum.,True
,Sazonador fajitas Tex Mex,Pan y pasta,Hacendado,100,gr,264.0,3.3,58.5,1.4,,,,,,,,,,,,,,,,,,,,,,,,,,,,,,,False,False,Comida / cena,Fuente: base original de Alzum.,True
,Soft tortilla wraps fullkorn 370gr,Pan y pasta,,100,gr,289.0,9.3,46.3,6.0,,,,,,,,,,,,,,,,,,,,,,,1.0,,,,,,,,False,False,Comida / cena,Fuente: base original de Alzum.,True
,Tortilla de harina (mission),Pan y pasta,,100,gr,286.0,8.2,53.1,6.1,,,,,,,,,,,,,,,,,,,,,,,,,,,,,,,False,False,Comida / cena,Fuente: base original de Alzum.,True
,Tostadas de Arroz Integral Inflado,Pan y pasta,,100,gr,375.0,8.3,83.3,0.0,,,,,,,,,,,,,,,,,,,,,,,,,,,,,,,False,False,Comida / cena,Fuente: base original de Alzum.,True
,Cuscús,Pan y pasta,,100,gr,366.52,12.8,77.4,0.6,5.0,,163.0,78.0,3.5,1.2,110.0,20.0,,,,,,,24.0,247.0,1.1,44.0,780.0,170.0,166.0,,10.0,830.0,8.6,,0.1,0.1,0.3,,True,False,Comida / cena,62.0 | Fuente: base original de Alzum.,True
,Pan campeon del mundo,Pan y pasta,Hacendado,100,gr,241.0,8.3,36.0,5.8,,,,,,,,,,,,,,,,,,,,,,,,,,,,,,,False,False,,Fuente: base original de Alzum.,True
,Panqueques,Pan y pasta,,100,gr,190.1,5.2,36.7,2.5,1.3,32.0,211.0,217.0,1.7,243.0,91.0,37.0,0.2,200.0,,,,19.2,126.0,94.0,1.6,20.0,272.0,334.0,175.0,13.5,628.0,390.0,53.0,12.0,0.5,0.9,0.8,,True,False,Comida / cena,70.0 | Fuente: base original de Alzum.,True
,Ñoquis,Pan y pasta,,100,gr,174.0,4.5,37.6,0.4,,,,,,,,,,,,,,,,,,,,,,,,,,,,,,,False,False,Comida / cena,Fuente: base original de Alzum.,True
,Atún claro al natural,Pescados,Hacendado,100,gr,116.0,25.2,1.2,1.2,,,,,,,,,,,,,,,,,,,,,,,,,,,,,,,False,False,Comida / cena,Fuente: base original de Alzum.,True
,Atún al natural,Pescados,Hacendado,100,gr,79.0,18.0,0.5,0.7,,,,,,,,,,,,,,,,,,,,,,,,,,,,,,,False,False,Comida / cena,Fuente: base original de Alzum.,True
,Atún enlatado en agua,Pescados,,100,gr,121.21,23.6,0.0,3.0,,19.0,8.0,44.0,5.8,124.0,217.0,2.0,1.2,,,,,,14.0,39.0,970.0,33.0,19.0,217.0,237.0,65.7,50.0,480.0,74.0,42.0,0.8,0.8,1.1,,True,False,Comida / cena,0.0 | Fuente: base original de Alzum.,False
,Atún rojo,Pescados,,100,gr,137.42,23.3,0.0,4.9,,2.2,241.0,251.0,8.7,1.1,455.0,2.0,9.4,,227.0,1.0,,65.0,8.0,86.0,1.0,50.0,15.0,254.0,252.0,36.5,39.0,600.0,68.1,38.0,1.3,1.6,1.4,,True,False,Comida / cena,0.0 | Fuente: base original de Alzum.,True
,Bacalao,Pescados,,100,gr,77.27,17.8,0.0,0.7,,40.0,76.0,65.0,2.1,153.0,245.0,7.0,0.9,1.0,36.0,640.0,0.1,65.2,16.0,28.0,380.0,32.0,15.0,203.0,413.0,33.1,54.0,450.0,81.2,43.0,0.1,0.1,0.2,,True,False,Comida / cena,0.0 | Fuente: base original de Alzum.,True
,Bonito,Pescados,Hacendado,100,gr,192.0,25.0,0.6,10.0,,,,,,,,,,,,,,,,,,,,,,,,,,,,,,,False,False,Comida / cena,Fuente: base original de Alzum.,True
,Filetes de merluza del cabo,Pescados,Hacendado,100,gr,82.0,18.0,0.5,1.2,,,,,,,,,,,,,,,,,,,,,,,,,,,,,,,False,False,Comida / cena,Fuente: base original de Alzum.,True
,Lomos de Atún,Pescados,,100,gr,89.0,20.0,1.3,0.6,,,,,,,,,,,,,,,,,,,,,,,0.8,,,,,,,,False,False,Comida / cena,Fuente: base original de Alzum.,True
,Medallones de Merluza,Pescados,,100,gr,82.0,18.0,0.5,1.2,,,,,,,,,,,,,,,,,,,,,,,,,,,,,,,False,False,Comida / cena,Fuente: base original de Alzum.,True
,Merluza a la plancha,Pescados,,100,gr,132.0,21.4,0.4,4.4,,,,,,,,,,,,,,,,,,,,,,,,,,,,,,,False,False,Comida / cena,Fuente: base original de Alzum.,True
,Pescado Sardina fresca,Pescados,,100,gr,112.9,20.8,0.0,3.3,,,,,,,,,,4.9,,,,,19.0,,1.0,,,193.0,,,,0.5,74.6,,,,,,True,False,Comida / cena,0 | Fuente: base original de Alzum.,True
,Pescado bacalao seco salado,Pescados,,100,gr,77.78,14.4,2.6,1.1,,,,,,,,,,18.3,,,,,50.0,,1.8,,,221.0,,,,1.4,82.4,,,,,,True,False,Comida / cena,0 | Fuente: base original de Alzum.,True
,Pescado bonito,Pescados,,100,gr,226.3,52.3,0.0,1.9,,,,,,,,,,,,,,,524.0,,4.9,,,650.0,,,,,29.6,,,,,,True,False,Comida / cena,0 | Fuente: base original de Alzum.,True
,Pescado caballa,Pescados,,100,gr,136.3,16.3,0.0,7.9,,,,,,,,,,5.7,,,,,59.0,,0.7,,,366.0,,,,,72.1,,,,,,True,False,Comida / cena,0 | Fuente: base original de Alzum.,True
,Pescado cabinza,Pescados,,100,gr,65.2,14.5,0.0,0.8,,,,,,,,,,,,,,,88.9,,2.0,,,,,,,,83.8,,,,,,False,False,Comida / cena,0 | Fuente: base original de Alzum.,True
,Pescado cabrilla,Pescados,,100,gr,77.6,18.5,0.0,0.4,,,,,,,,,,9.3,,,,,102.0,,1.2,,,81.0,,,,,78.1,,,,,,True,False,Comida / cena,0 | Fuente: base original de Alzum.,True
,Pescado carachama,Pescados,,100,gr,114.78,23.2,2.6,1.3,,,,,,,,,,0.8,,,,,171.8,,4.8,,,180.0,,,,1.4,69.5,,,,,,True,False,Comida / cena,0 | Fuente: base original de Alzum.,True
,Pescado chita,Pescados,,100,gr,150.2,19.1,0.0,8.2,,,,,,,,,,8.7,,,,,77.1,,3.0,,,276.0,,,,1.7,70.8,,,,,,True,False,Comida / cena,0 | Fuente: base original de Alzum.,True
,Pescado cojinova,Pescados,,100,gr,134.6,23.3,0.0,4.6,,,,,,,,,,,,,,,,,,,,,,,,,70.4,,,,,,False,False,Comida / cena,0 | Fuente: base original de Alzum.,True
,Pescado corvina,Pescados,,100,gr,82.9,19.6,0.0,0.5,,,,,,,,,,4.7,,,,,126.0,,0.3,,,240.0,,,,,77.2,,,,,,True,False,Comida / cena,0 | Fuente: base original de Alzum.,True
,Pescado lenguado,Pescados,,100,gr,131.4,23.4,0.0,4.2,,,,,,,,,,1.6,,,,,28.0,,0.7,,,258.0,,,,,70.6,,,,,,True,False,Comida / cena,0 | Fuente: base original de Alzum.,True
,Pescado lisa,Pescados,,100,gr,101.8,17.2,1.5,3.0,,,,,,,,,,10.1,,,,,24.0,,1.8,,,274.0,,,,1.0,75.5,,,,,,True,False,Comida / cena,0 | Fuente: base original de Alzum.,True
,Pescado lorna,Pescados,,100,gr,106.9,23.8,0.0,1.3,,,,,,,,,,,,,,,24.1,,0.5,,,,,,,,73.4,,,,,,False,False,Comida / cena,0 | Fuente: base original de Alzum.,True
,"Pescado lorna, salado",Pescados,,100,gr,142.9,24.0,3.4,3.7,,,,,,,,,,,,,,,15.0,,1.0,,,206.0,,,,,69.9,,,,,,True,False,Comida / cena,0 | Fuente: base original de Alzum.,True
,Pescado pampanito,Pescados,,100,gr,90.8,19.1,0.0,1.6,,,,,,,,,,2.5,,,,,60.0,,2.3,,,239.0,,,,,77.8,,,,,,True,False,Comida / cena,0 | Fuente: base original de Alzum.,True
,Pescado pejerrey,Pescados,,100,gr,60.4,14.2,0.0,0.4,,,,,,,,,,4.8,,,,,140.0,,1.2,,,151.0,,,,,82.8,,,,,,True,False,Comida / cena,0 | Fuente: base original de Alzum.,True
,Pescado perico,Pescados,,100,gr,93.0,21.0,0.0,1.0,,,,,,,,,,1.6,,,,,22.0,,1.0,,,170.0,,,,,75.1,,,,,,True,False,Comida / cena,0 | Fuente: base original de Alzum.,True
,Pescado tramboyo,Pescados,,100,gr,164.0,32.9,0.0,3.6,,,,,,,,,,,,,,,,,,,,,,,,,44.8,,,,,,False,False,Comida / cena,0 | Fuente: base original de Alzum.,True
,Pescado trucha,Pescados,,100,gr,130.6,20.5,0.0,5.4,,,,,,,,,,5.9,,,,,49.0,,1.9,,,217.0,,,,,72.5,,,,,,True,False,Comida / cena,0 | Fuente: base original de Alzum.,True
,Pota,Pescados,,100,gr,100.0,19.6,0.0,2.4,,,,,,,,,,,,,,,105.0,,0.7,,,311.0,,,,,76.5,,,,,,True,False,Comida / cena,0 | Fuente: base original de Alzum.,True
,Solomillos atún,Pescados,,100,gr,119.0,22.0,0.0,3.0,,,,,,,,,,,,,,,,,,,,,,,,,,,,,,,False,False,Comida / cena,Fuente: base original de Alzum.,True
,Tilapia,Pescados,,100,gr,95.62,20.1,0.0,1.7,,,41.0,63.0,3.9,487.0,162.0,24.0,1.6,,124.0,400.0,1.4,42.5,10.0,75.0,560.0,27.0,37.0,170.0,302.0,41.8,52.0,330.0,78.1,50.0,0.8,0.7,0.5,,True,False,Comida / cena,0.0 | Fuente: base original de Alzum.,True
,Eglefino,Pescados,,100,gr,82.12,18.9,0.0,0.7,,57.0,35.0,37.0,3.8,127.0,300.0,12.0,1.2,,24.0,390.0,0.1,65.0,33.0,26.0,1.1,39.0,25.0,188.0,311.0,30.2,68.0,370.0,79.9,57.0,0.1,0.1,0.2,,True,False,Comida / cena,0.0 | Fuente: base original de Alzum.,True
,Hipogloso,Pescados,,100,gr,103.85,20.8,0.0,2.3,,157.0,60.0,75.0,5.8,329.0,344.0,12.0,1.2,,229.0,850.0,0.1,61.8,47.0,27.0,840.0,83.0,15.0,222.0,450.0,36.5,54.0,420.0,77.9,32.0,0.3,0.8,0.7,,True,False,Comida / cena,0.0 | Fuente: base original de Alzum.,True
,Pescado blanco,Pescados,,100,gr,129.1,19.1,0.0,5.9,,120.0,140.0,120.0,3.0,750.0,300.0,15.0,1.0,,478.0,200.0,0.1,65.0,26.0,72.0,370.0,33.0,67.0,270.0,317.0,12.6,51.0,990.0,72.8,60.0,0.9,2.0,2.1,,True,False,Comida / cena,0.0 | Fuente: base original de Alzum.,True
,Big Mac,Platos preparados,,1,ud,590.0,25.0,46.0,34.0,,,,,,,,,,,,,,,,,,,,,,,,,,,,,,,False,False,Comida / cena,Fuente: base original de Alzum.,True
,Cocido casero,Platos preparados,,100,gr,131.0,5.6,7.0,8.6,,,,,,,,,,,,,,,,,,,,,,,,,,,,,,,False,False,Comida / cena,Fuente: base original de Alzum.,True
,KFC Pierna,Platos preparados,,1,ud,120.0,11.0,3.0,7.0,,,,,,,,,,,,,,,,,,,,,,,,,,,,,,,False,False,Comida / cena,Fuente: base original de Alzum.,True
,McDonalds Papitas medianas,Platos preparados,,1,ud,320.0,5.0,43.0,15.0,,,,,,,,,,,,,,,,,,,,,,,,,,,,,,,False,False,Comida / cena,Fuente: base original de Alzum.,True
,Yogur natural sin gluten,Lácteos,Hacendado,100,gr,38.0,4.2,4.8,0.1,,,,,,,,,,,,,,,,,,,,,,,,,,,,,,,False,False,,Fuente: base original de Alzum.,True
,Chucrut,Salsas y condimentos,,100,gr,22.0,1.5,1.9,0.5,,,,,,,,,,,,,,,,,,,,,,,,,,,,,,,False,False,Comida / cena,Fuente: base original de Alzum.,True
,Mayonesa,Salsas y condimentos,,100,gr,680.0,1.0,0.6,75.0,,,,,,,,,,,,,,,,,,,,,,,0.6,,,,12.0,17.0,45.0,,False,False,Comida / cena,Mayonesa genérica | Fuente: base original de Alzum.,True
,Mayonesa,Salsas y condimentos,Hacendado,100,gr,599.0,0.7,2.6,65.0,,,,,,,,,,,,,,,,,,,,,,,,,,,,,,,False,False,Comida / cena,Fuente: base original de Alzum.,True
,Mermelada frutilla,"Azúcares, siropes y edulcorantes",,100,gr,241.0,0.4,59.4,0.2,,,,,,,,,,,,,,,40.0,,1.2,,,13.0,,,,,39.7,,,,,,True,False,Comida / cena,0 | Fuente: base original de Alzum.,True
,Mostaza Dijon,Salsas y condimentos,Hacendado,100,gr,149.0,7.2,1.8,11.0,,,,,,,,,,,,,,,,,,,,,,,,,,,,,,,False,False,Comida / cena,Fuente: base original de Alzum.,True
,Salsa de Tomate,Salsas y condimentos,,100,gr,27.9,1.5,3.9,0.7,,,,,,,,,,,,,,,117.0,,3.0,,,64.0,,,,0.2,75.0,,,,,,True,False,Comida / cena,0 | Fuente: base original de Alzum.,True
,Sazonador Burritos,Salsas y condimentos,Hacendado,100,gr,268.0,14.2,39.6,3.3,,,,,,,,,,,,,,,,,,,,,,,,,,,,,,,False,False,Comida / cena,Fuente: base original de Alzum.,True
,Teriyaki ( masterfood ),Salsas y condimentos,,100,gr,180.0,0.2,40.8,0.2,,,,,,,,,,,,,,,,,,,,,,,,,,,,,,,False,False,Comida / cena,Fuente: base original de Alzum.,True
,Champiñones laminados bote,"Setas, hongos y algas",Hacendado,100,gr,21.0,2.8,1.5,0.1,,,,,,,,,,,,,,,,,,,,,,,,,,,,,,,False,False,Comida / cena,Fuente: base original de Alzum.,True
,Tortitas de legumbre,Snacks y aperitivos,,100,gr,366.0,25.0,55.0,3.1,,,,,,,,,,,,,,,,,,,,,,,1.7,,,,0.7,,,,False,False,Media mañana / merienda,Fuente: base original de Alzum.,True
,"Aminoácidos, BCAA's",Suplementos deportivos,,100,gr,400.0,100.0,0.0,0.0,,,,,,,,,,,,,,,,,,,,,,,,,,,,,,,False,False,"Desayuno, Media mañana / merienda",0.0 | Fuente: base original de Alzum.,True
,"Aminoácidos, EAA",Suplementos deportivos,,100,gr,400.0,100.0,0.0,0.0,,,,,,,,,,,,,,,,,,,,,,,,,,,,,,,False,False,"Desayuno, Media mañana / merienda",0.0 | Fuente: base original de Alzum.,True
,Avena,Suplementos deportivos,Max Protein,100,gr,356.8,11.1,57.4,5.7,,,,,,,,,,,,,,,,,,,,,,,,,,,,,,,False,False,"Desayuno, Media mañana / merienda",Fuente: base original de Alzum.,True
,Barra snack - caramel,Suplementos deportivos,Prozis,100,gr,402.0,30.0,39.0,13.0,4.7,,,,,,,,,,,,,,,,,,,,,,,,,,,,,,False,False,"Desayuno, Media mañana / merienda",Fuente: base original de Alzum.,True
,Barra wafer vainilla,Suplementos deportivos,Prozis,100,gr,532.0,31.0,25.0,36.0,,,,,,,,,,,,,,,,,,,,,,,,,,,,,,,False,False,"Desayuno, Media mañana / merienda",Fuente: base original de Alzum.,True
,Brownie,Suplementos deportivos,Prozis,100,gr,426.4,5.4,53.0,21.0,,,,,,,,,,,,,,,,,,,,,,,,,,,,,,,False,False,"Desayuno, Media mañana / merienda",Fuente: base original de Alzum.,True
,CENTRUM,Suplementos deportivos,,1,u,0.0,0.0,0.0,0.0,,2.0,1.4,1.6,,,2.0,,1.0,60.0,,14.9,30.0,,,2.0,14.0,100.0,2.5,125.0,40.0,25.0,,15.0,,,,,,,True,False,"Desayuno, Media mañana / merienda",0 | Fuente: base original de Alzum.,True
,Crema de cacahuete,Frutos secos y semillas,Prozis,100,gr,630.0,26.0,11.0,52.0,,,,,,,,,,,,,,,,,,,,,,,,,,,,,,,False,False,"Desayuno, Media mañana / merienda",Fuente: base original de Alzum.,True
,F-1,Suplementos deportivos,Herbalife,100,gr,222.0,35.0,31.0,1.8,16.0,1180.0,,,,,1.6,,,104.0,7.3,17.0,110.0,,390.0,1.7,21.0,431.0,3.1,890.0,1420.0,81.0,,11.0,,,,,,,True,False,"Desayuno, Media mañana / merienda","Desglose de ácidos grasos vaciado: era incompatible con la grasa total corregida. [Corregido: el registro original era incoherente.] Grasa 10 -> 1,8 g para cuadrar con sus 222 kcal. Fuente: base original de Alzum.",True
,F-3,Suplementos deportivos,Herbalife,100,gr,385.0,83.0,3.7,4.3,,,,,,,,,,,,,,,,,,,,,,,,,,,,,,,False,False,"Desayuno, Media mañana / merienda",Fuente: base original de Alzum.,True
,Krispees,Suplementos deportivos,Prozis,100,gr,397.0,26.0,46.0,10.0,,,,,,,,,,,,,,,,,,,,,,,,,,,,,,,False,False,"Desayuno, Media mañana / merienda",Fuente: base original de Alzum.,True
,Megaplex gainer,Suplementos deportivos,,100,gr,396.2,16.6,83.0,0.4,,,,,,,,,,,,,,,,,,,,,,,,,,,,,,,False,False,"Desayuno, Media mañana / merienda","Reescalado a 100 g. El registro original daba los valores por 3,5 cazos (265 g). | SON 3.5 COPAS | Fuente: base original de Alzum.",True
,Oatmeal - proteína,Suplementos deportivos,Prozis,100,gr,378.0,30.0,48.0,6.4,,,,,,,,,,,,,,,,,,,,,,,,,,,,,,,False,False,"Desayuno, Media mañana / merienda",Fuente: base original de Alzum.,True
,Oatmeal banana,Suplementos deportivos,Prozis,100,gr,372.0,31.0,45.0,5.9,,,,,,,,,,,,,,,,,,,,,,,,,,,,,,,False,False,"Desayuno, Media mañana / merienda",Fuente: base original de Alzum.,True
,Protein pancakes,Suplementos deportivos,Prozis,100,gr,364.0,55.0,23.0,4.7,,,,,,,,,,,,,,,,,,,,,,,,,,,,,,,False,False,"Desayuno, Media mañana / merienda",Fuente: base original de Alzum.,True
,Proteína cookies and cream,Suplementos deportivos,Prozis,100,gr,371.0,73.0,5.4,6.4,,,,,,,,,,,,,,,,,,,,,,,,,,,,,,,False,False,"Desayuno, Media mañana / merienda",Fuente: base original de Alzum.,True
,Pan,Pan y pasta,Prozis,100,gr,245.0,17.0,17.0,9.0,14.0,,,,,,,,,,,,,,,,,,,,,,,,,,,,,,False,False,"Desayuno, Media mañana / merienda",Fuente: base original de Alzum.,True
,Peanut Butter crunchy,Suplementos deportivos,Prozis,100,gr,616.0,25.0,15.0,49.0,,,,,,,,,,,,,,,,,,,,,,,,,,,,,,,False,False,"Desayuno, Media mañana / merienda",Fuente: base original de Alzum.,True
,Protein snack toffee,Suplementos deportivos,Prozis,100,gr,402.0,30.0,39.0,13.0,4.7,,,,,,,,,,,,,,,,,,,,,,,,,,,,,,False,False,"Desayuno, Media mañana / merienda",Fuente: base original de Alzum.,True
,Proteína Hidro whey isolate de,Suplementos deportivos,Prozis,100,gr,402.0,90.0,2.9,3.4,,,,,,,,,,,,,,,,,,,,,,,0.2,,,,2.0,,,,False,False,"Desayuno, Media mañana / merienda",Fuente: base original de Alzum.,True
,Proteína WHEY,Suplementos deportivos,Decathlon,100,gr,361.0,70.0,14.0,3.7,,,,,,,,,,,,,,,,,,,,,,,,,,,,,,,False,False,"Desayuno, Media mañana / merienda",Fuente: base original de Alzum.,True
,Proteína Xtreme Whey White Chocolate,Suplementos deportivos,Prozis,100,gr,402.0,71.0,13.0,7.3,,,,,,,,,,,,,,,,,,,,,,,,,,,,,,,False,False,"Desayuno, Media mañana / merienda",Fuente: base original de Alzum.,True
,Proteína Chocolate,Suplementos deportivos,Prozis,100,gr,385.8,81.0,3.3,5.4,,,,,,,,,,,,,,,,,,,,,,,,,,,,,,,False,False,"Desayuno, Media mañana / merienda",Fuente: base original de Alzum.,True
,Proteína Whey Isolada Vainilla (ON),Suplementos deportivos,,29,gr,117.0,24.0,3.0,1.0,,,,,,,,,,,,,,,,,,,,,,,,,,,,,,,False,False,"Desayuno, Media mañana / merienda",0 | Fuente: base original de Alzum.,True
,Proteína whey,Suplementos deportivos,,100,gr,368.0,71.0,6.0,6.0,,,,,,,,,,,,,,,,,,,,,,,,,,,,,,,False,False,"Desayuno, Media mañana / merienda",Fuente: base original de Alzum.,True
,Rebuild Strength,Suplementos deportivos,,100,gr,380.0,51.0,36.0,3.0,,,,,,,,,,160.0,,9.1,,,,,,,,,,,,,,,,,,,False,False,"Desayuno, Media mañana / merienda",Fuente: base original de Alzum.,True
,Whey Isolate Zero,Suplementos deportivos,,100,gr,353.0,82.0,4.0,1.0,,,,,,,,,,,,,,,,,,,,,,,,,,,,,,,False,False,"Desayuno, Media mañana / merienda",Fuente: base original de Alzum.,True
,Billion blanco,Suplementos deportivos,Prozis,100,gr,445.0,21.0,47.0,18.0,,,,,,,,,,,,,,,,,,,,,,,,,,,,,,,False,False,"Desayuno, Media mañana / merienda",Fuente: base original de Alzum.,True
,Creatina,Suplementos deportivos,,100,gr,0.0,0.0,0.0,0.0,,,,,,,,,,,,,,,,,,,,,,,,,,,,,,,False,False,"Desayuno, Media mañana / merienda",0.0 | Fuente: base original de Alzum.,True
,Nacho chips,Suplementos deportivos,Prozis,100,gr,346.0,45.0,20.0,11.0,,,,,,,,,,,,,,,,,,,,,,,,,,,,,,,False,False,"Desayuno, Media mañana / merienda",Fuente: base original de Alzum.,True
,Camote,Tubérculos y raíces,,100,gr,87.21,1.6,20.1,0.1,3.0,14.2,78.0,61.0,557.0,800.0,209.0,11.0,,2.4,,260.0,1.8,12.3,30.0,151.0,610.0,25.0,258.0,47.0,337.0,0.6,55.0,300.0,77.3,,,,,4.2,True,False,Comida / cena,61.0 | Fuente: base original de Alzum.,True
,Camote amarillo,Tubérculos y raíces,,100,gr,117.0,1.2,27.6,0.2,,,,,,,,,,10.0,,,,,41.0,,0.8,,,31.0,,,,0.3,69.9,,,,,,True,False,Comida / cena,0 | Fuente: base original de Alzum.,True
,Camote blanco,Tubérculos y raíces,,100,gr,120.9,1.7,28.3,0.1,,,,,,,,,,12.9,,,,,26.0,,2.5,,,33.0,,,,,68.8,,,,,,True,False,Comida / cena,0 | Fuente: base original de Alzum.,True
,Camote morado,Tubérculos y raíces,,100,gr,111.1,1.4,25.7,0.3,,,,,,,,,,13.6,,,,,36.0,,1.4,,,40.0,,,,,71.6,,,,,,True,False,Comida / cena,0 | Fuente: base original de Alzum.,True
,Harina de Camote,Tubérculos y raíces,,100,gr,353.7,2.1,84.3,0.9,,,,,,,,,,7.9,,,,,153.0,,5.7,,,99.0,,,,0.3,9.9,,,,,,True,False,Comida / cena,0 | Fuente: base original de Alzum.,True
,Harina de Yuca,Tubérculos y raíces,,100,gr,334.9,1.7,80.9,0.5,,,,,,,,,,13.6,,,,,155.0,,5.3,,,110.0,,,,,14.3,,,,,,True,False,Comida / cena,0 | Fuente: base original de Alzum.,True
,KFC puré de papa,Tubérculos y raíces,,1,ud,120.0,2.0,19.0,4.0,,,,,,,,,,,,,,,,,,,,,,,,,,,,,,,False,False,Comida / cena,Fuente: base original de Alzum.,True
,Maca (Tubérculo seco),Tubérculos y raíces,,100,gr,326.8,11.8,66.3,1.6,,,,,,,,,,2.5,,,,,247.0,,14.7,,,183.0,,,,,15.3,,,,,,True,False,Comida / cena,0 | Fuente: base original de Alzum.,True
,Olluco sin cáscara,Tubérculos y raíces,,100,gr,62.5,1.1,14.3,0.1,,,,,,,,,,11.5,,,,,3.0,,1.1,,,28.0,,,,,83.7,,,,,,True,False,Comida / cena,0 | Fuente: base original de Alzum.,True
,Papa,Tubérculos y raíces,,100,gr,78.77,2.0,17.5,0.1,2.2,2.0,80.0,32.0,1.1,296.0,295.0,16.0,,19.7,,10.0,1.9,12.1,12.0,108.0,780.0,23.0,153.0,57.0,421.0,0.3,6.0,290.0,79.3,,,,,0.8,True,False,Comida / cena,85.0 | Fuente: base original de Alzum.,True
,Papa amarilla sin cáscara,Tubérculos y raíces,,100,gr,104.8,2.0,23.3,0.4,,,,,,,,,,9.0,,,,,6.0,,0.4,,,52.0,,,,0.3,73.2,,,,,,True,False,Comida / cena,0 | Fuente: base original de Alzum.,True
,Papa cocida,Tubérculos y raíces,,100,gr,80.0,2.0,18.0,2.0,,,,,,,,,,,,,,,,,,,,,,,,,,,,,,,False,False,Comida / cena,Fuente: base original de Alzum.,True
,Puré patatas copos,Tubérculos y raíces,Carrefour,100,gr,360.0,7.7,77.0,0.6,8.0,,,,,,,,,,,,,,,,,,,,,,0.1,,,,0.3,,,,False,False,Comida / cena,Fuente: base original de Alzum.,True
,Remolacha raíz,Tubérculos y raíces,,100,gr,46.21,1.6,9.6,0.2,,,,,,,,,,4.9,,,,,16.0,,0.8,,,40.0,,,,0.4,87.6,,,,,,True,False,Comida / cena,0 | Fuente: base original de Alzum.,True
,Yuca amarilla fresca sin cáscara,Tubérculos y raíces,,100,gr,160.6,0.6,39.1,0.2,,,,,,,,,,36.3,,,,,35.0,,0.4,,,62.0,,,,0.2,59.0,,,,,,True,False,Comida / cena,0 | Fuente: base original de Alzum.,True
,Yuca asada,Tubérculos y raíces,,100,gr,182.7,0.6,44.4,0.3,,,,,,,,,,22.9,,,,,29.0,,0.2,,,69.0,,,,0.2,53.7,,,,,,True,False,Comida / cena,0 | Fuente: base original de Alzum.,True
,Yuca blanca fresca sin cáscara,Tubérculos y raíces,,100,gr,162.2,0.8,39.3,0.2,,,,,,,,,,30.7,,,,,25.0,,0.5,,,52.0,,,,0.2,58.9,,,,,,True,False,Comida / cena,0 | Fuente: base original de Alzum.,True
,Yuca blanca sancochada,Tubérculos y raíces,,100,gr,149.4,0.5,36.4,0.2,,,,,,,,,,22.7,,,,,26.0,,0.2,,,60.0,,,,0.2,62.0,,,,,,True,False,Comida / cena,0 | Fuente: base original de Alzum.,True
,Zanahoria amarilla sin cáscara,Tubérculos y raíces,,100,gr,43.7,0.6,9.2,0.5,,,,,,,,,,17.4,,,,,33.0,,0.5,,,16.0,,,,0.2,89.0,,,,,,True,False,Comida / cena,0 | Fuente: base original de Alzum.,True
,Patatas fritas (merienda),Tubérculos y raíces,,100,gr,557.08,6.6,50.8,36.4,4.4,,63.0,230.0,4.2,4.3,723.0,75.0,,18.6,,6.7,22.1,12.1,24.0,398.0,1.6,70.0,664.0,155.0,1.6,8.1,525.0,2.4,2.3,,4.0,16.0,16.0,0.4,True,False,Comida / cena,56.0 | Fuente: base original de Alzum.,True
,Ñame (batata),Tubérculos y raíces,,100,gr,119.17,1.5,27.9,0.2,4.1,138.0,112.0,32.0,552.0,314.0,293.0,23.0,,17.1,,350.0,2.3,16.5,17.0,178.0,540.0,21.0,397.0,55.0,816.0,0.7,9.0,240.0,69.6,,,,0.1,0.5,True,False,Comida / cena,50.0 | Fuente: base original de Alzum.,True
,Acelgas,Verduras y hortalizas,,100,gr,28.0,1.9,4.0,0.2,1.2,335.2,,,,,,,,35.0,,,,,105.0,,3.3,76.0,,,378.0,0.9,150.0,,92.0,,,,,,True,False,Comida / cena,Fuente: base original de Alzum.,True
,Ajo sin cáscara,Verduras y hortalizas,,100,gr,151.2,5.6,30.4,0.8,,,,,,,,,,9.1,,,,,94.0,,1.7,,,180.0,,,,1.2,61.4,,,,,,True,False,Comida / cena,0 | Fuente: base original de Alzum.,True
,Alcachofa,Verduras y hortalizas,,100,gr,24.6,2.8,2.9,0.2,,,,,,,,,,,,,,,42.0,,1.1,,,51.0,,,,0.5,92.9,,,,,,True,False,Comida / cena,0 | Fuente: base original de Alzum.,True
,Alfalfa,Verduras y hortalizas,,100,gr,23.0,4.0,2.1,0.7,,,,,,,,,,,,,,,,,,,,,,,,,,,,,,,False,False,Comida / cena,Fuente: base original de Alzum.,True
,Apio sin hojas,Verduras y hortalizas,,100,gr,23.8,0.7,4.8,0.2,,,,,,,,,,8.3,,,,,70.0,,1.5,,,28.0,,,,0.1,93.4,,,,,,True,False,Comida / cena,0 | Fuente: base original de Alzum.,True
,Berenjenas tomate y mozarella,Verduras y hortalizas,,100,gr,271.0,8.6,32.0,12.0,,,,,,,,,,,,,,,,,,,,,,,,,,,,,,,False,False,Comida / cena,Fuente: base original de Alzum.,True
,Brócoli,Verduras y hortalizas,,100,gr,41.17,2.8,6.6,0.4,2.6,623.0,71.0,117.0,639.0,573.0,175.0,63.0,,89.2,,780.0,101.6,18.7,47.0,49.0,730.0,21.0,210.0,66.0,316.0,2.5,33.0,410.0,89.3,,,,,1.7,True,True,Comida / cena,15.0 | Fuente: base original de Alzum.,False
,Brócoli Bimi,Verduras y hortalizas,,100,gr,35.0,3.8,2.7,0.2,3.7,,,,,,,,,,,,,,,,,,,,,,,,,,,,,,False,False,Comida / cena,Fuente: base original de Alzum.,True
,Caigua,Verduras y hortalizas,,100,gr,17.0,0.5,3.3,0.2,,,,,,,,,,11.4,,,,,34.0,,0.9,,,43.0,,,,,95.0,,,,,,True,False,Comida / cena,0 | Fuente: base original de Alzum.,True
,Caigua serrana,Verduras y hortalizas,,100,gr,23.3,1.5,4.1,0.1,,,,,,,,,,6.9,,,,,32.0,,0.5,,,32.0,,,,,93.5,,,,,,True,False,Comida / cena,0 | Fuente: base original de Alzum.,True
,Cebollas,Verduras y hortalizas,,100,gr,42.66,1.1,9.3,0.1,1.7,2.0,46.0,27.0,116.0,123.0,120.0,19.0,,7.4,,20.0,0.4,6.1,23.0,39.0,210.0,10.0,129.0,29.0,146.0,0.5,4.0,170.0,89.1,,,,,4.2,True,False,Comida / cena,15.0 | Fuente: base original de Alzum.,True
,Cebollita china,Verduras y hortalizas,,100,gr,42.8,2.3,7.5,0.4,,,,,,,,,,10.5,,,,,141.0,,1.1,,,61.0,,,,0.5,88.7,,,,,,True,False,Comida / cena,0 | Fuente: base original de Alzum.,True
,Col blanca,Verduras y hortalizas,,100,gr,27.1,1.3,4.8,0.3,,,,,,,,,,31.4,,,,,46.0,,0.4,,,46.0,,,,0.2,93.1,,,,,,True,False,Comida / cena,0 | Fuente: base original de Alzum.,True
,Col roja,Verduras y hortalizas,,100,gr,36.64,1.4,7.4,0.2,2.1,1.1,64.0,69.0,418.0,147.0,209.0,18.0,,57.0,,110.0,38.2,17.1,45.0,17.0,800.0,16.0,243.0,30.0,243.0,0.6,27.0,220.0,90.4,,,,0.1,3.8,True,False,Comida / cena,15.0 | Fuente: base original de Alzum.,True
,Crema de verduras,Platos preparados,,100,gr,64.0,2.1,6.3,3.5,,,,,,,,,,,,,,,,,,,,,,,,,,,,,,,False,False,Comida / cena,Fuente: base original de Alzum.,True
,Ensalada 4 estaciones,Verduras y hortalizas,Hacendado,100,gr,17.0,0.9,2.0,0.5,2.4,,,,,,,,,,,,,,,,,,,,,,,,,,,,,,False,False,Comida / cena,Fuente: base original de Alzum.,True
,Ensalada gourmet,Verduras y hortalizas,Hacendado,100,gr,26.0,1.4,3.1,0.3,,,,,,,,,,,,,,,,,,,,,,,,,,,,,,,False,False,Comida / cena,Fuente: base original de Alzum.,True
,Ensalada lechuga,Verduras y hortalizas,Hacendado,100,gr,22.0,1.2,2.9,0.5,,,,,,,,,,,,,,,,,,,,,,,,,,,,,,,False,False,Comida / cena,Solo lechuga | Fuente: base original de Alzum.,True
,Espárrago delgado,Verduras y hortalizas,Hacendado,100,gr,15.0,1.3,1.6,0.1,,,,,,,,,,,,,,,,,,,,,,,,,,,,,,,False,False,Comida / cena,Fuente: base original de Alzum.,True
,Espárragos,Verduras y hortalizas,,100,gr,29.0,2.2,4.6,0.2,,,,,,,,,,8.0,,,,,35.0,,1.2,,,35.0,,,,0.5,92.3,,,,,,True,False,Comida / cena,0 | Fuente: base original de Alzum.,True
,Espárragos trigueros,Verduras y hortalizas,,100,gr,21.0,2.3,2.0,0.2,,,,,,,,,,,,,,,,,,,,,,,,,,,,,,,False,False,Comida / cena,Fuente: base original de Alzum.,True
,Gazpacho,Platos preparados,Realfooding,100,gr,56.0,1.9,2.4,4.6,,,,,,,,,,,,,,,,,,,,,,,,,,,,,,,False,False,Comida / cena,Fuente: base original de Alzum.,True
,Guacamole,Salsas y condimentos,,100,gr,148.0,0.0,6.0,12.0,,,,,,,,,,,,,,,,,,,,,,,,,,,,,,,False,False,Comida / cena,Fuente: base original de Alzum.,True
,Guacamole,Salsas y condimentos,Hacendado,100,gr,149.0,1.9,2.0,13.7,5.0,,,,,,,,,,,,,,,,,,,,,,,,,,3.8,,,,False,False,Comida / cena,10 gr cada cucharada aproximadamente | Fuente: base original de Alzum.,True
,Habichuelas (verdura),Verduras y hortalizas,,100,gr,27.0,1.6,6.1,0.1,,,,,,,,,,,,,,,,,,,,,,,,,,,,,,,False,False,Comida / cena,Fuente: base original de Alzum.,True
,Huacatay,Verduras y hortalizas,,100,gr,62.4,5.0,8.8,0.8,,,,,,,,,,17.1,,,,,412.0,,8.7,,,79.0,,,,,83.4,,,,,,True,False,Comida / cena,0 | Fuente: base original de Alzum.,True
,Judías verdes redondas (Ybarra),Verduras y hortalizas,,100,gr,16.0,0.7,2.6,0.5,1.5,,,,,,,,,,,,,,,,,,,,,,,,,,,,,,False,False,Comida / cena,En conserva | Fuente: base original de Alzum.,True
,Lechuga americana,Verduras y hortalizas,,100,gr,12.9,0.6,2.4,0.1,,,,,,,,,,1.5,,,,,52.0,,0.1,,,20.0,,,,0.2,96.6,,,,,,True,False,Comida / cena,0 | Fuente: base original de Alzum.,True
,Lechuga larga,Verduras y hortalizas,,100,gr,23.4,1.5,3.9,0.2,,,,,,,,,,14.5,,,,,64.0,,1.6,,,63.0,,,,0.2,93.4,,,,,,True,False,Comida / cena,0 | Fuente: base original de Alzum.,True
,Okra,Verduras y hortalizas,,100,gr,37.02,2.0,7.0,0.1,3.2,375.0,200.0,60.0,1.0,245.0,215.0,88.0,,21.1,,360.0,53.0,12.3,81.0,94.0,800.0,57.0,990.0,63.0,303.0,0.7,8.0,600.0,90.2,,,,,1.2,True,False,Comida / cena,35.0 | Fuente: base original de Alzum.,True
,Pepino dulce,Verduras y hortalizas,,100,gr,29.2,0.3,7.0,0.0,,,,,,,,,,29.7,,,,,30.0,,0.3,,,10.0,,,,,92.3,,,,,,True,False,Comida / cena,0 | Fuente: base original de Alzum.,True
,Pimiento,Verduras y hortalizas,,100,gr,41.3,1.5,7.7,0.5,,,,,,,,,,108.3,,,,,12.0,,0.5,,,24.0,,,,0.3,89.6,,,,,,True,False,Comida / cena,0 | Fuente: base original de Alzum.,True
,Pimiento amarillo,Verduras y hortalizas,,100,gr,31.17,1.0,6.3,0.2,0.9,200.0,28.0,25.0,890.0,168.0,168.0,26.0,,183.5,,,,,11.0,107.0,460.0,12.0,117.0,24.0,212.0,0.3,2.0,170.0,92.0,,,,,,True,False,Comida / cena,15.0 | Fuente: base original de Alzum.,True
,Pimientos de padron,Verduras y hortalizas,,100,gr,24.0,0.7,4.6,0.8,,,,,,,,,,,,,,,,,,,,,,,,,,,,,,,False,False,Comida / cena,Fuente: base original de Alzum.,True
,Pipa de calabaza natural,Verduras y hortalizas,Hacendado,100,gr,583.0,35.0,1.6,48.0,5.5,,,,,,,,,,,,,,,,,,,,,,,,,,,,,,False,False,Comida / cena,Fuente: base original de Alzum.,True
,Poro sin hojas,Verduras y hortalizas,,100,gr,48.4,2.7,7.6,0.8,,,,,,,,,,8.6,,,,,78.0,,0.7,,,50.0,,,,0.1,87.8,,,,,,True,False,Comida / cena,0 | Fuente: base original de Alzum.,True
,Puré de verduras,Verduras y hortalizas,,100,gr,81.0,2.0,12.6,2.9,,,,,,,,,,,,,,,,,,,,,,,,,,,,,,,False,False,Comida / cena,Fuente: base original de Alzum.,True
,Rabanitos,Verduras y hortalizas,,100,gr,15.7,0.8,2.9,0.1,,,,,,,,,,18.6,,,,,36.0,,1.0,,,29.0,,,,0.3,95.1,,,,,,True,False,Comida / cena,0 | Fuente: base original de Alzum.,True
,Rocoto fresco,Verduras y hortalizas,,100,gr,42.1,1.2,8.2,0.5,,,,,,,,,,14.9,,,,,6.0,,0.5,,,22.0,,,,,89.5,,,,,,True,False,Comida / cena,0 | Fuente: base original de Alzum.,True
,Salteado Verduras,Verduras y hortalizas,,100,gr,34.0,2.0,5.0,0.0,,,,,,,,,,,,,,,,,,,,,,,,,,,,,,,False,False,Comida / cena,Fuente: base original de Alzum.,True
,Tomate de árbol,Verduras y hortalizas,,100,gr,47.1,1.3,9.8,0.3,,,,,,,,,,2.3,,,,,18.0,,0.2,,,28.0,,,,,87.5,,,,,,True,False,Comida / cena,0 | Fuente: base original de Alzum.,True
,Tomates amarillos,Verduras y hortalizas,,100,gr,18.18,1.0,3.0,0.3,0.7,,41.0,47.0,1.2,110.0,56.0,30.0,,9.0,,,,,11.0,101.0,490.0,12.0,120.0,36.0,258.0,0.4,23.0,280.0,95.3,,,,0.1,,True,False,Comida / cena,30.0 | Fuente: base original de Alzum.,True
,Tortilla Campesina,Verduras y hortalizas,,100,gr,355.0,6.6,80.0,2.2,4.9,,,,,,,,,,,,,,,,,,,,,,5.8,,,,,,,,False,False,Comida / cena,Fuente: base original de Alzum.,True
,Vainitas,Verduras y hortalizas,,100,gr,44.7,2.4,8.1,0.3,,,,,,,,,,9.6,,,,,88.0,,1.4,,,49.0,,,,0.2,88.2,,,,,,True,False,Comida / cena,0 | Fuente: base original de Alzum.,True
,Zapallo italiano,Verduras y hortalizas,,100,gr,17.0,0.9,2.9,0.2,,,,,,,,,,26.2,,,,,27.0,,0.3,,,34.0,,,,,95.4,,,,,,True,False,Comida / cena,0 | Fuente: base original de Alzum.,True
,Zapallo loche,Verduras y hortalizas,,100,gr,91.7,1.6,21.1,0.1,,,,,,,,,,2.6,,,,,20.0,,1.2,,,57.0,,,,0.2,75.7,,,,,,True,False,Comida / cena,0 | Fuente: base original de Alzum.,True
,Calabaza de verano,Verduras y hortalizas,,100,gr,19.86,1.2,3.4,0.2,1.1,200.0,48.0,142.0,487.0,155.0,218.0,29.0,,17.0,,120.0,3.0,6.7,15.0,51.0,350.0,17.0,175.0,38.0,262.0,0.2,2.0,290.0,94.6,,,,0.1,2.2,True,False,Comida / cena,15.0 | Fuente: base original de Alzum.,True
,Chalotes,Verduras y hortalizas,,100,gr,78.1,2.5,16.8,0.1,,1.2,60.0,20.0,200.0,290.0,345.0,34.0,,8.0,,,,,37.0,88.0,1.2,21.0,292.0,60.0,334.0,1.2,12.0,400.0,79.8,,,,,,True,False,Comida / cena,15.0 | Fuente: base original de Alzum.,True
,Espinaca baby,Verduras y hortalizas,,100,gr,18.0,3.6,0.8,0.0,,,,,,,,,,,,,,,,,,,,,,,,,,,,,,,False,False,Comida / cena,Fuente: base original de Alzum.,True
,Jitomate rojo,Verduras y hortalizas,,100,gr,23.0,1.0,3.5,0.2,,,,,,,,,,,,,,,,,,,,,,,,,,,,,,,False,False,Comida / cena,Fuente: base original de Alzum.,True
,Lechuga roja,Verduras y hortalizas,,100,gr,16.34,1.3,2.3,0.2,0.9,7.5,64.0,77.0,321.0,144.0,100.0,36.0,,3.7,,150.0,140.3,11.8,33.0,28.0,1.2,12.0,203.0,28.0,187.0,1.5,25.0,200.0,95.6,,,,,0.5,True,False,Comida / cena,15.0 | Fuente: base original de Alzum.,True
,Lechuga verde,Verduras y hortalizas,,100,gr,17.95,1.4,2.8,0.2,1.3,7.4,70.0,80.0,375.0,134.0,90.0,38.0,,18.0,,290.0,173.6,13.4,36.0,29.0,860.0,13.0,250.0,29.0,194.0,0.6,28.0,180.0,95.1,,,,0.1,0.8,True,False,Comida / cena,15.0 | Fuente: base original de Alzum.,True
,Pimiento rojo dulce,Verduras y hortalizas,,100,gr,26.0,1.0,6.0,1.0,,,,,,,,,,,,,,,,,,,,,,,,,,,,,,,False,False,Comida / cena,Fuente: base original de Alzum.,True
,Pisto de verduras,Verduras y hortalizas,,100,gr,120.0,3.2,19.8,2.2,,,,,,,,,,,,,,,,,,,,,,,,,,,,,,,False,False,Comida / cena,verduras hacendado.congelada | Fuente: base original de Alzum.,True
,Soja verde,Verduras y hortalizas,,100,gr,157.2,13.0,11.1,6.8,4.2,180.0,435.0,175.0,1.7,147.0,65.0,165.0,,29.0,,,,,197.0,128.0,3.6,65.0,547.0,194.0,620.0,1.5,15.0,990.0,67.5,,0.8,1.3,3.2,,True,False,Comida / cena,30.0 | Fuente: base original de Alzum.,True
,"Soya, germinados",Verduras y hortalizas,,100,gr,150.94,13.1,9.6,6.7,1.1,11.0,340.0,118.0,1.1,929.0,176.0,172.0,,15.3,,,,,67.0,427.0,2.1,72.0,702.0,164.0,484.0,0.6,14.0,1.2,69.1,,0.9,1.5,3.8,,True,False,Comida / cena,15.0 | Fuente: base original de Alzum.,True
,Tomate triturado,Verduras y hortalizas,,100,gr,26.0,0.8,5.1,0.1,,,,,,,,,,,,,,,,,,,,,,,,,,,,,,,False,False,Comida / cena,Fuente: base original de Alzum.,True
,Tomates en lata,Verduras y hortalizas,,100,gr,20.29,0.8,4.0,0.1,1.0,117.0,45.0,55.0,712.0,118.0,111.0,8.0,,9.3,,680.0,2.9,7.0,31.0,69.0,970.0,11.0,77.0,19.0,188.0,0.1,10.0,140.0,94.3,,,,0.1,2.4,True,False,Comida / cena,30.0 | Fuente: base original de Alzum.,True
,Zucchini (calabacín),Verduras y hortalizas,,100,gr,20.16,1.2,3.1,0.3,1.0,200.0,45.0,94.0,451.0,204.0,163.0,24.0,,17.9,,120.0,4.3,9.5,16.0,53.0,370.0,18.0,177.0,38.0,261.0,0.2,8.0,320.0,94.8,,0.1,,0.1,2.5,True,False,Comida / cena,15.0 | Fuente: base original de Alzum.,True
,Almendrado,"Bollería, repostería y galletas",,100,gr,431,9,57,18.1,2,0.3,0.1,0.3,0.9,,0.02,12,0,0,0,12.4,,,69,,1.9,75,,204,260,,75,1,13.9,0,1.5,12.4,3.4,,True,False,"Desayuno, Media mañana / merienda","Fuente: Moreiras y cols., Tablas de composición de alimentos (Pirámide).",True
,Arroz blanco,Cereales y granos,,100,gr,381,7,86,0.9,0.2,0,0.05,0.03,3.1,,0.3,20,0,0,0,0.3,,,10,,0.5,13,,100,110,7,6,0.2,5.9,0,0.21,0.23,0.32,,True,False,Comida / cena,"Fuente: Moreiras y cols., Tablas de composición de alimentos (Pirámide).",True
,Arroz blanco de cocción rápida,Cereales y granos,,100,gr,349,6.9,78.2,0.61,1.4,0,0.22,0.06,3.4,,0.38,19,0,0,0,0.07,,,34,,1.4,46,,130,135,,3,1.8,12.9,0,0.15,0.17,0.2,,True,False,Comida / cena,"Fuente: Moreiras y cols., Tablas de composición de alimentos (Pirámide).",True
,Arroz blanco hervido,Cereales y granos,,100,gr,117,2.3,26.3,0.2,0.5,0,0.02,0.01,0.4,,0.05,3,0,0,0,0,,,4,,0.2,8,,37,34,7.5,1,0.7,70.7,0,0.057,0.065,0.056,,True,False,Comida / cena,"Fuente: Moreiras y cols., Tablas de composición de alimentos (Pirámide).",True
,Arroz inflado chocolateado,Cereales y granos,,100,gr,381,5.3,87.4,1,0.8,,1,1.5,,,1.8,,0.17,,2.8,18.7,,,34.5,,6.7,50,,142,186,,880,,5.5,0,,,,,True,False,Comida / cena,"Fuente: Moreiras y cols., Tablas de composición de alimentos (Pirámide).",True
,Arroz integral,Cereales y granos,,100,gr,351,8,73.4,2.2,2.8,0,0.3,0.08,6.8,,0.64,40,0,0,0,0.6,,,20,,2,131.5,,300,200,10,6,1.6,13.6,0,0.42,0.45,0.65,,True,False,Comida / cena,"Fuente: Moreiras y cols., Tablas de composición de alimentos (Pirámide).",True
,Arroz integral hervido,Cereales y granos,,100,gr,118,2.5,24.6,0.75,1.4,0,0.1,0.02,1.3,,0.15,10,0,0,0,0.2,,,9,,0.5,43,,83,79,,2,0.7,70.8,0,0.16,0.3,0.29,,True,False,Comida / cena,"Fuente: Moreiras y cols., Tablas de composición de alimentos (Pirámide).",True
,Arroz salvaje,Cereales y granos,,100,gr,369,14.7,72.1,1.08,6.2,1,0.115,0.262,6.733,,0.391,95,0,0,0,0.82,,,21,,1.96,177,,433,427,2.8,7,5.96,7.8,0,0.156,0.159,0.676,,True,False,Comida / cena,"Fuente: Moreiras y cols., Tablas de composición de alimentos (Pirámide).",True
,Arroz salvaje cocido,Cereales y granos,,100,gr,105,4,20.5,0.34,1.8,0,0.052,0.087,1.287,,0.135,26,0,0,0,0.24,,,3,,0.6,32,,82,101,0.8,3,1.34,73.9,0,0.049,0.05,0.213,,True,False,Comida / cena,"Fuente: Moreiras y cols., Tablas de composición de alimentos (Pirámide).",True
,Avena,Cereales y granos,,100,gr,361,11.7,59.8,7.1,5.6,,0.52,0.14,2.37,,0.96,60,0,0,0,2,,,79.6,,5.8,129,,400,355,7.1,8.4,4.5,15.8,0,1.5,2.6,2.9,,True,False,,"Fuente: Moreiras y cols., Tablas de composición de alimentos (Pirámide).",True
,"Avena, copos",Cereales y granos,,100,gr,379,13.2,61.9,6.52,10.1,0,0.46,0.155,1.125,,0.1,32,0,0,0,0.42,,,52,,4.25,138,,410,362,,6,3.64,10.8,0,1.11,1.98,2.3,,True,False,,"Fuente: Moreiras y cols., Tablas de composición de alimentos (Pirámide).",True
,Barrita de cereales,Snacks y aperitivos,,100,gr,427,7,70,13,1,,1.2,1.4,15.3,,1.7,170,0.85,,,,,,680,,11.9,,,,,,250,,9,0,11,,,,True,False,Media mañana / merienda,"Fuente: Moreiras y cols., Tablas de composición de alimentos (Pirámide).",True
,Barrita de cereales baja en calorías,Snacks y aperitivos,,100,gr,353,27,33.4,12.4,4.1,0,0.552,0.665,8.47,,0.85,94.7,0.711,25.5,2.4,4.7,,,285,,6.5,104,,350,625,25.5,46.7,5.8,9.5,0,0.333,0.733,0.2,,True,False,Media mañana / merienda,"Fuente: Moreiras y cols., Tablas de composición de alimentos (Pirámide).",True
,Barrita de cereales integrales,Snacks y aperitivos,,100,gr,393,8,76,6,1.5,,1.2,1.3,15.1,,1.7,168,0.84,,,,,,,,5.9,,,,,,250,,8.5,0,5,,,,True,False,Media mañana / merienda,"Fuente: Moreiras y cols., Tablas de composición de alimentos (Pirámide).",True
,Barrita de cereales ricos en fibra,Snacks y aperitivos,,100,gr,414,7,51,16,19,,0.9,1,11.3,,1.3,126,0.63,,,,,,,,6,,,,,,250,,7,0,5,,,,True,False,Media mañana / merienda,"Fuente: Moreiras y cols., Tablas de composición de alimentos (Pirámide).",True
,Base de pizza,Pan y pasta,,100,gr,273,6.7,43.9,7.4,2.2,0,0.12,0.05,1.7,,0.04,0,0,0,0,0,,,19,,1.7,26,,91,100,28,540,2,39.8,,,,,,True,False,Comida / cena,"Fuente: Moreiras y cols., Tablas de composición de alimentos (Pirámide).",True
,Biscotes,Pan y pasta,,100,gr,387,10,73.6,5,4,0,0.05,0.06,1.3,,0.09,15,0,0,0,1.2,,,42,,1.3,18,,130,160,28,350,1.2,7.4,0,1.4,1.8,1.63,,True,False,,"Fuente: Moreiras y cols., Tablas de composición de alimentos (Pirámide).",True
,Bizcocho,"Bollería, repostería y galletas",,100,gr,426,4.5,53.7,18.6,13,40.9,0.07,0.15,,,0.08,71,0.51,0,,1.52,,,114,,4.3,,,130,223,5,420,2.7,10.2,67,6.8,5.73,1.15,,True,False,"Desayuno, Media mañana / merienda","Fuente: Moreiras y cols., Tablas de composición de alimentos (Pirámide).",True
,Bizcocho de soletilla,"Bollería, repostería y galletas",,100,gr,351,7.6,71.8,3.7,0.2,75,0.08,0.11,0.91,,0.1,12,0,0,0.45,0.35,,,23,,2.1,12,,106,100,,102,0.9,15,132,1,1.9,0.6,,True,False,"Desayuno, Media mañana / merienda","Fuente: Moreiras y cols., Tablas de composición de alimentos (Pirámide).",True
,Blinis,Pan y pasta,,100,gr,271,5.9,30.3,13.7,1.5,23,0.106,0.117,0.73,,0.07,33,0.275,0,0.5,2.4,,,38.9,,0.6,14.2,,116,137,5,463,0.45,47,24.7,8.09,3.31,1.05,,True,False,Comida / cena,"Fuente: Moreiras y cols., Tablas de composición de alimentos (Pirámide).",True
,Bollería,"Bollería, repostería y galletas",,100,gr,450,7,52.8,23,2.1,150,0.05,0.08,1.5,,0.06,8,0,0,1.23,0,,,40,,1,19,,91,78,3,178,0.6,15.1,253,8.35,7.68,6.21,,True,False,"Desayuno, Media mañana / merienda","Fuente: Moreiras y cols., Tablas de composición de alimentos (Pirámide).",True
,Bollo con crema de cacao,"Bollería, repostería y galletas",,100,gr,421,3.7,59.6,17,7.2,2.96,0.04,0.1,,,0.05,63.4,,0,,5.51,,,79.4,,3.9,19.8,,118,125,3,498,2.3,12.5,50,2.3,4.77,9.04,,True,False,"Desayuno, Media mañana / merienda","Fuente: Moreiras y cols., Tablas de composición de alimentos (Pirámide).",True
,Bulgur,Cereales y granos,,100,gr,379,12.3,70.2,1.33,18.3,0,0.232,0.115,5.114,,0.342,27,0,0,0,0.06,,,35,,2.46,164,,300,410,2.3,17,1.93,9,0,0.232,0.173,0.541,,True,False,Comida / cena,"Fuente: Moreiras y cols., Tablas de composición de alimentos (Pirámide).",True
,Bulgur cocido,Cereales y granos,,100,gr,92,3.1,17.1,0.24,4.5,0,0.057,0.028,1,,0.083,18,0,0,0,0,,,10,,0.96,32,,40,68,0.6,5,0.57,77.8,0,0.042,0.031,0.098,,True,False,Comida / cena,"Fuente: Moreiras y cols., Tablas de composición de alimentos (Pirámide).",True
,Canelones (pasta),Pan y pasta,,100,gr,371,11.9,74.8,2,3.1,0,0.49,0.06,4.9,,0.11,37,0,0,0,0,,,23,,1.8,48,,200,230,16,10,1.5,8.2,0,0.27,0.22,0.85,,True,False,Comida / cena,"Fuente: Moreiras y cols., Tablas de composición de alimentos (Pirámide).",True
,Cebada en grano,Cereales y granos,,100,gr,389,12.5,70.8,2.3,17.3,1,0.646,0.285,4.604,,0.318,19,0,0,0,0.57,,,33,,3.6,133,,264,452,37.7,12,2.77,9.4,0,0.482,0.295,1.108,,True,False,Comida / cena,"Fuente: Moreiras y cols., Tablas de composición de alimentos (Pirámide).",True
,"Cebada perlada, cocida",Cereales y granos,,100,gr,131,2.3,27.5,0.44,3.8,0,0.083,0.062,2.063,,0.115,16,0,0,0,0.01,,,11,,1.33,22,,54,93,8.6,3,0.82,68.8,0,0.093,0.057,0.214,,True,False,Comida / cena,"Fuente: Moreiras y cols., Tablas de composición de alimentos (Pirámide).",True
,"Cebada perlada, cruda",Cereales y granos,,100,gr,383,9.9,75.5,1.16,15.6,1,0.191,0.114,4.604,,0.26,23,0,0,0,0.02,,,29,,2.5,79,,221,280,37.7,9,2.13,10.1,0,0.244,0.149,0.56,,True,False,Comida / cena,"Fuente: Moreiras y cols., Tablas de composición de alimentos (Pirámide).",True
,Cereales (almohadillas ricas en fibra),Cereales y granos,,100,gr,393,10,62,9,12,,0.9,1,11.3,,1.3,126,0.63,,,,,,,,6,90,,220,,,250,,7,0,5,,,,True,False,,"Fuente: Moreiras y cols., Tablas de composición de alimentos (Pirámide).",True
,Cereales (arroz inflado chocolateado),Cereales y granos,,100,gr,384,5,84,2.5,2.5,,1.2,1.3,14.9,,1.7,167,0.85,,4.2,,,,453,,7.9,50,,,,,500,,6,0,1.5,,,,True,False,Comida / cena,"Fuente: Moreiras y cols., Tablas de composición de alimentos (Pirámide).",True
,Cereales (arroz inflado),Cereales y granos,,100,gr,384,7,85,1.5,1,,1.2,1.3,15,,1.7,167,0.85,,4.2,,,,,,7.9,,,,,,700,,5.5,0,0.4,,,,True,False,Comida / cena,"Fuente: Moreiras y cols., Tablas de composición de alimentos (Pirámide).",True
,Cereales (copos de maíz tostados y azucarados),Cereales y granos,,100,gr,375,4.5,87,0.6,2,,1.2,1.3,14.9,,1.7,166,0.83,,4.2,,,,456,,8,,,,,,450,,5.9,0,0.1,,,,True,False,,"Fuente: Moreiras y cols., Tablas de composición de alimentos (Pirámide).",True
,Cereales (copos de maíz tostados),Cereales y granos,,100,gr,378,7,84,0.9,3,,1.2,1.3,14.9,,1.7,166,0.83,,4.2,,,,,,8,,,,,,700,,5.1,0,0.2,,,,True,False,,"Fuente: Moreiras y cols., Tablas de composición de alimentos (Pirámide).",True
,Cereales (copos ricos en fibra),Cereales y granos,,100,gr,356,10,67,2,15,,1.2,1.3,14.9,,1.7,334,0.83,,4.2,,,,,,11.6,120,,400,,,500,2.5,6,0,0.5,,,,True,False,,"Fuente: Moreiras y cols., Tablas de composición de alimentos (Pirámide).",True
,Cereales (palitos ricos en fibra),Cereales y granos,,100,gr,334,14,48,3.5,27,,0.9,1,11.3,,1.3,250,0.63,,3.2,,,,,,8.8,220,,610,,,600,6,7.5,0,0.7,,,,True,False,,"Fuente: Moreiras y cols., Tablas de composición de alimentos (Pirámide).",True
,Cereales (trigo inflado con miel),Cereales y granos,,100,gr,381,6,84,1.5,3.5,,1.2,1.3,15,,1.7,167,0.85,,4.2,,,,267,,7.9,50,,,,,0,,5,0,0.4,,,,True,False,,"Fuente: Moreiras y cols., Tablas de composición de alimentos (Pirámide).",True
,Cereales con miel (bolitas),Cereales y granos,,100,gr,383,5,88,1,1,,1.2,1.3,14.9,,1.7,166,0.83,,,0.05,,,264,,8,,,,,,400,,5,0,0.2,,,,True,False,,"Fuente: Moreiras y cols., Tablas de composición de alimentos (Pirámide).",True
,Cereales de desayuno,Cereales y granos,,100,gr,391,6.16,81.8,3.7,3,0.896,1.27,1.42,16.1,,1.8,185,0.901,43.4,0.174,0.761,,,201,,8,31,,94,262,1.5,441,0.73,3.35,0.3,1.63,1.18,0.644,,True,False,,"Fuente: Moreiras y cols., Tablas de composición de alimentos (Pirámide).",True
,Cereales de desayuno bajos en calorías enriquecidos,Cereales y granos,,100,gr,382,12.7,78.3,1.33,2.8,,2.3,2.7,30,,3.3,333,1.7,100,0,2,,,60,,15.4,48,,195,222,,557,1.5,2.81,0,0.367,0.25,0.6,,True,False,,"Fuente: Moreiras y cols., Tablas de composición de alimentos (Pirámide).",True
,Cereales integrales en copos,Cereales y granos,,100,gr,379,15,75,1.5,2.5,,2.3,2.7,30.1,,3.3,334,1.7,100,8.3,,,,,,11.6,50,,190,,,450,,6,0,0.5,,,,True,False,,"Fuente: Moreiras y cols., Tablas de composición de alimentos (Pirámide).",True
,Churros,"Bollería, repostería y galletas",,100,gr,361,4.6,40,20,1.2,0,0.04,0.03,1.6,,0.1,11,0,0,0,0.34,,,7,,0.6,14,,108,146,4,2,0.4,34.2,0,2.62,6.37,10,,True,False,"Desayuno, Media mañana / merienda","Fuente: Moreiras y cols., Tablas de composición de alimentos (Pirámide).",True
,Cruasán,"Bollería, repostería y galletas",,100,gr,370,8.3,38.3,19.8,2.5,21,0.18,0.16,3.8,,0.11,73,0,0,0.2,0,,,80,,2,26,,130,140,22.7,390,0.9,31.1,187,8.8,7.39,2.84,,True,False,"Desayuno, Media mañana / merienda","Fuente: Moreiras y cols., Tablas de composición de alimentos (Pirámide).",True
,Donuts,"Bollería, repostería y galletas",,100,gr,426,6.1,47.2,23,3.1,,0.22,0.07,2.4,,0.02,19,0,0,0,0,,,76,,1.2,21,,81,87,,230,0.6,20.6,24,11.38,8.12,2.19,,True,False,"Desayuno, Media mañana / merienda","Fuente: Moreiras y cols., Tablas de composición de alimentos (Pirámide).",True
,Ensaimada,"Bollería, repostería y galletas",,100,gr,477,7,52.8,26,2.1,150,0.05,0.08,1.5,,0.06,8,0,0,1.23,0,,,40,,1,19,,91,78,9.1,178,0.6,12.1,60,11.46,8.41,5.24,,True,False,"Desayuno, Media mañana / merienda","Fuente: Moreiras y cols., Tablas de composición de alimentos (Pirámide).",True
,Espaguetis,Pan y pasta,,100,gr,369,12,74.1,1.8,4,0,0.22,0.03,5.6,,0.17,34,0,0,0,0,,,25,,2.1,56,,190,250,62.2,3,1.5,8.1,0,0.2,0.2,0.8,,True,False,Comida / cena,"Fuente: Moreiras y cols., Tablas de composición de alimentos (Pirámide).",True
,Fideos,Pan y pasta,,100,gr,385,12.9,78,1.5,4,0,0.14,0.09,3.4,,0.06,4,0,0,0,0,,,22,,1.4,57,,190,160,62.2,5,1,3.6,0,0.2,0.16,0.64,,True,False,Comida / cena,"Fuente: Moreiras y cols., Tablas de composición de alimentos (Pirámide).",True
,Fideos de arroz,Pan y pasta,,100,gr,362,7.4,79.9,1,1.85,8.3,,,,,,10,,0,,0.074,,,14.2,,1,13,,60,20.3,5,18,1.3,9.5,,0.3,0.198,0.221,,True,False,Comida / cena,"Fuente: Moreiras y cols., Tablas de composición de alimentos (Pirámide).",True
,"Fideos de soba, japoneses",Pan y pasta,,100,gr,336,14.4,68,0.71,,0,0.48,0.13,3.21,,0.24,60,0,,0,,,,35,,2.7,95,,254,252,,792,1.71,6.9,0,0.136,0.185,0.22,,True,False,Comida / cena,"Fuente: Moreiras y cols., Tablas de composición de alimentos (Pirámide).",True
,Fideos de soja,Pan y pasta,,100,gr,340,0.09,83.2,0.07,3.3,8.3,,,,,,7,,0,,,,,25.2,,1,9.6,,40,13.2,5,10.3,1,13.1,,0,0.016,0.041,,True,False,Comida / cena,"Fuente: Moreiras y cols., Tablas de composición de alimentos (Pirámide).",True
,Galletas,"Bollería, repostería y galletas",,100,gr,450,7,71.5,14,5,,0.13,0.08,2,,0.06,0,0,,0,,,,115,,2,32,,190,140,7.3,410,0.6,2.5,65.9,6.1,5.58,1.61,,True,False,"Desayuno, Media mañana / merienda","Fuente: Moreiras y cols., Tablas de composición de alimentos (Pirámide).",True
,Galletas cubiertas de chocolate,"Bollería, repostería y galletas",,100,gr,525,5.7,62.4,27.6,2.1,0,0.03,0.13,1.7,,0.04,,0,0,0,1.43,,,110,,1.7,42,,130,230,2.4,160,0.8,2.2,22,16.7,8,1.1,,True,False,"Desayuno, Media mañana / merienda","Fuente: Moreiras y cols., Tablas de composición de alimentos (Pirámide).",True
,Galletas de mantequilla,"Bollería, repostería y galletas",,100,gr,471,6.1,68.9,18.8,0.8,160,0.066,0.071,0.32,,0.036,6,0.36,0,,,,,29,,0.29,12,,102,111,,351,0.38,5.4,117,11.051,5.522,0.982,,True,False,"Desayuno, Media mañana / merienda","Fuente: Moreiras y cols., Tablas de composición de alimentos (Pirámide).",True
,Galletas tipo Cookies,"Bollería, repostería y galletas",,100,gr,485,7,64.5,21,5,,0.13,0.08,2,,0.06,0,0,0,0,,,,115,,2,32,,190,140,8.4,410,0.6,2.5,88,10.45,7.73,1.8,,True,True,"Desayuno, Media mañana / merienda","Fuente: Moreiras y cols., Tablas de composición de alimentos (Pirámide). Sinónimo de ""Galletas"" en el libro.",False
,Galletas tipo digestive,"Bollería, repostería y galletas",,100,gr,469,6.3,63,20.3,4.6,0,0.14,0.11,2.4,,0.09,13,0,0,0,0,,,92,,3.2,23,,88,170,7.3,600,0.5,5.8,41,9,8.3,2,,True,False,"Desayuno, Media mañana / merienda","Fuente: Moreiras y cols., Tablas de composición de alimentos (Pirámide).",True
,Galletas tipo María,"Bollería, repostería y galletas",,100,gr,414,7,76,8,5,,0.13,0.08,2,,0.06,0,0,0,0,0,,,115,,2,32,,190,140,7.3,410,0.6,4,65.9,3.06,3.53,1.02,,True,True,"Desayuno, Media mañana / merienda","Fuente: Moreiras y cols., Tablas de composición de alimentos (Pirámide). Sinónimo de ""Galletas"" en el libro.",False
,Galletas tipo sándwich,"Bollería, repostería y galletas",,100,gr,510,5,66.8,24.5,1.1,0,0.14,0.13,2.1,,0.04,,0,0,0,3.4,,,100,,1.6,13,,190,120,2.4,220,0.5,2.6,15,21.4,1.02,0.28,,True,False,"Desayuno, Media mañana / merienda","Fuente: Moreiras y cols., Tablas de composición de alimentos (Pirámide).",True
,Germen de trigo,Cereales y granos,,100,gr,347,26.6,30.6,9.2,17.7,10,2,0.72,9.8,,4.9,520,0,0,0,22,,,49,,8.5,285,,1022,993,3,5,17,15.9,0,1.3,1.1,4.2,,True,False,Comida / cena,"Fuente: Moreiras y cols., Tablas de composición de alimentos (Pirámide).",True
,"Gofio canario, tostado",Cereales y granos,,100,gr,357,10.1,64.8,2.74,16.2,0,0.21,0.04,4.6,,0.3,25,0,0,0,0.4,,,16.8,,6.8,103,,314,136,,214,0.7,6.1,0,0.31,0.36,1.15,,True,False,,"Fuente: Moreiras y cols., Tablas de composición de alimentos (Pirámide).",True
,Harina de centeno,Cereales y granos,,100,gr,326,10,59.7,1.93,15,0,0.3,0.2,1.6,,0.3,70,0,0,0,1.5,,,27,,2.6,82,,286,390,14.4,2,3,13.4,0,0.24,0.2,0.85,,True,False,Comida / cena,"Fuente: Moreiras y cols., Tablas de composición de alimentos (Pirámide).",True
,Harina de maíz,Cereales y granos,,100,gr,369,8.7,76,2.7,3,0,0.5,0.1,2,,0,0,0,0,0,0,,,12,,2,60,,256,61,15.4,52,1.6,9.6,0,0.31,0.56,0.93,,True,False,Comida / cena,"Fuente: Moreiras y cols., Tablas de composición de alimentos (Pirámide).",True
,Harina de trigo blanca,Cereales y granos,,100,gr,375,9.3,80,1.2,3.4,0,0.09,0.06,2.3,,0.15,22,0,0,0,0,,,15,,1.1,28,,120,130,4,3,0.8,6.1,0,0.16,0.13,0.51,,True,False,Comida / cena,"Fuente: Moreiras y cols., Tablas de composición de alimentos (Pirámide).",True
,Harina de trigo integral,Cereales y granos,,100,gr,359,11.5,68.8,2.2,9,0,0.4,0.13,5.5,,0.4,53,0,0,0,1.5,,,37,,3.5,120,,330,350,53,4,1.9,8.5,0,0.32,0.25,1,,True,False,Comida / cena,"Fuente: Moreiras y cols., Tablas de composición de alimentos (Pirámide).",True
,Lasaña (pasta),Pan y pasta,,100,gr,371,11.9,74.8,2,3.1,0,0.49,0.06,4.9,,0.11,37,0,0,0,0,,,23,,1.8,48,,200,230,16,10,1.5,8.2,0,0.27,0.22,0.85,,True,False,Comida / cena,"Fuente: Moreiras y cols., Tablas de composición de alimentos (Pirámide).",True
,Macarrones,Pan y pasta,,100,gr,369,12,74.1,1.8,4,0,0.22,0.03,5.6,,0.17,34,0,0,0,0,,,25,,2.1,56,,190,250,62.2,3,1.5,8.1,0,0.2,0.2,0.8,,True,False,Comida / cena,"Fuente: Moreiras y cols., Tablas de composición de alimentos (Pirámide).",True
,Magdalenas,"Bollería, repostería y galletas",,100,gr,388,6.1,39.9,22.4,1,150,0.05,0.08,1.5,,0.06,8,0,0,1.23,0,,,40,,1,19,,148,78,9.1,178,0.6,31,203,12.4,8.1,0.9,,True,False,"Desayuno, Media mañana / merienda","Fuente: Moreiras y cols., Tablas de composición de alimentos (Pirámide).",True
,Maíz desgranado en conserva,Verduras y hortalizas,,100,gr,73,2.9,10.7,1.2,3.9,18.3,0.04,0.06,2,,0.13,8,0,1,0,0.46,,,4,,0.5,23,,79,220,0,270,0.5,81.3,0,0.2,0.3,0.5,,True,False,Comida / cena,"Fuente: Moreiras y cols., Tablas de composición de alimentos (Pirámide).",True
,"Maíz en mazorca, cocida, congelada",Verduras y hortalizas,,100,gr,100,3.1,18.7,0.74,2.8,12,0.174,0.069,1.517,,0.224,31,0,4.8,0,0.24,,,3,,0.61,29,,75,251,0.7,4,0.63,73.2,0,0.114,0.216,0.348,,True,False,Comida / cena,"Fuente: Moreiras y cols., Tablas de composición de alimentos (Pirámide).",True
,"Maíz en mazorca, cruda, congelada",Verduras y hortalizas,,100,gr,104,3.3,19.5,0.78,2.8,12,0.103,0.088,1.681,,0.179,40,0,7.2,0,0.26,,,4,,0.68,32,,87,294,0.8,5,0.7,71.8,0,0.12,0.228,0.367,,True,False,Comida / cena,"Fuente: Moreiras y cols., Tablas de composición de alimentos (Pirámide).",True
,"Maíz, copos",Cereales y granos,,100,gr,372,7,83,0.8,2.5,0,1,1.3,15.9,,1.8,250,1.7,0,2.1,0.4,,,15,,6.7,14,,50,100,2,1110,0.2,6.7,0,0.1,0.1,0.3,,True,False,,"Fuente: Moreiras y cols., Tablas de composición de alimentos (Pirámide).",True
,"Maíz, copos tostados y azucarados",Cereales y granos,,100,gr,372,5.3,86.6,0.4,0.5,0,1,1.5,16,,1.8,250,2,0,2.8,,,,11,,6.7,,,25,63,4.4,740,,7.2,0,0.09,0.09,0.18,,True,False,,"Fuente: Moreiras y cols., Tablas de composición de alimentos (Pirámide).",True
,Medianoches,Pan y pasta,,100,gr,283,6.5,52.3,4.7,2.9,4.6,0.27,0.15,,,0.1,42.2,0.89,0,,0.29,,,23.9,,2.4,35.4,,94.4,,28,198,1.9,33.6,,0.98,2.14,1.53,,True,False,Comida / cena,"Fuente: Moreiras y cols., Tablas de composición de alimentos (Pirámide).",True
,Mijo,Cereales y granos,,100,gr,357,11,64.4,4.22,8.5,0,0.42,0.3,4.7,,0.38,85,0,0,0,0.41,,,8,,3,114,,285,195,2.7,5,1.7,11.9,0,0.72,0.77,2.134,,True,False,Comida / cena,"Fuente: Moreiras y cols., Tablas de composición de alimentos (Pirámide).",True
,Milhojas con nata y crema,"Bollería, repostería y galletas",,100,gr,285,4.5,33,14.8,1,115.3,0.1,0.1,0.5,,0.1,9,0.2,0,0.4,1.1,,,68,,0.6,10,,70,141,,286,0.37,46.7,127,8.9,4.2,0.6,,True,False,"Desayuno, Media mañana / merienda","Fuente: Moreiras y cols., Tablas de composición de alimentos (Pirámide).",True
,Muesli,Cereales y granos,,100,gr,399,10.5,67.1,8.1,7.7,0,0.3,0.3,7.5,,,,0,0,,3.2,,,49,,3.4,96,,310,510,17.3,29,2.1,6.6,0,,,,,True,False,,"Fuente: Moreiras y cols., Tablas de composición de alimentos (Pirámide).",True
,Palmeras,"Bollería, repostería y galletas",,100,gr,513,7,52.8,30,2.1,150,0.05,0.08,1.5,,0.06,8,0,0,1.23,0,,,40,,1,19,,91,78,16.2,178,0.6,8.1,92,15.29,11.49,2.34,,True,False,"Desayuno, Media mañana / merienda","Fuente: Moreiras y cols., Tablas de composición de alimentos (Pirámide).",True
,Pan blanco de molde,Pan y pasta,,100,gr,287,8,52,4.5,3.2,,0.23,0.1,3.4,,0.06,48,0,0,,0,,,130,,2.3,31,,78.2,110,28,550,0.7,32.3,0,1.08,1.84,1.22,,True,False,,"Fuente: Moreiras y cols., Tablas de composición de alimentos (Pirámide).",True
,Pan blanco de trigo,Pan y pasta,,100,gr,277,7.8,58,1,2.2,0,0.12,0.05,1.7,,0.04,0,0,0,0,0,,,19,,1.7,26,,91,100,28,540,2,31,0,0.2,0.13,0.33,,True,False,,"Fuente: Moreiras y cols., Tablas de composición de alimentos (Pirámide).",True
,Pan blanco de trigo sin sal,Pan y pasta,,100,gr,277,7.8,58,1,2.2,0,0.12,0.05,1.7,,0.04,0,0,0,0,0,,,19,,1.7,26,,91,100,28,3,2,31,0,0.2,0.13,0.33,,True,False,,"Fuente: Moreiras y cols., Tablas de composición de alimentos (Pirámide).",True
,Pan blanco tostado,Pan y pasta,,100,gr,309,10.1,59.2,2.5,4.5,0,0.23,0.15,3.4,,0.09,21,0,0,0,0.01,,,85,,2.2,28,,100,100,33.6,650,0.6,23.7,0,0.6,0.4,1,,True,False,,"Fuente: Moreiras y cols., Tablas de composición de alimentos (Pirámide).",True
,Pan blanco tostado sin sal,Pan y pasta,,100,gr,309,10.1,59.2,2.5,4.5,0,0.23,0.15,3.4,,0.09,21,0,0,0,0.01,,,85,,2.2,28,,100,100,33.6,3,0.6,23.7,0,0.6,0.4,1,,True,False,,"Fuente: Moreiras y cols., Tablas de composición de alimentos (Pirámide).",True
,Pan de centeno,Pan y pasta,,100,gr,230,6.2,45.8,1,6.5,0,0.18,0.11,3,,0.09,16,0,0,0,1.1,,,29,,2.4,35,,119,244,30.9,523,1.2,40.5,0,0.1,0.1,0.5,,True,False,,"Fuente: Moreiras y cols., Tablas de composición de alimentos (Pirámide).",True
,Pan de pasas,Pan y pasta,,100,gr,328,8.1,45,12,4,207,0.33,0.26,2.07,,0.28,26.1,0.09,0.44,0.68,0.65,,,46,,1.59,18,,153,225,,489,0.85,30.9,50,7.5,3.5,0.61,,True,False,,"Fuente: Moreiras y cols., Tablas de composición de alimentos (Pirámide).",True
,Pan de pita,Pan y pasta,,100,gr,258,7.6,53.4,1.2,1.2,8.3,0.11,0.08,2.6,,0.05,21,0,0,0,0.074,,,52.7,,1,18.1,,84,134,5,530,1,34.9,0,0.166,0.105,0.535,,True,False,,"Fuente: Moreiras y cols., Tablas de composición de alimentos (Pirámide).",True
,Pan de trigo y de centeno,Pan y pasta,,100,gr,243,6.7,49,1,5.5,0,0.18,0.11,1.2,,0.22,16,0,0,0,1.2,,,26,,2.4,33,,114,130,,464,0.9,37.8,0,0.13,0.1,0.47,,True,False,,"Fuente: Moreiras y cols., Tablas de composición de alimentos (Pirámide).",True
,Pan de Viena,Pan y pasta,,100,gr,354,8.2,49.5,13,3.1,34.5,0.096,0.168,1.3,,0.11,48.5,1.7,,0.2,0.28,,,42.5,,1.1,21.5,,122,163,5,525,,24.5,30.7,8.49,2.97,1.03,,True,False,,"Fuente: Moreiras y cols., Tablas de composición de alimentos (Pirámide).",True
,Pan integral de molde,Pan y pasta,,100,gr,251,9,44,3,6,,0.25,0.15,3.3,,0.36,39,0,0,,0,,,63,,2,92,,195,270,32.1,380,2.1,38,0,0.72,1.32,0.81,,True,False,,"Fuente: Moreiras y cols., Tablas de composición de alimentos (Pirámide).",True
,Pan integral de trigo,Pan y pasta,,100,gr,258,8,49,1.4,8.5,0,0.25,0.09,3.8,,0.14,22,0,0,0,0.2,,,21,,2.5,91,,195,220,35,540,3.5,33.1,0,0.25,0.19,0.54,,True,False,,"Fuente: Moreiras y cols., Tablas de composición de alimentos (Pirámide).",True
,Pan integral tostado,Pan y pasta,,100,gr,282,10.8,48.7,2.9,8.7,0,0.34,0.1,6.9,,0.14,46,0,0,0,0.2,,,63,,3.2,89,,230,270,41,640,2.1,28.9,0,0.6,0.6,1.12,,True,False,,"Fuente: Moreiras y cols., Tablas de composición de alimentos (Pirámide).",True
,Pan multicereales,Pan y pasta,,100,gr,280,13.4,43.3,4.23,7.4,0,0.279,0.131,4.042,,0.263,75,0,0.1,0,0.37,,,103,,2.5,78,,228,230,32.9,420,1.7,36.9,0,0.872,0.76,1.872,,True,False,,"Fuente: Moreiras y cols., Tablas de composición de alimentos (Pirámide).",True
,Pan rallado,Pan y pasta,,100,gr,277,7.8,58,1,2.2,0,0.12,0.05,1.7,,0.04,0,0,0,0,0,,,19,,1.7,26,,91,100,28,540,2,31,0,0.2,0.13,0.33,,True,False,,"Fuente: Moreiras y cols., Tablas de composición de alimentos (Pirámide).",True
,Panecillos hechos con aceite de oliva,Pan y pasta,,100,gr,293,8,53.6,4.5,3.2,,0.23,0.1,3.4,,0.06,48,0,0,,,,,130,,2.3,31,,78.2,110,28,550,0.7,32.3,0,0.75,3.2,0.47,,True,False,Comida / cena,"Fuente: Moreiras y cols., Tablas de composición de alimentos (Pirámide).",True
,Pasta,Pan y pasta,,100,gr,375,12,75.8,1.8,4,0,0.18,0.05,5.4,,0.1,23,0,0,0,0,,,25,,1.6,53,,180,230,62.2,11,1.5,6.4,0,0.3,0.19,0.8,,True,False,Comida / cena,"Fuente: Moreiras y cols., Tablas de composición de alimentos (Pirámide).",True
,Pasta al huevo,Pan y pasta,,100,gr,383,12.1,71.7,4.2,5,37,0.26,0.1,4.7,,0.1,29,0,0,0.3,,,,28,,1.5,43,,200,260,20,80,1.3,7,30,0.9,1.5,0.4,,True,False,Comida / cena,"Fuente: Moreiras y cols., Tablas de composición de alimentos (Pirámide).",True
,Pasta al huevo hervida,Pan y pasta,,100,gr,126,4.7,22.9,1.49,1,4,0.03,0.02,0.4,,0.04,7,0.09,0,0.7,0.05,,,10,,0.4,12,,45,23,,2,0.3,69.9,8,0.3,0.5,0.2,,True,False,Comida / cena,"Fuente: Moreiras y cols., Tablas de composición de alimentos (Pirámide).",True
,Pasta hervida,Pan y pasta,,100,gr,120,4,22.2,1.2,2,0,0.02,0.01,0.6,,0.02,5,0,0,0,0,,,7,,0.6,15,,44,25,,1,0.5,70.6,0,0.16,0.13,0.54,,True,False,Comida / cena,"Fuente: Moreiras y cols., Tablas de composición de alimentos (Pirámide).",True
,Pasta integral,Pan y pasta,,100,gr,353,13.1,63.7,2.9,9.6,0,0.67,0.11,2.33,,0.043,53,0,0,0,0.25,,,34,,4,91,,370,490,1.9,5,0.8,10.7,0,0.41,0.3,1.29,,True,False,Comida / cena,"Fuente: Moreiras y cols., Tablas de composición de alimentos (Pirámide).",True
,Pasta rellena con carne hervida,Pan y pasta,,100,gr,104,4.7,12.7,3.37,1.8,25,0.12,0.06,1.6,,0.2,10,0,0,0.1,0.3,,,20,,1.3,18,,70,163,,444,0.5,77.4,23,1.3,1.6,0.32,,True,False,Comida / cena,"Fuente: Moreiras y cols., Tablas de composición de alimentos (Pirámide).",True
,Pasta rellena con queso hervida,Pan y pasta,,100,gr,151,9.5,16.3,5.1,0.9,25,0.12,0.06,1.6,,0.2,10,0,0,0.1,0.3,,,70,,0.5,18,,86,163,,435,0.5,68.2,26,2.05,2.34,0.49,,True,False,Comida / cena,"Fuente: Moreiras y cols., Tablas de composición de alimentos (Pirámide).",True
,Pastas de té,"Bollería, repostería y galletas",,100,gr,344,8.9,58.3,8.3,,,0.2,0.17,3.8,,0.06,40,0,0,0,,,,98,,2.9,32,,110,240,7.3,300,0.8,24.5,20,,,,,True,False,"Desayuno, Media mañana / merienda","Fuente: Moreiras y cols., Tablas de composición de alimentos (Pirámide).",True
,Pasteles y otros dulces,"Bollería, repostería y galletas",,100,gr,402,5.2,49.2,20.2,1.2,190,0.03,0.08,1.5,,,6,0,0,1,,,,48,,1.2,16,,,,,,0.4,24.2,,7.38,6.25,1.21,,True,False,"Desayuno, Media mañana / merienda","Fuente: Moreiras y cols., Tablas de composición de alimentos (Pirámide).",True
,Picatostes,Pan y pasta,,100,gr,308,10.1,57.9,2.99,4.5,0,0.23,0.15,3.4,,0.09,23,0,0,0,0,,,85,,2.2,28,,100,100,,650,1.2,24.5,0,0.6,0.4,1,,True,False,,"Fuente: Moreiras y cols., Tablas de composición de alimentos (Pirámide).",True
,"Polenta, harina",Cereales y granos,,100,gr,350,7.9,74,1.8,3.2,8.3,0.07,0.06,0.05,,0.08,35,,,,0.007,,,,,1,35,,104,144,5,1.7,1,12.6,0,0.224,0.516,0.971,,True,False,Comida / cena,"Fuente: Moreiras y cols., Tablas de composición de alimentos (Pirámide).",True
,Polenta cocinada,Cereales y granos,,100,gr,61.8,1.4,13.2,0.31,0.29,8.3,0.05,0.05,0.05,,0.05,13,0,,,0.074,,,,,1,8.3,,20,26.7,5,3,1,84.7,0.05,0.034,0.089,0.167,,True,False,Comida / cena,"Fuente: Moreiras y cols., Tablas de composición de alimentos (Pirámide).",True
,Porras,"Bollería, repostería y galletas",,100,gr,322,2.3,36.1,18.5,1.2,0,0.04,0.03,1.6,,0.1,11,0,0,0,0.34,,,7,,0.6,14,,108,146,4,2,0.4,42,0,2.21,6.32,9.7,,True,False,"Desayuno, Media mañana / merienda","Fuente: Moreiras y cols., Tablas de composición de alimentos (Pirámide).",True
,Quinoa,Cereales y granos,,100,gr,318,13.8,49.2,5.6,7.9,0,0.2,0.4,2.9,,0.2,30,0,0,0,0.45,,,79,,7.8,210,,230,780,,61,3.3,11.5,0,0.5,1.4,2.1,,True,False,Comida / cena,"Fuente: Moreiras y cols., Tablas de composición de alimentos (Pirámide).",True
,Salvado de avena,Cereales y granos,,100,gr,246,17.3,20.7,7.03,15.4,0,1.17,0.22,0.934,,0.165,52,0,0,0,1.01,,,58,,5.41,235,,734,566,45.2,4,3.11,6.6,0,1.328,2.376,2.766,,True,False,,"Fuente: Moreiras y cols., Tablas de composición de alimentos (Pirámide).",True
,Salvado de trigo,Cereales y granos,,100,gr,292,14.1,26.8,5.5,39.6,0,0.89,0.36,32.6,,1.38,260,0,0,0,2.6,,,110,,12.9,520,,1200,1160,2,28,16.2,14,0,0.9,0.7,2.9,,True,False,,"Fuente: Moreiras y cols., Tablas de composición de alimentos (Pirámide).",True
,Sémola de trigo,Cereales y granos,,100,gr,363,12.5,73.6,1.2,4,0,0.1,0.05,2,,0.15,23,0,0,0,0.01,,,23,,1,32,,150,200,,5,,8.7,0,0.16,0.13,0.54,,True,False,Comida / cena,"Fuente: Moreiras y cols., Tablas de composición de alimentos (Pirámide).",True
,Sobaos,"Bollería, repostería y galletas",,100,gr,432,8.8,56.3,19.1,,150,0.05,0.08,1.5,,0.06,8,0,0,1.23,0,,,40,,1,19,,91,78,9.1,178,0.6,15.8,225,7.64,8.51,2,,True,False,"Desayuno, Media mañana / merienda","Fuente: Moreiras y cols., Tablas de composición de alimentos (Pirámide).",True
,Suizo,"Bollería, repostería y galletas",,100,gr,404,9.9,40.5,21.9,2.6,230,0.35,0.27,2.2,,0.29,22,0.36,0,0.76,0.72,,,43,,1.5,17,,160,201,16.2,495,0.4,25.1,190,13.5,6.3,1.1,,True,False,"Desayuno, Media mañana / merienda","Fuente: Moreiras y cols., Tablas de composición de alimentos (Pirámide).",True
,Tartas,"Bollería, repostería y galletas",,100,gr,402,5.2,49.2,20.2,1.2,190,0.03,0.08,1.5,,,6,0,0,1,,,,48,,1.2,16,,,,,,0.4,24.2,,7.38,6.25,1.21,,True,True,"Desayuno, Media mañana / merienda","Fuente: Moreiras y cols., Tablas de composición de alimentos (Pirámide). Sinónimo de ""Pasteles y otros dulces"" en el libro.",False
,Tortas de aceite (tipo Inés Rosales),Aceites y grasas,,100,gr,496,6.5,67.8,22,0.7,0,,,,,,,0,0,0,,,,,,,,,,,,800,,0.8,0,3,17.6,1.3,,False,False,"Desayuno, Media mañana / merienda","Fuente: Moreiras y cols., Tablas de composición de alimentos (Pirámide).",True
,Tortilla de maíz para tacos,Pan y pasta,,100,gr,218,5.7,44.6,2.85,6.3,0,0.094,0.065,1.498,,0.219,5,0,0,0,,,,81,,1.23,72,,314,186,,45,1.31,45.9,0,0.453,0.692,1.419,,True,False,Comida / cena,"Fuente: Moreiras y cols., Tablas de composición de alimentos (Pirámide).",True
,Tortilla de trigo para tacos,Pan y pasta,,100,gr,312,8.29,51.35,7.75,3.1,0,0.54,0.27,3.57,,0.05,168,0,0,0,,,,129,,3.43,22,,124,155,,636,0.54,30.2,0,1.89,3.89,1.58,,True,False,Comida / cena,"Fuente: Moreiras y cols., Tablas de composición de alimentos (Pirámide).",True
,"Trigo, gluten para preparar seitán",Alternativas vegetales,,100,gr,371,75.2,13.2,1.85,0.6,0,0,0,0,,0,0,0,0,0,0,,,142,,5.2,25,,260,100,39.7,29,0.85,8.2,0,0.272,0.156,0.81,,True,False,Comida / cena,"Fuente: Moreiras y cols., Tablas de composición de alimentos (Pirámide).",True
,Arroz con leche,Postres y helados,,100,gr,110,3,20.2,1.9,0.02,27.6,,0.13,,,,4.5,0.24,,0.03,,,,104,,,,,92,132,1.9,37,,74.9,9,1.13,0.45,0.12,,True,False,"Media mañana / merienda, Comida / cena","Fuente: Moreiras y cols., Tablas de composición de alimentos (Pirámide).",True
,Batido de cacao,Lácteos,,100,gr,98,3.8,10.9,4.3,0.2,27.6,0.04,0.17,0.9,,0.04,7.5,0.3,1,0.3,,,,119,,0.3,22,,114,170,1.9,60,0.5,80.8,13,2.37,1.1,0.13,,True,False,,"Fuente: Moreiras y cols., Tablas de composición de alimentos (Pirámide).",True
,Batido de fresa,Lácteos,,100,gr,65,2.8,11.2,1,,22.6,0.03,0.13,0.08,,0.04,,0.1,0.07,0.01,0.04,,,110,,0,11.3,,90,183,2.3,95,,85,14,0.55,0.26,0.03,,True,False,,"Fuente: Moreiras y cols., Tablas de composición de alimentos (Pirámide).",True
,Batido de vainilla,Lácteos,,100,gr,62,2.9,10.3,1,,22.6,0.03,0.13,0.08,,0.04,,0.1,0.07,0.01,0.04,,,110,,0.09,11.4,,90,183,2.3,95,,85.8,14,0.55,0.26,0.03,,True,False,,"Fuente: Moreiras y cols., Tablas de composición de alimentos (Pirámide).",True
,Batidos lácteos,Lácteos,,100,gr,100,3.8,10.9,4.6,0,39,0.04,0.19,0.8,,,5,0.3,1.8,0.03,,,,119,,0.4,12,,,150,1.9,50,0.3,80.7,14,2.54,1.17,0.14,,True,False,,"Fuente: Moreiras y cols., Tablas de composición de alimentos (Pirámide).",True
,Crema catalana,Postres y helados,,100,gr,178,3.6,20.5,9.1,,148,,0.16,,,0.15,8.8,0.71,,0.83,,,,105,,0.95,13,,124,124,2.7,35,0.67,66.8,16,5.44,2.88,0.25,,True,False,"Media mañana / merienda, Comida / cena","Fuente: Moreiras y cols., Tablas de composición de alimentos (Pirámide).",True
,Cuajada,Lácteos,,100,gr,94,4.8,6.7,5.3,,49.6,,0.23,,,,5.1,0.3,,0.05,,,,179,,,,,131,217,9,63,,83.2,6.6,3.27,1.47,0.23,,True,False,,"Fuente: Moreiras y cols., Tablas de composición de alimentos (Pirámide).",True
,Flan de huevo,Postres y helados,,100,gr,127,4.9,21.6,2.3,0,108,,0.14,,,,7,0.17,,0.12,,,,86,,,,,63,118,4.6,58,,71.2,147,1,0.95,0.26,,True,False,"Media mañana / merienda, Comida / cena","Fuente: Moreiras y cols., Tablas de composición de alimentos (Pirámide).",True
,Flan de vainilla,Postres y helados,,100,gr,105,3,19.1,1.8,,27.4,,0.16,,,,4.2,0.25,,0.03,,,,131,,,,,99,161,2.1,48,,76.1,7,1,0.53,0.07,,True,False,"Media mañana / merienda, Comida / cena","Fuente: Moreiras y cols., Tablas de composición de alimentos (Pirámide).",True
,"Flan instantáneo en polvo, para reconstituir",Postres y helados,,100,gr,366,0,91.6,0,0,0,0,0,0,,0,0,0,0,0,0,,,24,,0.08,8,,1,153,21.3,432,0.04,7.8,0,0,0,0,,True,False,"Media mañana / merienda, Comida / cena","Fuente: Moreiras y cols., Tablas de composición de alimentos (Pirámide).",True
,Helado cremoso,Postres y helados,,100,gr,199,2.8,26.2,9.2,0,58.3,0.05,0.22,0.1,,0.05,8,0.4,1,0,0.1,,,135,,0.2,14,,109,180,,71,0.1,61.9,25,5.59,2.84,0.26,,True,False,"Media mañana / merienda, Comida / cena","Fuente: Moreiras y cols., Tablas de composición de alimentos (Pirámide).",True
,Helados,Postres y helados,,100,gr,211,4.5,25.4,10.1,0,48,0.05,0.14,1,,0.08,2,0,1,0,0.21,,,150,,0.2,13,,120,160,1.8,69,0.4,60,31,8.51,0.76,0.19,,True,False,"Media mañana / merienda, Comida / cena","Fuente: Moreiras y cols., Tablas de composición de alimentos (Pirámide).",True
,Kéfir,Lácteos,,100,gr,64,3.3,4.8,3.5,0,,,,,,,,,,,,,,,,0.13,14,,90,160,,46,,88.4,,,,,,True,False,,"Fuente: Moreiras y cols., Tablas de composición de alimentos (Pirámide).",True
,Leche concentrada,Lácteos,,100,gr,152,8.2,10,8.8,0,76.7,0.06,0.41,2,,,7,0.5,1,0.08,,,,255,,0.2,28,,201,390,3,180,1.1,73,34,4.77,2.26,0.22,,True,False,,"Fuente: Moreiras y cols., Tablas de composición de alimentos (Pirámide).",True
,Leche condensada entera,Lácteos,,100,gr,343,8.8,56,9.3,0,107.2,0.07,0.4,2,,0.02,8,0.5,1,0.09,0.42,,,284,,0.2,27,,220,390,3,130,1,25.9,34,5.04,2.38,0.24,,True,False,,"Fuente: Moreiras y cols., Tablas de composición de alimentos (Pirámide).",True
,Leche condensada desnatada,Lácteos,,100,gr,287,10,60,0.2,0,31.3,0.11,0.51,2.6,,0.09,16,0.9,5,0.85,0.04,,,330,,0.33,33,,270,450,,150,1.2,29.8,1,0.1,0.1,0,,True,False,,"Fuente: Moreiras y cols., Tablas de composición de alimentos (Pirámide).",True
,Leche de cabra,Lácteos,,100,gr,67,3.4,4.5,3.9,0,40,0.04,0.12,1.1,,0.05,1,0.1,1.5,0.06,0.03,,,110,,0.12,13,,95,180,0.7,40,0.4,88.2,12,2.58,1.06,0.09,,True,False,,"Fuente: Moreiras y cols., Tablas de composición de alimentos (Pirámide).",True
,Leche de oveja,Lácteos,,100,gr,100,5.6,5,6.35,0,45.8,0.05,0.23,1.7,,0.08,5,0.5,4,0.18,0.11,,,183,,0.1,16,,141,146,1.7,40,0.5,82.1,11,4.1,1.6,0.3,,True,False,,"Fuente: Moreiras y cols., Tablas de composición de alimentos (Pirámide).",True
,Leche de vaca desnatada,Lácteos,,100,gr,36,3.6,4.6,0.3,0,,0.04,0.17,0.8,,0.04,5,0.3,1.4,0,,,,130,,0.1,12,,95,150,1,52,0.3,91.5,2,0.05,0.03,0,,True,False,,"Fuente: Moreiras y cols., Tablas de composición de alimentos (Pirámide).",True
,Leche de vaca entera,Lácteos,,100,gr,63,3.1,4.7,3.5,0,38.7,0.04,0.18,0.8,,0.04,5,0.3,1.8,0.03,0.1,,,121,,0.1,12,,92,150,1,50,0.3,88.7,14,1.95,0.93,0.09,,True,False,,"Fuente: Moreiras y cols., Tablas de composición de alimentos (Pirámide).",True
,Leche de vaca semidesnatada,Lácteos,,100,gr,46,3.3,4.6,1.6,0,,0.04,0.18,0.8,,0.04,5,0.3,1.8,0,,,,132,,0.1,12,,95,150,1,50,0.3,90.5,5.9,0.82,0.41,0.03,,True,False,,"Fuente: Moreiras y cols., Tablas de composición de alimentos (Pirámide).",True
,"Leche desnatada en polvo, sin diluir",Lácteos,,100,gr,371,37.6,53,1,0,235,0.38,1.7,9.4,,,21,3,6,0,,,,1196,,0.5,117,,950,1650,11,550,4.2,8.4,18,0.54,0.26,0.03,,True,False,,"Fuente: Moreiras y cols., Tablas de composición de alimentos (Pirámide).",True
,"Leche entera en polvo, sin diluir",Lácteos,,100,gr,490,26,38,26,0,278,0.33,1.4,7.7,,,21,2,5.5,0.24,,,,976,,0.6,86,,740,1270,7.4,440,2.3,10,120,14.09,6.67,0.66,,True,False,,"Fuente: Moreiras y cols., Tablas de composición de alimentos (Pirámide).",True
,Leche evaporada entera,Lácteos,,100,gr,135,6.8,10,7.56,0,66.5,0.05,0.32,0.19,,0.05,8,0.16,1.9,0.1,0.16,,,261,,0.19,24,,203,303,2.3,106,0.77,74,29,4.591,2.335,0.245,,True,False,,"Fuente: Moreiras y cols., Tablas de composición de alimentos (Pirámide).",True
,Leche fermentada con Lactobacillus acidophilus,Lácteos,,100,gr,99,3.1,14.1,3.3,0,2.6,0.04,0.08,0.42,,0.09,2.6,0.2,0,0.03,0,,,105,,0.1,13,,107,133,1,49,0.3,79.5,3,2.1,0.89,0.1,,True,False,,"Fuente: Moreiras y cols., Tablas de composición de alimentos (Pirámide).",True
,Leche fermentada con Lactobacillus casei,Lácteos,,100,gr,98,3,14.1,3.3,0,2.6,0.04,0.08,0.42,,0.09,2.6,0.2,0,0.03,0,,,110,,0.1,13,,107,133,1,49,0.3,79.6,3,2.1,0.89,0.1,,True,False,,"Fuente: Moreiras y cols., Tablas de composición de alimentos (Pirámide).",True
,Leche fermentada tipo Bio con frutas,Lácteos,,100,gr,87,4,14,1.7,0,27,0.04,0.15,0.42,,0.08,6,0.2,2,0.15,0.07,,,145,,0.2,14,,109,178,1,49,0.3,80.3,4,1.1,0.51,0,,True,False,,"Fuente: Moreiras y cols., Tablas de composición de alimentos (Pirámide).",True
,Leche fermentada tipo Bio desnatada con frutas,Lácteos,,100,gr,45,4.7,6.4,0.02,0,2.2,0.04,0.16,0.42,,0.11,5,0.2,0,0.05,0,,,141,,0.1,13,,140,133,1,65,0.3,88.9,1,0.01,0.01,0,,True,False,,"Fuente: Moreiras y cols., Tablas de composición de alimentos (Pirámide).",True
,Leche fermentada tipo Bio desnatada natural,Lácteos,,100,gr,44,4.9,5.5,0.3,0,2,0.04,0.21,0.42,,0.11,5,0.3,0,0,0,,,164,,0.1,18,,135,213,1,73,0.5,89.3,1,0.1,0.2,0,,True,False,,"Fuente: Moreiras y cols., Tablas de composición de alimentos (Pirámide).",True
,Leche fermentada tipo Bio natural,Lácteos,,100,gr,63,3.6,4.4,3.4,0,31,0.04,0.18,0.42,,0.09,5,0.3,1,0.2,0.3,,,141,,0.1,13,,107,180,1,51,0.4,88.6,3,2.2,0.9,0.1,,True,False,,"Fuente: Moreiras y cols., Tablas de composición de alimentos (Pirámide).",True
,Mousse de chocolate,Postres y helados,,100,gr,190,5.1,22.7,8.8,,54.7,,0.15,,,0.07,3.7,0.23,,0.2,,,,116,,1.29,30,,105,269,6.1,89,0.29,63.4,35,4.47,3.52,0.18,,True,False,"Media mañana / merienda, Comida / cena","Fuente: Moreiras y cols., Tablas de composición de alimentos (Pirámide).",True
,Nata,Lácteos,,100,gr,448,1.5,2,48.2,0,220.8,0.02,0.08,0.4,,0.03,2,0.1,1,0.28,0.05,,,50,,0.2,4,,60,79,0,27,0.2,48.3,140,26.12,12.36,1.22,,True,False,,"Fuente: Moreiras y cols., Tablas de composición de alimentos (Pirámide).",True
,Nata líquida para cocinar (18% grasa),Lácteos,,100,gr,204,2.5,3.4,20,0,196.7,0.03,0.5,0.07,,0.02,0,0.25,1,0.7,0.5,,,94,,0.2,9,,65,130,,45,0.2,74.1,70,12.7,5.7,0.49,,True,False,,"Fuente: Moreiras y cols., Tablas de composición de alimentos (Pirámide).",True
,Nata líquida para cocinar (35% grasa),Lácteos,,100,gr,330,2.2,3.9,34,0,283.3,0.01,0.1,0.06,,0.01,0,0.2,0,0.55,0.7,,,50,,0.2,4,,60,100,,30,0.23,59.9,110,21.6,9.7,0.83,,True,False,,"Fuente: Moreiras y cols., Tablas de composición de alimentos (Pirámide).",True
,Nata montada,Lácteos,,100,gr,331,2.1,10.1,31.4,0,420,0.01,0.1,0.51,,0.01,0,0.2,0,0.2,0.7,,,80,,0.3,5,,57,92,1,35,,56.4,100,17.9,8.1,0.76,,True,False,,"Fuente: Moreiras y cols., Tablas de composición de alimentos (Pirámide).",True
,Natillas,Postres y helados,,100,gr,120,3.8,16.8,4.2,0,42,0.05,0.21,1,,0.06,5,0.5,1,0.03,0.1,,,140,,0.1,14,,99,160,2.7,81,0.4,75.2,16,2.51,1.33,0.11,,True,False,"Media mañana / merienda, Comida / cena","Fuente: Moreiras y cols., Tablas de composición de alimentos (Pirámide).",True
,Natillas de chocolate,Postres y helados,,100,gr,135,3.6,20.6,4.2,,33.3,,0.16,,,0.16,4.1,0.25,,0.18,,,,117,,0.69,23,,104,215,2.7,64,0.37,71.6,110,1.95,1.33,0.37,,True,False,"Media mañana / merienda, Comida / cena","Fuente: Moreiras y cols., Tablas de composición de alimentos (Pirámide).",True
,Petit-suisse natural azucarado,"Azúcares, siropes y edulcorantes",,100,gr,120,7.3,13.7,4,0,29,0.03,0.18,2.9,,0.05,4,0.3,0,0.12,0.12,,,120,,0.1,11,,75,112,4,39,0.2,75,11,2.5,1.1,0.1,,True,False,,"Fuente: Moreiras y cols., Tablas de composición de alimentos (Pirámide).",True
,Queso azul,Lácteos,,100,gr,353,21.1,0,29.8,0,290,0.043,0.5,3.5,,0.18,40,0.59,0,0.23,0.77,,,526,,0.2,39,,362,128,2,787,4.1,49.1,88,17.6,8.2,0.77,,True,False,,"Fuente: Moreiras y cols., Tablas de composición de alimentos (Pirámide).",True
,Queso brie,Lácteos,,100,gr,320,19.3,0.1,26.9,0,320,0.04,0.43,0.4,,0.15,58,1.2,0,0.2,0.84,,,540,,0.8,27,,390,100,14.5,700,2.2,53.7,100,16.87,7.8,0.8,,True,False,,"Fuente: Moreiras y cols., Tablas de composición de alimentos (Pirámide).",True
,Queso Camembert,Lácteos,,100,gr,285,21,0.1,22.3,0,362,0.045,0.6,6.2,,0.25,44,2.8,0,0.28,0.5,,,570,,0.2,17,,350,110,2.6,669,3.1,56.6,62,12.9,6.5,0.54,,True,False,,"Fuente: Moreiras y cols., Tablas de composición de alimentos (Pirámide).",True
,Queso Cheddar,Lácteos,,100,gr,393,25.4,0.36,32.2,0,440,0.037,0.44,4.3,,0.055,19,0.96,0,0.34,1,,,752,,0.6,30,,489,102,11,675,3.9,42,84,19.6,8.1,0.74,,True,False,,"Fuente: Moreiras y cols., Tablas de composición de alimentos (Pirámide).",True
,Queso de bola,Lácteos,,100,gr,349,29,2,25,0,238,0.03,0.3,5.9,,0.08,20,1.4,0,0.18,0.8,,,760,,0.5,28,,520,160,14.5,980,4,44,85,13.55,6.41,0.63,,True,False,,"Fuente: Moreiras y cols., Tablas de composición de alimentos (Pirámide).",True
,Queso de Burgos,Lácteos,,100,gr,175,15,4,11,0,35,0.02,0.17,1.2,,0.08,14.3,0.66,0,0,0.56,,,186,,0.62,24.4,,600,200,14.5,1200,2,70,14.5,5.96,2.82,0.28,,True,False,,"Fuente: Moreiras y cols., Tablas de composición de alimentos (Pirámide).",True
,Queso de cabra curado,Lácteos,,100,gr,467,27.6,0,39.6,0,437,0.14,1.2,7.2,,0.1,53,1.5,0,0.2,0.9,,,190,,1.1,26,,796,114,5.5,790,2.9,32.8,100,25.4,10.6,2.4,,True,False,,"Fuente: Moreiras y cols., Tablas de composición de alimentos (Pirámide).",True
,Queso de cabra tierno,Lácteos,,100,gr,199,13.1,1,15.8,0,311,0.04,0.63,0.65,,0.12,19,2,0,0.5,0.79,,,190,,0.1,14,,210,130,2.8,470,0.7,70.1,50,10.4,3.6,0.5,,True,False,,"Fuente: Moreiras y cols., Tablas de composición de alimentos (Pirámide).",True
,Queso de cabrales,Lácteos,,100,gr,389,21,2,33,0,344,0.03,0.6,6.3,,0.08,50,1.2,0,0.23,0.8,,,700,,0.7,20,,379,95,14.5,1067,,44,90,17.88,8.46,0.83,,True,False,,"Fuente: Moreiras y cols., Tablas de composición de alimentos (Pirámide).",True
,Queso de tetilla,Lácteos,,100,gr,398,22,0,34.5,0,388,0.03,0.3,0.1,,0.1,20,1.5,0,0.25,0.62,,,597,,0.21,12,,415,39,,349,1.57,43.5,90,21.45,10.06,1.07,,True,False,,"Fuente: Moreiras y cols., Tablas de composición de alimentos (Pirámide).",True
,Queso Edam,Lácteos,,100,gr,356,25,1.4,27.8,0,244,0.037,0.389,0.082,,0.076,16,1.54,0,0.5,0.24,,,731,,0.44,30,,536,188,14.5,965,3.75,41.6,89,17.572,8.125,0.665,,True,False,,"Fuente: Moreiras y cols., Tablas de composición de alimentos (Pirámide).",True
,Queso emmental,Lácteos,,100,gr,380,28,0.2,29.7,0,266,0.05,0.34,6,,0.08,20,2,0,1.1,0.35,,,1080,,0.8,50,,700,110,11,450,4,42.1,100,16.09,7.45,0.75,,True,False,,"Fuente: Moreiras y cols., Tablas de composición de alimentos (Pirámide).",True
,Queso en lonchas,Lácteos,,100,gr,383,29,2,28.8,0,238,0.03,0.3,5.9,,0.08,20,1.4,0,0.18,0.8,,,760,,0.5,28,,450,160,14.5,980,4,40.2,85,17.55,6.87,0.72,,True,False,,"Fuente: Moreiras y cols., Tablas de composición de alimentos (Pirámide).",True
,Queso en porciones,Lácteos,,100,gr,312,18,2.5,25.5,0,422,0.03,0.3,4.2,,0.01,5,0.3,0,0.28,1,,,276,,,30,,535,150,14.5,935,0.5,54,94,14.24,7.5,1.05,,True,False,,"Fuente: Moreiras y cols., Tablas de composición de alimentos (Pirámide).",True
,Queso en porciones descremado,Lácteos,,100,gr,136,16,5.5,5.5,0,,0.02,0.3,0.1,,0.01,9,0.5,1.1,,,,,162,,,6,,150,150,1.6,1170,0.5,73,25,2.98,1.38,0.14,,True,False,,"Fuente: Moreiras y cols., Tablas de composición de alimentos (Pirámide).",True
,Queso feta,Lácteos,,100,gr,265,14.2,4.1,21.3,0,126,0.154,0.844,0.991,,0.424,32,1.69,0,0.4,0.18,,,493,,0.65,19,,337,62,15,1116,2.88,55.2,89,14.946,4.623,0.591,,True,False,,"Fuente: Moreiras y cols., Tablas de composición de alimentos (Pirámide).",True
,Queso gallego,Lácteos,,100,gr,357,23,2,28.5,0,238,0.03,0.2,4.7,,0.08,15,0.8,1,0.18,0.08,,,560,,0.5,25,,394,55,1.6,547,2,46.5,85,15.43,7.71,0.79,,True,False,,"Fuente: Moreiras y cols., Tablas de composición de alimentos (Pirámide).",True
,Queso Gorgonzola,Lácteos,,100,gr,361,19.4,0.62,31.2,0,364,0.05,0.43,0.9,,0.11,31,1.2,0,0.24,0.54,,,612,,0.3,30,,356,138,1.6,1450,2.5,48.8,87,15.2,8.8,0.89,,True,False,,"Fuente: Moreiras y cols., Tablas de composición de alimentos (Pirámide).",True
,Queso Gouda,Lácteos,,100,gr,331,25.5,0,25.4,0,270,0.03,0.2,5.2,,0.08,21,1.7,1,1.3,0.53,,,820,,0.5,28,,443,76,1.6,512,3.9,49.1,114,17,6.6,0.58,,True,False,,"Fuente: Moreiras y cols., Tablas de composición de alimentos (Pirámide).",True
,Queso gruyer,Lácteos,,100,gr,401,29,1.5,31,0,344,0.02,0.35,6,,0.08,20,1.5,0,0.27,0.8,,,850,,1,50,,600,110,1.6,640,4,38.5,100,16.8,7.95,0.78,,True,False,,"Fuente: Moreiras y cols., Tablas de composición de alimentos (Pirámide).",True
,Queso Idiazábal,Lácteos,,100,gr,443,23.3,0,38.9,0,437,0.03,0.3,7.2,,0.1,20,1.5,0,0.25,0.62,,,757,,0.5,21,,522,77,1.6,443,2.5,37.8,90,26.6,9.2,1,,True,False,,"Fuente: Moreiras y cols., Tablas de composición de alimentos (Pirámide).",True
,Queso Mahón,Lácteos,,100,gr,411,26.9,0,33.7,0,388,0.03,0.3,0.1,,0.1,20,1.5,0,0.25,0.62,,,559,,0.4,21,,478,143,,1274,3.1,31.7,90,20.02,10.3,1.5,,True,False,,"Fuente: Moreiras y cols., Tablas de composición de alimentos (Pirámide).",True
,Queso manchego curado,Lácteos,,100,gr,420,32,1,32,0,344,0.03,0.3,8.2,,0.08,20,1.5,0,0.27,0.8,,,1200,,0.6,50,,560,100,1.6,670,4,35,74.4,17.88,6.99,1,,True,False,,"Fuente: Moreiras y cols., Tablas de composición de alimentos (Pirámide).",True
,Queso manchego en aceite,Aceites y grasas,,100,gr,470,26.5,0,40.5,0,436,0.03,0.3,0.1,,0.1,20,1.5,0,0.25,0.62,,,579,,0.64,20,,801,82,,707,3.12,33,90,24.48,12.54,1.21,,True,False,,"Fuente: Moreiras y cols., Tablas de composición de alimentos (Pirámide).",True
,Queso manchego tierno,Lácteos,,100,gr,333,26,0,25.4,0,238,0.02,0.3,5.2,,0.2,20,1.4,0,0.23,0.6,,,470,,0.9,28,,520,100,1.6,670,3,48.6,70,14.19,5.55,0.8,,True,False,,"Fuente: Moreiras y cols., Tablas de composición de alimentos (Pirámide).",True
,Queso manchego semicurado,Lácteos,,100,gr,376,29,0.5,28.7,0,238,0.03,0.3,6.7,,0.2,20,1.5,0,0.23,0.6,,,835,,0.8,39,,520,100,1.6,670,3.5,41.8,87.8,16.04,6.27,0.9,,True,False,,"Fuente: Moreiras y cols., Tablas de composición de alimentos (Pirámide).",True
,Queso Mozzarella,Lácteos,,100,gr,223,19.5,0,16.1,0,184,0.03,0.27,0.14,,0.6,10,,0,,,,,632,,0.2,24,,428,67,14.5,373,,64.4,78,8.67,4.01,0.4,,True,False,,"Fuente: Moreiras y cols., Tablas de composición de alimentos (Pirámide).",True
,Queso para untar,Lácteos,,100,gr,277,13.5,4.4,22.8,0,293,0.05,0.36,0.12,,0.08,19,0.6,0,0.17,0.24,,,420,,0.2,25,,790,240,6,1060,2.1,59.3,65,14.3,6.6,0.7,,True,False,,"Fuente: Moreiras y cols., Tablas de composición de alimentos (Pirámide).",True
,Queso para untar light,Lácteos,,100,gr,187,7.8,3.4,16,0,169,0.02,0.1,1.9,,0.02,18,0.13,0,0.1,0.39,,,52,,0.07,4,,57,42,4,159,0.38,72.1,50.3,10.6,3.8,0.7,,True,False,,"Fuente: Moreiras y cols., Tablas de composición de alimentos (Pirámide).",True
,Queso parmesano,Lácteos,,100,gr,420,40,0,28.9,0,419,0.02,0.33,9.3,,0.1,20,1.5,0,0.46,0.9,,,1275,,0.7,46,,810,110,23.9,925,4,31.1,100,17.2,8.5,1.1,,True,False,,"Fuente: Moreiras y cols., Tablas de composición de alimentos (Pirámide).",True
,Queso Quark 20% MG en materia seca,Lácteos,,100,gr,71,7.8,3.5,2.9,0,44,0.037,0.27,0.14,,0.09,16,0.81,0.6,0.09,0.12,,,85,,0.37,11,,165,87,5,35,0.5,85.8,9.3,1.91,0.67,0.06,,True,False,,"Fuente: Moreiras y cols., Tablas de composición de alimentos (Pirámide).",True
,Queso Quark descremado,Lácteos,,100,gr,68,13.2,3.2,0.25,0,2,0.043,0.3,0.15,,0.1,16,0.88,0.7,,0.01,,,92,,0.4,12,,160,95,,40,0.57,81.3,0.8,0.17,0.06,0.005,,True,False,,"Fuente: Moreiras y cols., Tablas de composición de alimentos (Pirámide).",True
,Queso raclette,Lácteos,,100,gr,369,25,0.69,29.6,0,183,0.02,0.2,,,0.07,51,1.5,0,0.2,0.505,,,661,,0.2,25,,460,76,8,643,3,41.1,99.6,20.2,6.16,0.87,,True,False,,"Fuente: Moreiras y cols., Tablas de composición de alimentos (Pirámide).",True
,Queso rallado,Lácteos,,100,gr,422,40,0.5,28.9,0,419,0.02,0.33,9.3,,0.1,20,1.5,0,0.46,0.9,,,1275,,0.7,46,,810,110,23.9,925,4,30.6,100,17.2,8.5,1.1,,True,True,,"Fuente: Moreiras y cols., Tablas de composición de alimentos (Pirámide). Sinónimo de ""Queso parmesano"" en el libro.",False
,Queso ricotta,Lácteos,,100,gr,161,11.5,3.75,10.5,0,92.6,0.03,0.22,0.15,,0.043,5.83,0.34,1,0.07,0.05,,,215,,0.5,11,,174,86,,118,0.78,72.7,36.8,6.99,2.73,0.322,,True,False,,"Fuente: Moreiras y cols., Tablas de composición de alimentos (Pirámide).",True
,Queso roquefort,Lácteos,,100,gr,380,23,0,32,0,298,0.03,0.7,6.3,,0.15,50,1.2,0,0.23,0.7,,,670,,0.3,20,,430,91,14.5,1810,,45,80,17.34,8.2,0.81,,True,False,,"Fuente: Moreiras y cols., Tablas de composición de alimentos (Pirámide).",True
,Queso San Simón,Lácteos,,100,gr,385,24.9,0,31.7,0,340,0.03,0.3,0.1,,0.1,20,1.5,0,0.25,0.62,,,608,,0.33,18,,424,66,,668,2.57,43.4,90,20.58,9.63,1.22,,True,False,,"Fuente: Moreiras y cols., Tablas de composición de alimentos (Pirámide).",True
,Queso Torta del Casar,Lácteos,,100,gr,399,26.3,0,32.6,0,305,0.03,0.3,7.2,,0.1,50,1.5,0,0.25,0.62,,,1153,,1.5,42,,725,96,1.6,816,2,41.1,90,21.8,7.5,1.5,,True,False,,"Fuente: Moreiras y cols., Tablas de composición de alimentos (Pirámide).",True
,Queso Zamorano,Lácteos,,100,gr,438,25.3,0,37.5,0,388,0.03,0.3,0.1,,0.1,20,1.5,0,0.25,0.62,,,615,,0.6,22,,534,98,,661,3.11,37.3,90,25.85,9,0.54,,True,False,,"Fuente: Moreiras y cols., Tablas de composición de alimentos (Pirámide).",True
,Requesón,Lácteos,,100,gr,98,13.6,1.8,4,0,35,0.02,0.23,3.3,,0.08,18,0.6,0,0.02,0.08,,,60,,0.1,7.5,,150,72,4,415,0.5,80.6,19,2.17,1.03,0.1,,True,False,,"Fuente: Moreiras y cols., Tablas de composición de alimentos (Pirámide).",True
,Yogur desnatado con cereales,Lácteos,,100,gr,59.2,4.6,6.9,1.1,0.3,1.33,0.1,0.3,0.93,,0.14,36.6,0.3,3,0,0.2,,,130,,0.42,13.9,,102,176,1.9,67,0.5,85.7,1,0.186,0.208,0.0814,,True,False,,"Fuente: Moreiras y cols., Tablas de composición de alimentos (Pirámide).",True
,Yogur desnatado con fruta,Lácteos,,100,gr,72,3.8,13.1,0.2,1.1,10.7,0.03,0.19,0.43,,0.42,16,0.4,0,0,0,,,112,,0.16,12.8,,95,210,1,64,0.33,81.8,0.3,0.1,0.1,0,,True,False,,"Fuente: Moreiras y cols., Tablas de composición de alimentos (Pirámide).",True
,Yogur desnatado de sabores,Lácteos,,100,gr,90,3.8,16.7,0.91,0,0.8,0.05,0.21,0.42,,0.07,5,0.2,1,0.01,0.01,,,150,,0.1,15,,120,190,1,65,0.5,78.6,4,0.5,0.31,0.1,,True,False,,"Fuente: Moreiras y cols., Tablas de composición de alimentos (Pirámide).",True
,Yogur desnatado natural,Lácteos,,100,gr,45,4.3,6.3,0.32,0,0.8,0.04,0.19,1.2,,0.08,4.7,0.4,1.6,0,0,,,140,,0.09,13.7,,109,187,1,57,0.44,89.1,1,0.11,0.15,0,,True,False,,"Fuente: Moreiras y cols., Tablas de composición de alimentos (Pirámide).",True
,Yogur desnatado natural con azúcar,Lácteos,,100,gr,76,4.5,13.8,0.3,0,0.8,0.04,0.19,0.86,,0.1,5,0.3,4,0,0.03,,,149,,0.1,17,,123,191,1,66,0.4,81.4,1,0.11,0.1,0,,True,False,,"Fuente: Moreiras y cols., Tablas de composición de alimentos (Pirámide).",True
,Yogur entero con cereales,Lácteos,,100,gr,92.7,3.9,9.1,3.78,1.8,25.6,0.06,0.17,0.51,,0.111,26,0.23,0.55,0.07,0.077,,,126,,0.19,,,94.8,,5,51.2,0.4,79.7,14.5,2.5,0.836,0.116,,True,False,,"Fuente: Moreiras y cols., Tablas de composición de alimentos (Pirámide).",True
,Yogur entero con fruta,Lácteos,,100,gr,95,3.8,14.3,2.3,0.9,13.6,0.03,0.2,1.4,,0.013,18.1,0.18,0.7,0.04,0.03,,,109,,0.14,12.8,,130,210,1,82,0.3,78.7,10.7,1.4,0.61,0.1,,True,False,,"Fuente: Moreiras y cols., Tablas de composición de alimentos (Pirámide).",True
,Yogur entero de sabores,Lácteos,,100,gr,115,5.4,15.6,3.4,0,25.7,0.03,0.17,0.44,,0.05,13.5,0.17,0.94,0.05,0.08,,,121,,0.1,14.2,,140,240,1,65,0.52,75.6,11,2.1,0.99,0.08,,True,False,,"Fuente: Moreiras y cols., Tablas de composición de alimentos (Pirámide).",True
,Yogur entero natural,Lácteos,,100,gr,57,3.7,4.4,2.7,0,9.1,0.04,0.18,0.44,,0.05,3.7,0.2,0.7,0.06,0.04,,,142,,0.09,14.3,,170,280,2,80,0.59,89.2,12,1.66,0.77,0.11,,True,False,,"Fuente: Moreiras y cols., Tablas de composición de alimentos (Pirámide).",True
,Yogur entero natural azucarado,Lácteos,,100,gr,86,3.3,13.7,2,0,15,0.04,0.15,0.46,,0.07,4,0.3,0.7,0.06,0.03,,,131,,0.1,14,,140,157,1,49,0.3,81,4,1.2,0.61,0,,True,False,,"Fuente: Moreiras y cols., Tablas de composición de alimentos (Pirámide).",True
,Yogur griego,Lácteos,,100,gr,139,6.4,5.4,10.2,0,115,0.03,0.36,1.6,,0.05,6,0.2,0,0.05,0.38,,,150,,0.3,12,,130,150,2,71,0.5,78,11,6.8,2.46,0.28,,True,False,,"Fuente: Moreiras y cols., Tablas de composición de alimentos (Pirámide).",True
,Yogur líquido con pulpa de fruta,Lácteos,,100,gr,82,2.8,14.3,1.5,0,17,0.03,0.14,0.42,,0.07,4,0.3,0,0.1,0,,,110,,0.1,12,,86,139,1,41,0.3,81.4,0,1,0.41,0,,True,False,,"Fuente: Moreiras y cols., Tablas de composición de alimentos (Pirámide).",True
,Yogur líquido de sabores,Lácteos,,100,gr,75,2.9,12.8,1.4,0,17,0.03,0.16,0.42,,0.05,5,0.2,0,0,0,,,107,,0.1,11,,81,135,1,45,0.3,82.9,0,0.9,0.41,0,,True,False,,"Fuente: Moreiras y cols., Tablas de composición de alimentos (Pirámide).",True
,Yogur líquido natural azucarado,Lácteos,,100,gr,69,3,11.6,1.2,0,17,0.03,0.15,0.42,,0.07,5,0.3,0,0.12,0,,,115,,0.1,13,,90,145,1,43,0.3,84.2,0,0.8,0.31,0,,True,False,,"Fuente: Moreiras y cols., Tablas de composición de alimentos (Pirámide).",True
,Clara de huevo,Huevos,,100,gr,48,11,0.5,0.2,0,0,0.01,0.43,2.7,,0.02,13,0.1,0,0,0,,,5,,0.1,11,,33,150,6,190,0.1,88.3,0,0,0,0,,True,False,"Desayuno, Comida / cena","Fuente: Moreiras y cols., Tablas de composición de alimentos (Pirámide).",True
,Huevo de codorniz,Huevos,,100,gr,155,13.1,0.41,11.2,0,90,0.43,0.79,3.5,,0.15,66,1.6,0,5.1,0.74,,,64,,3.7,13,,226,132,32,141,1.5,75.7,844,3.1,4.9,1.3,,True,False,"Desayuno, Comida / cena","Fuente: Moreiras y cols., Tablas de composición de alimentos (Pirámide).",True
,Huevo de gallina,Huevos,,100,gr,153,12.5,0.7,11.1,0,190,0.09,0.47,3.8,,0.12,50,2.5,0,1.75,1.11,,,57,,1.9,12,,200,130,11,140,1.3,76.4,385,3.1,3.97,1.74,,True,False,"Desayuno, Comida / cena","Fuente: Moreiras y cols., Tablas de composición de alimentos (Pirámide).",True
,Huevo de pato,Huevos,,100,gr,184,13,0.7,14.4,0,560,0.16,0.53,4.5,,0.25,80,5.4,0,5,0.74,,,63,,2.7,16,,178,150,36.4,100,1.4,71.9,680,3.9,6.9,1,,True,False,"Desayuno, Comida / cena","Fuente: Moreiras y cols., Tablas de composición de alimentos (Pirámide).",True
,Yema de huevo,Huevos,,100,gr,362,16,0.2,33,0,535,0.3,0.54,4.8,,0.3,130,6.9,0,4.94,3.11,,,130,,6.1,15,,500,120,20,50,3.9,50.8,1120,9.21,11.32,5.16,,True,False,"Desayuno, Comida / cena","Fuente: Moreiras y cols., Tablas de composición de alimentos (Pirámide).",True
,Azúcar blanco,"Azúcares, siropes y edulcorantes",,100,gr,398,0,99.5,0,0,0,0,0,0,,0,0,0,0,0,0,,,2,,0,0,,0.3,2,0,0,0,0.5,0,0,0,0,,True,False,"Desayuno, Media mañana / merienda","Fuente: Moreiras y cols., Tablas de composición de alimentos (Pirámide).",True
,Azúcar moreno,"Azúcares, siropes y edulcorantes",,100,gr,386,0.1,96.4,0,0,0,0,0,0,,0,0,0,0,0,0,,,56,,1.7,17,,4,140,0,31,0.1,3.5,0,0,0,0,,True,False,"Desayuno, Media mañana / merienda","Fuente: Moreiras y cols., Tablas de composición de alimentos (Pirámide).",True
,Bombones,"Azúcares, siropes y edulcorantes",,100,gr,474,4.8,66,21.2,0,0,0.06,0.14,1.1,,,10,0,0,0,,,,121,,1.3,43,,120,420,2.8,120,0.15,8,74,12.84,6.91,0.72,,True,False,"Desayuno, Media mañana / merienda","Fuente: Moreiras y cols., Tablas de composición de alimentos (Pirámide).",True
,"Cacao en polvo azucarado (2,5% grasa)","Azúcares, siropes y edulcorantes",,100,gr,330,9.8,67.1,2.5,,6.6,0.04,0.14,2.6,,0.07,38,0,0,0,0.4,,,40,,4.4,,,709,1500,5,950,,20.6,0,1.51,0.78,0.12,,True,False,"Desayuno, Media mañana / merienda","Fuente: Moreiras y cols., Tablas de composición de alimentos (Pirámide).",True
,Cacao en polvo azucarado (8% grasa),"Azúcares, siropes y edulcorantes",,100,gr,381,9.8,67.1,8.1,,6.6,0.04,0.14,2.6,,0.07,38,0,0,0,0.4,,,40,,4.4,,,709,1500,16.7,950,,15,0,4.86,2.14,0.76,,True,False,"Desayuno, Media mañana / merienda","Fuente: Moreiras y cols., Tablas de composición de alimentos (Pirámide).",True
,Caramelos,"Azúcares, siropes y edulcorantes",,100,gr,380,0.8,94,0.1,0,0,0,0,0,,0,0,0,0,0,0,,,0,,0,0,,0,0,0,0,0,5.1,0,0,0,0,,False,False,"Desayuno, Media mañana / merienda","Fuente: Moreiras y cols., Tablas de composición de alimentos (Pirámide).",True
,Chicle con azúcar,"Azúcares, siropes y edulcorantes",,100,gr,381,0,95.2,0,0,0,0,0,0,,0,0,0,0,0,0,,,0,,0,0,,0,0,0,0,0,4.8,0,0,0,0,,False,False,"Desayuno, Media mañana / merienda","Fuente: Moreiras y cols., Tablas de composición de alimentos (Pirámide).",True
,Chicle sin azúcar,"Azúcares, siropes y edulcorantes",,100,gr,148,0,61.7,0,0,0,0,0,0,,0,0,0,0,0,0,,,0,,0,0,,0,0,0,0,0,3.5,0,0,0,0,,False,False,"Desayuno, Media mañana / merienda","Fuente: Moreiras y cols., Tablas de composición de alimentos (Pirámide).",True
,Chocolate,"Azúcares, siropes y edulcorantes",,100,gr,532,7.8,56.4,30.6,,6.6,0.07,0.08,1.2,,0.07,10,0,0,0,0.85,,,38,,2.4,100,,411,300,2,11,0.2,5.2,9,18.9,10.1,0.98,,True,False,"Desayuno, Media mañana / merienda","Fuente: Moreiras y cols., Tablas de composición de alimentos (Pirámide).",True
,Chocolate blanco,"Azúcares, siropes y edulcorantes",,100,gr,543,8,58.3,30.9,,25.5,0.08,0.49,2.8,,0.07,10,0,0,0,1.14,,,270,,0.2,26,,230,350,3,110,0.9,2.8,23,18.4,10,1.1,,True,False,"Desayuno, Media mañana / merienda","Fuente: Moreiras y cols., Tablas de composición de alimentos (Pirámide).",True
,Chocolate con leche,"Azúcares, siropes y edulcorantes",,100,gr,553,8.4,60,31,0,6.6,0.11,0.28,1.6,,0.07,10,0,0,0,0.74,,,188,,1.4,55,,310,420,4,120,0.2,0.6,30,18.78,10.1,1.06,,True,False,"Desayuno, Media mañana / merienda","Fuente: Moreiras y cols., Tablas de composición de alimentos (Pirámide).",True
,Chocolate con leche y almendra,"Azúcares, siropes y edulcorantes",,100,gr,561,8.7,51.5,34.9,3,47,0.07,0.44,0.7,,0.05,13,0.33,0,0.1,0.4,,,195,,1.2,85.7,,243,365,4,62,1.7,1.9,25,17.5,13.5,2.31,,True,False,"Desayuno, Media mañana / merienda","Fuente: Moreiras y cols., Tablas de composición de alimentos (Pirámide).",True
,Chocolate en polvo,"Azúcares, siropes y edulcorantes",,100,gr,324,9.8,67.1,1.8,,,0.06,0.04,1.7,,0.02,10,0,0,0,0.18,,,33,,2.4,150,,709,410,5,250,1.9,21.3,0,0.81,0.42,0.04,,True,False,"Desayuno, Media mañana / merienda","Fuente: Moreiras y cols., Tablas de composición de alimentos (Pirámide).",True
,Chocolate negro,"Azúcares, siropes y edulcorantes",,100,gr,543,6.3,43.6,35.5,12.1,9,0.05,0.14,0.97,,0.05,6,0,0,0,0.13,,,38,,1.5,124,,181,360,,12,2.2,2.5,1,21.35,11.51,1.08,,True,False,"Desayuno, Media mañana / merienda","Fuente: Moreiras y cols., Tablas de composición de alimentos (Pirámide).",True
,Chocolate negro (45%-59% cacao),"Azúcares, siropes y edulcorantes",,100,gr,560,4.9,61.2,31.3,7,2,0.025,0.05,0.73,,0.042,,0.23,0,0,0.54,,,56,,8,146,,206,559,3,24,2.01,1,8,18.52,9.54,1.09,,True,False,"Desayuno, Media mañana / merienda","Fuente: Moreiras y cols., Tablas de composición de alimentos (Pirámide).",True
,Chocolate negro (60%-69% cacao),"Azúcares, siropes y edulcorantes",,100,gr,595,6.1,52.4,38.3,8,3,0.032,0.05,0.84,,0.034,,0.18,0,0,0.59,,,62,,6.3,176,,260,567,8.4,10,2.65,1.3,6,22.03,11.52,1.22,,True,False,"Desayuno, Media mañana / merienda","Fuente: Moreiras y cols., Tablas de composición de alimentos (Pirámide).",True
,Chocolate negro (70%-85% cacao),"Azúcares, siropes y edulcorantes",,100,gr,620,7.8,45.9,42.6,10.9,2,0.034,0.08,1.05,,0.038,,0.28,0,0,0.59,,,73,,11.9,228,,308,715,6.8,20,3.31,1.4,3,24.49,12.78,1.26,,True,False,"Desayuno, Media mañana / merienda","Fuente: Moreiras y cols., Tablas de composición de alimentos (Pirámide).",True
,Compota de manzana,Postres y helados,,100,gr,81,0.2,19.1,0.1,1.6,6,0.02,0.03,0.12,,0.1,4,0,2,0,0.1,,,4,,0.3,10,,9,61,,3,0,78,0,0,0,0,,True,False,"Media mañana / merienda, Comida / cena","Fuente: Moreiras y cols., Tablas de composición de alimentos (Pirámide).",True
,Confitura baja en calorías,"Azúcares, siropes y edulcorantes",,100,gr,39,0.6,9.3,,,,,,,,,,0,,0,,,,,,,,,10,,2,,,90.2,0,,,,,False,False,"Desayuno, Media mañana / merienda","Fuente: Moreiras y cols., Tablas de composición de alimentos (Pirámide).",True
,Crema de cacao y avellanas,"Azúcares, siropes y edulcorantes",,100,gr,550,5.5,58.3,32.5,1,0,0.03,0.1,1.5,,0.1,,0,0,0,,,,130,,2.2,65,,183,390,3.8,50,1,2.7,2,5.44,14.49,9.62,,True,False,"Desayuno, Media mañana / merienda","Fuente: Moreiras y cols., Tablas de composición de alimentos (Pirámide).",True
,Crema pastelera,Postres y helados,,100,gr,158,4.9,22.3,5.37,0.3,93.3,0.06,0.18,,,0.3,15,1,1,0.3,0.3,,,108,,0.6,13,,120,148,,72,0.06,66.1,120,2.6,2,0.47,,True,False,"Media mañana / merienda, Comida / cena","Fuente: Moreiras y cols., Tablas de composición de alimentos (Pirámide).",True
,Dulce de membrillo,"Azúcares, siropes y edulcorantes",,100,gr,235,0.2,57,0,3.2,0,0.01,0.01,0.1,,,,0,0,0,,,,7,,0.2,3,,19,200,0.6,3,,39.6,0,,,,,True,False,"Desayuno, Media mañana / merienda","Fuente: Moreiras y cols., Tablas de composición de alimentos (Pirámide).",True
,Edulcorante aspartamo (E-951),"Azúcares, siropes y edulcorantes",,100,gr,52,13,0,0,0,0,0,0,0,,0,0,0,0,0,0,,,0,,0,0,,0,0,0,0,0,2,0,0,0,0,,False,False,"Desayuno, Media mañana / merienda","Fuente: Moreiras y cols., Tablas de composición de alimentos (Pirámide).",False
,Edulcorante líquido,"Azúcares, siropes y edulcorantes",,100,gr,4,0,1,0,0,0,0,0,0,,0,0,0,0,0,0,,,0,,0,0,,0,0,0,0,0,99,0,0,0,0,,False,False,"Desayuno, Media mañana / merienda","Fuente: Moreiras y cols., Tablas de composición de alimentos (Pirámide).",False
,Fructosa,"Azúcares, siropes y edulcorantes",,100,gr,399,0,99.8,0,0,0,0,0,0,,0,0,0,0,0,0,,,0.1,,0.07,0,,0.1,0.3,0.5,0.1,0.01,0.2,0,0,0,0,,True,False,"Desayuno, Media mañana / merienda","Fuente: Moreiras y cols., Tablas de composición de alimentos (Pirámide).",True
,"Granadina, jarabe","Azúcares, siropes y edulcorantes",,100,gr,268,0,66.9,0,0,0,0,0.01,0,,0,0,0,0,0,0,,,6,,0.05,4,,4,28,0.6,27,0.13,32.4,0,0,0,0,,True,False,"Desayuno, Media mañana / merienda","Fuente: Moreiras y cols., Tablas de composición de alimentos (Pirámide).",True
,Jaleas,"Azúcares, siropes y edulcorantes",,100,gr,261,0.2,65,0,0,4,0.02,0.02,0,,0,2,0,4,0,0,,,10,,0.2,,,10,69,2,12,,34.8,0,,,,,True,False,"Desayuno, Media mañana / merienda","Fuente: Moreiras y cols., Tablas de composición de alimentos (Pirámide).",True
,Jarabe,"Azúcares, siropes y edulcorantes",,100,gr,297,0.1,74.1,0,0,0,0,0.01,0,,0,0,0,0,0,0,,,74,,2.5,34,,2,220,1,50,0.1,25.8,0,0,0,0,,True,False,"Desayuno, Media mañana / merienda","Fuente: Moreiras y cols., Tablas de composición de alimentos (Pirámide).",True
,Mazapán,"Bollería, repostería y galletas",,100,gr,472,9,52,24,6,0,0.1,0.4,1.3,,0.06,50,0,0,0.1,12,,,74,,2,128,,230,286,1,17,0.8,9,53.3,1.9,17.06,4.62,,True,False,"Desayuno, Media mañana / merienda","Fuente: Moreiras y cols., Tablas de composición de alimentos (Pirámide).",True
,Mermelada,"Azúcares, siropes y edulcorantes",,100,gr,282,0.2,70,0,0.7,8,0,0,0,,0,0,0,7,0,0,,,25,,0.4,4,,18,44,0,18,,29.1,0,,,,,True,False,"Desayuno, Media mañana / merienda","Fuente: Moreiras y cols., Tablas de composición de alimentos (Pirámide).",True
,Mermelada baja en calorías,"Azúcares, siropes y edulcorantes",,100,gr,154,0.4,38,0,,,,,,,,,0,,0,,,,,,,,,19.7,238,2,50,,61.6,0,,,,,True,False,"Desayuno, Media mañana / merienda","Fuente: Moreiras y cols., Tablas de composición de alimentos (Pirámide).",True
,Miel,"Azúcares, siropes y edulcorantes",,100,gr,314,0.5,78,0,0,0,0.01,0.04,0.2,,,,0,0,0,0,,,5,,0.4,2,,17,51,1,11,0.9,21.5,0,0,0,0,,True,False,"Desayuno, Media mañana / merienda","Fuente: Moreiras y cols., Tablas de composición de alimentos (Pirámide).",True
,Polo (helado de hielo),Postres y helados,,100,gr,134,1,29.5,1.3,0,25,0.05,0.22,0.1,,0.05,12,0,0,0,0.1,,,29,,0.2,5,,109,64,,24,0.4,68.2,0,0.9,0.3,0,,True,False,"Media mañana / merienda, Comida / cena","Fuente: Moreiras y cols., Tablas de composición de alimentos (Pirámide).",True
,Regaliz,"Azúcares, siropes y edulcorantes",,100,gr,325,3.9,71.5,2.2,2,0,0,0,0,,0,0,0,0,0,0,,,63,,8.1,38,,29,220,,75,0.5,20.4,0,0.6,0.5,0.7,,True,False,"Desayuno, Media mañana / merienda","Fuente: Moreiras y cols., Tablas de composición de alimentos (Pirámide).",True
,Sacarina,"Azúcares, siropes y edulcorantes",,100,gr,0,0,0,0,0,0,0,0,0,,0,0,0,0,0,0,,,0,,0,0,,0,0,0,0,0,0,0,0,0,0,,False,False,"Desayuno, Media mañana / merienda","Fuente: Moreiras y cols., Tablas de composición de alimentos (Pirámide).",False
,Trufa de chocolate,"Azúcares, siropes y edulcorantes",,100,gr,513,6.2,44.9,33.8,2.5,145,0.087,0.25,0.299,,0.032,9,,0.1,,1.82,,,157,,1.75,48,,171,297,3.4,68,1.6,13.5,53,18.49,12.64,1.01,,True,False,"Desayuno, Media mañana / merienda","Fuente: Moreiras y cols., Tablas de composición de alimentos (Pirámide).",True
,Turrón,"Bollería, repostería y galletas",,100,gr,499,10,57.4,23.9,7.1,0,0.12,0.33,2.6,,0.06,48,0,0,0,9.1,,,127,,2.1,129,,220,209,1,13,0.8,1.6,35,1.9,16.4,4.47,,True,False,"Desayuno, Media mañana / merienda","Fuente: Moreiras y cols., Tablas de composición de alimentos (Pirámide).",True
,Turrón de Alicante (duro),"Bollería, repostería y galletas",,100,gr,496,13,44.9,28.1,5.9,0,0.08,0.33,1.37,,0.16,29,0,0,0,9.36,,,102,,2.1,119,,250,268,,12,2.3,8.1,0,2.29,18.28,6.22,,True,False,"Desayuno, Media mañana / merienda","Fuente: Moreiras y cols., Tablas de composición de alimentos (Pirámide).",True
,Turrón de Jijona (blando),"Bollería, repostería y galletas",,100,gr,504,13,43.5,29.2,7.8,0,0.07,0.27,1.86,,0.13,20,0,0,0,10.53,,,158,,2.3,151,,262,282,,17,2.3,6.5,0,2.76,18.63,6.49,,True,False,"Desayuno, Media mañana / merienda","Fuente: Moreiras y cols., Tablas de composición de alimentos (Pirámide).",True
,Aceite de cacahuete,Aceites y grasas,,100,gr,899,0,0,99.9,0,0,0,0,0,,0,0,0,0,0,15.16,,,0,,0,0,,0,0,0,0,0,0.1,0,18.8,47.8,31,,False,False,,"Fuente: Moreiras y cols., Tablas de composición de alimentos (Pirámide).",True
,Aceite de coco,Aceites y grasas,,100,gr,899,0,0,99.9,0,0,0,0,0,,0,0,0,0,0,0.66,,,0,,0,0,,0,0,0,0,0,0.1,0,85.2,6.6,7.7,,False,False,,"Fuente: Moreiras y cols., Tablas de composición de alimentos (Pirámide).",True
,Aceite de colza,Aceites y grasas,,100,gr,900,0,0,100,0,0,0,0,0,,0,0,0,0,0,42,,,5.6,,0.023,0.58,,0,10.7,10,5.49,0.05,0,0,6.98,60.5,26.3,,True,False,,"Fuente: Moreiras y cols., Tablas de composición de alimentos (Pirámide).",True
,Aceite de girasol,Aceites y grasas,,100,gr,899,0,0,99.9,0,0,0,0,0,,0,0,0,0,0,49.2,,,0,,0,0,,0,0,0,0,0,0.1,0,12.3,25.15,62.3,,False,False,,"Fuente: Moreiras y cols., Tablas de composición de alimentos (Pirámide).",True
,Aceite de maíz,Aceites y grasas,,100,gr,899,0,0,99.9,0,0,0,0,0,,0,0,0,0,0,17.2,,,0,,0,0,,0,0,0,0,0,0.1,0,13.05,32.74,54.15,,False,False,,"Fuente: Moreiras y cols., Tablas de composición de alimentos (Pirámide).",True
,Aceite de nuez,Aceites y grasas,,100,gr,898,0,0,99.8,0,0,0,0,0,,0,0,0,0,0,10.8,,,0,,0,0,,0,0,,0,0,0,0,9.3,17.1,69,,False,False,,"Fuente: Moreiras y cols., Tablas de composición de alimentos (Pirámide).",True
,Aceite de oliva,Aceites y grasas,,100,gr,899,0,0,99.9,0,0,0,0,0,,0,0,0,0,0,5.1,,,0,,0.4,0,,1,0,0,0,0,0.1,0,16.6,70.99,10.49,,True,False,,"Fuente: Moreiras y cols., Tablas de composición de alimentos (Pirámide).",True
,Aceite de oliva virgen,Aceites y grasas,,100,gr,899,0,0,99.9,0,34.1,0,0,0,,0,0,0,0,0,12,,,0,,0,0,,0,0,0,0,0,0.1,0,14.37,69.42,10.84,,False,False,,"Fuente: Moreiras y cols., Tablas de composición de alimentos (Pirámide).",True
,Aceite de palma,Aceites y grasas,,100,gr,899,0,0,99.9,0,0,0,0,0,,0,0,0,0,0,33.1,,,0,,0,0,,0,0,0,0,0,0.1,0,47.8,37.1,10.4,,False,False,,"Fuente: Moreiras y cols., Tablas de composición de alimentos (Pirámide).",True
,Aceite de semilla de uva,Aceites y grasas,,100,gr,899,0,0,99.9,0,0,0,0,0,,0,0,0,0,0,15.3,,,0,,0,0,,0,0,5,0,0,0,0,11.1,18.9,66,,False,False,,"Fuente: Moreiras y cols., Tablas de composición de alimentos (Pirámide).",True
,Aceite de sésamo,Aceites y grasas,,100,gr,900,0,0,100,0,0,0,0,0,,0,0,0,0,0,4.09,,,0,,0,0,,0,0,0,0,0,0,0,14.2,39.7,41.7,,False,False,,"Fuente: Moreiras y cols., Tablas de composición de alimentos (Pirámide).",True
,Aceite de soja,Aceites y grasas,,100,gr,899,0,0,99.9,0,0,0,0,0,,0,0,0,0,0,16.3,,,0,,0,0,,0,0,0,0,0,0.1,0,14,24.3,56.8,,False,False,,"Fuente: Moreiras y cols., Tablas de composición de alimentos (Pirámide).",True
,Manteca de cerdo,Aceites y grasas,,100,gr,896,0,0,99.5,0,0,0,0,0,,0,0,0,0,,0,,,1,,0.1,1,,3,1,0,2,,0.5,70,39.23,42.96,15.56,,True,False,,"Fuente: Moreiras y cols., Tablas de composición de alimentos (Pirámide).",True
,Mantequilla,Aceites y grasas,,100,gr,749,0.6,0,83,0,828,0,0,0,,0,0,0,0,0.76,2,,,15,,0.2,2,,15,16,0,5,0.15,16.4,230,44.97,21.3,2.1,,True,False,,"Fuente: Moreiras y cols., Tablas de composición de alimentos (Pirámide).",True
,Mantequilla salada,Aceites y grasas,,100,gr,749,0.6,0,83,0,828,0,0,0,,0,0,0,0,0.76,2,,,15,,0.2,2,,15,16,0,750,0.15,16.4,230,44.97,21.3,2.1,,True,False,,"Fuente: Moreiras y cols., Tablas de composición de alimentos (Pirámide).",True
,Margarina,Aceites y grasas,,100,gr,732,0.3,1,80.7,0,800,,0,0,,0,0,0,0,7.5,25,,,8,,0.2,1,,6,7,0,800,0.1,18,115,21.26,21.35,37.6,,True,False,,"Fuente: Moreiras y cols., Tablas de composición de alimentos (Pirámide).",True
,Margarina baja en calorías,Aceites y grasas,,100,gr,378,0.7,0.5,41.5,0,655,0.01,0.02,0.36,,0.01,1,0.06,0.1,5.75,6,,,12,,0.06,0.5,,8,7,0,390,0,57.3,1,13.3,8.8,17.9,,True,False,,"Fuente: Moreiras y cols., Tablas de composición de alimentos (Pirámide).",True
,Acedera,Verduras y hortalizas,,100,gr,33,2,3.2,0.7,2.9,200,0.04,0.1,0.5,,0.122,13,0,48,0,,,,44,,2.4,103,,63,390,0.9,4,0.2,93,,,,,,True,False,Comida / cena,"Fuente: Moreiras y cols., Tablas de composición de alimentos (Pirámide).",True
,Acelgas congeladas,Verduras y hortalizas,,100,gr,41,2,4.5,0.4,5.6,183,0.07,0.06,2.1,,,140,0,20,0,0.03,,,113,,3,71,,40,550,0.9,147,0.02,87.5,0,0.03,0.04,0.07,,True,False,Comida / cena,"Fuente: Moreiras y cols., Tablas de composición de alimentos (Pirámide).",True
,Acelgas frescas,Verduras y hortalizas,,100,gr,41,2,4.5,0.4,5.6,183,0.07,0.06,2.1,,,140,0,20,0,0.03,,,113,,3,71,,40,550,0.9,147,0.02,87.5,0,0.03,0.04,0.07,,True,True,Comida / cena,"Fuente: Moreiras y cols., Tablas de composición de alimentos (Pirámide). Sinónimo de ""Acelgas congeladas"" en el libro.",False
,Achicoria,Verduras y hortalizas,,100,gr,36,1.7,4.7,0.3,4,286,0.06,0.1,0.5,,0.105,110,0,24,0,2.26,,,100,,0.9,30,,47,420,0.3,45,0.42,92,0,0.073,0.006,0.131,,True,False,Comida / cena,"Fuente: Moreiras y cols., Tablas de composición de alimentos (Pirámide).",True
,Ajo,Verduras y hortalizas,,100,gr,118,5.3,23,0.3,1.1,0,0.16,0.02,1.3,,0.38,5,0,11,0,0.01,,,14,,1.5,25,,134,529,2,19,1,70.3,0,0.05,0,0.15,,True,False,Comida / cena,"Fuente: Moreiras y cols., Tablas de composición de alimentos (Pirámide).",True
,Alcachofas congeladas,Verduras y hortalizas,,100,gr,44,2.3,7.5,0.1,2,8,0.11,0.03,0.6,,0.07,13,0,9,0,0.2,,,45,,1.5,12,,130,430,0.7,47,0.1,88.1,0,0.02,0.01,0.05,,True,True,Comida / cena,"Fuente: Moreiras y cols., Tablas de composición de alimentos (Pirámide). Sinónimo de ""Alcachofas frescas"" en el libro.",False
,Alcachofas en conserva,Verduras y hortalizas,,100,gr,44,2.3,7.5,0.1,2,8,0.11,0.03,0.6,,0.07,13,0,9,0,0.2,,,45,,1.5,12,,130,430,0.7,47,0.1,88.1,0,0.02,0.01,0.05,,True,True,Comida / cena,"Fuente: Moreiras y cols., Tablas de composición de alimentos (Pirámide). Sinónimo de ""Alcachofas frescas"" en el libro.",False
,Alcachofas frescas,Verduras y hortalizas,,100,gr,44,2.3,7.5,0.1,2,8,0.11,0.03,0.6,,0.07,13,0,9,0,0.2,,,45,,1.5,12,,130,430,0.7,47,0.1,88.1,0,0.02,0.01,0.05,,True,False,Comida / cena,"Fuente: Moreiras y cols., Tablas de composición de alimentos (Pirámide).",True
,Algas kombu desecadas,"Setas, hongos y algas",,100,gr,160,7.1,0,1.6,58.7,56.7,0.07,0.26,2.1,,0.01,,0,13,0,,,,900,,12.7,610,,210,450,2,1830,6.2,32.6,0,,,,,True,False,Comida / cena,"Fuente: Moreiras y cols., Tablas de composición de alimentos (Pirámide).",True
,Algas musgo de Irlanda frescas,"Setas, hongos y algas",,100,gr,32,1.5,0,0.2,12.3,0,0.01,0.47,0.6,,,,2.8,,0,,,,72,,8.9,,,160,63,0.7,67,1.9,86,0,0.033,0.015,0.055,,True,False,Comida / cena,"Fuente: Moreiras y cols., Tablas de composición de alimentos (Pirámide).",True
,Algas nori desecadas,"Setas, hongos y algas",,100,gr,225,30.7,0,1.5,44.4,2485,0.24,1.34,5.5,,0.07,,0,14,0,,,,430,,19.6,12,,350,2840,0.7,790,6.4,23.4,0,,,,,True,False,Comida / cena,"Fuente: Moreiras y cols., Tablas de composición de alimentos (Pirámide).",True
,Algas wakame desecadas,"Setas, hongos y algas",,100,gr,165,12.4,0,2.4,47.1,86,0.11,0.14,,,0.01,,27.5,15,0,,,,660,,11.6,470,,310,220,1,3220,1.7,38.1,0,,,,,True,False,Comida / cena,"Fuente: Moreiras y cols., Tablas de composición de alimentos (Pirámide).",True
,Algas wakame frescas,"Setas, hongos y algas",,100,gr,54,3,8.7,0.64,0.5,36,0.06,0.23,2.2,,0.002,196,2.5,3,0,1,,,150,,2.2,107,,80,50,0.7,872,0.38,87.2,0,0.13,0.06,0.22,,True,False,Comida / cena,"Fuente: Moreiras y cols., Tablas de composición de alimentos (Pirámide).",True
,Apio,Verduras y hortalizas,,100,gr,16,1.3,1.3,0.2,1.8,95,0.04,0.04,0.7,,0.1,12,,7,0,0.2,,,55,,0.6,15,,32,341,3,126,0.1,95.4,0,0,0,0.1,,True,False,Comida / cena,"Fuente: Moreiras y cols., Tablas de composición de alimentos (Pirámide).",True
,Apio en conserva en salmuera,Verduras y hortalizas,,100,gr,13,0.8,1.3,0,2.3,9.33,0.04,0.04,0.3,,0.07,22,0,6,0,0.19,,,36,,0.4,10,,25,283,,343,0.1,95.6,0,0,0,0,,True,False,Comida / cena,"Fuente: Moreiras y cols., Tablas de composición de alimentos (Pirámide).",True
,Batata,Tubérculos y raíces,,100,gr,101,1.2,21.5,0.6,2.5,667,0.1,0.06,1.2,,0.22,52,0,25,0,4,,,22,,0.7,13,,60,320,1,19,0.3,74.2,0,0.23,0.04,0.2,,True,False,Comida / cena,"Fuente: Moreiras y cols., Tablas de composición de alimentos (Pirámide).",True
,Berenjena,Verduras y hortalizas,,100,gr,27,1.2,4.4,0.2,1.2,3,0.04,0.05,0.6,,0.08,18,0,6,0,0.03,,,11,,0.7,12,,21.4,214,1,2,0.28,93,0,0.05,0,0.1,,True,False,Comida / cena,"Fuente: Moreiras y cols., Tablas de composición de alimentos (Pirámide).",True
,Berros,Verduras y hortalizas,,100,gr,29,3,0.4,1,3,420,0.16,0.06,0.3,,0.23,214,0,62,0,1.46,,,170,,2.2,15,,52,230,0.9,49,0.7,92.6,0,0.3,0.1,0.4,,True,False,Comida / cena,"Fuente: Moreiras y cols., Tablas de composición de alimentos (Pirámide).",True
,Boniato,Tubérculos y raíces,,100,gr,101,1.2,21.5,0.6,2.5,667,0.1,0.06,1.2,,0.22,52,0,25,0,4,,,22,,0.7,13,,60,320,1,19,0.3,74.2,0,0.23,0.04,0.2,,True,True,Comida / cena,"Fuente: Moreiras y cols., Tablas de composición de alimentos (Pirámide). Sinónimo de ""Batata"" en el libro.",False
,Borraja,Verduras y hortalizas,,100,gr,28,1.8,3.1,0.7,0.9,210,0.06,0.15,,,0.084,13,0,35,0,,,,93,,3.3,52,,53,470,0.9,80,0.2,93.5,0,0.17,0.21,0.11,,True,False,Comida / cena,"Fuente: Moreiras y cols., Tablas de composición de alimentos (Pirámide).",True
,Brécol,Verduras y hortalizas,,100,gr,38,4.4,1.8,0.9,2.6,69,0.1,0.06,1.7,,0.14,90,0,87,0,1.3,,,56,,1.7,22,,87,370,0,8,0.6,90.3,0,0.2,0.1,0.5,,True,False,Comida / cena,"Fuente: Moreiras y cols., Tablas de composición de alimentos (Pirámide).",True
,"Brotes de bambú, en conserva",Verduras y hortalizas,,100,gr,26,1.7,3.2,0.4,1.4,1,0.026,0.026,0.14,,0.136,3,0,1.1,0,0.63,,,8,,0.32,4,,25,80,0.5,7,0.65,94.3,0,0.092,0.009,0.178,,True,False,Comida / cena,"Fuente: Moreiras y cols., Tablas de composición de alimentos (Pirámide).",True
,"Brotes de bambú, frescos",Verduras y hortalizas,,100,gr,38,2.6,5.2,0.3,2.2,1,0.15,0.07,0.6,,0.24,7,0,4,0,1,,,13,,0.5,3,,59,533,0.8,4,1.1,91,0,0.069,0.007,0.134,,True,False,Comida / cena,"Fuente: Moreiras y cols., Tablas de composición de alimentos (Pirámide).",True
,Calabacín,Verduras y hortalizas,,100,gr,14,0.6,2.2,0.2,0.5,4.5,0.04,0.04,0.6,,0.06,13,0,22,0,0,,,24,,0.4,8,,17,140,1,1,0.2,96.5,0,0,0,0,,True,False,Comida / cena,"Fuente: Moreiras y cols., Tablas de composición de alimentos (Pirámide).",True
,Calabaza,Verduras y hortalizas,,100,gr,15,0.7,2.2,0.2,1,75,0.16,0,0.2,,0.02,10,0,14,0,1.06,,,29,,0.4,10,,19,130,0.3,0,0.2,95.9,0,0.1,0,0,,True,False,Comida / cena,"Fuente: Moreiras y cols., Tablas de composición de alimentos (Pirámide).",True
,Canónigos,Verduras y hortalizas,,100,gr,17,1.8,0.7,0.4,1.5,650,0.065,0.08,0.38,,0.25,,0,35,0,1,,,35,,2,13,,49,421,,4,0.54,95.6,,,,,,True,False,Comida / cena,"Fuente: Moreiras y cols., Tablas de composición de alimentos (Pirámide).",True
,Cardo,Verduras y hortalizas,,100,gr,23,1.4,3.5,0.2,1,0,0.01,0.03,0.2,,,,0,1,0,,,,114,,1.5,,,46,400,0.9,23,,93.9,0,0,0,0,,True,False,Comida / cena,"Fuente: Moreiras y cols., Tablas de composición de alimentos (Pirámide).",True
,Cardo en conserva,Verduras y hortalizas,,100,gr,23,1.4,3.5,0.2,1,0,0.01,0.03,0.2,,,,0,1,0,,,,114,,1.5,,,46,392,0.7,220,,93.9,0,0,0,0,,True,False,Comida / cena,"Fuente: Moreiras y cols., Tablas de composición de alimentos (Pirámide).",True
,Cebolla blanca,Verduras y hortalizas,,100,gr,33,1.2,7,0,1.8,0,0.04,0.02,0.4,,0.1,16,0,19,0,0.02,,,28,,0.3,7,,33,170,,12,0.3,90,0,0,0,0,,True,False,Comida / cena,"Fuente: Moreiras y cols., Tablas de composición de alimentos (Pirámide).",True
,Cebolleta,Verduras y hortalizas,,100,gr,29,1.4,5.1,0,1.3,0,0.04,0.04,0.4,,0.1,16,0,19,0,0,,,31,,0.8,14,,44,278,1,6,0.1,92.2,0,0,0,0,,True,False,Comida / cena,"Fuente: Moreiras y cols., Tablas de composición de alimentos (Pirámide).",True
,Cebollino,Verduras y hortalizas,,100,gr,29,3,1.9,0.5,2.3,500,0.08,0.11,0.65,,0.13,130,0,60,0,0.9,,,86,,1.5,40,,54,275,,3,0.4,92.3,0,0.12,0.08,0.22,,True,False,Comida / cena,"Fuente: Moreiras y cols., Tablas de composición de alimentos (Pirámide).",True
,"Chalota, escalonia",Verduras y hortalizas,,100,gr,85,2.5,16.8,0.1,3.2,0,0.06,0.02,0.2,,0.345,34,0,8,0,0.04,,,37,,1.2,21,,60,334,1.2,12,0.4,79.8,0,0.017,0.014,0.039,,True,False,Comida / cena,"Fuente: Moreiras y cols., Tablas de composición de alimentos (Pirámide).",True
,Champiñón,"Setas, hongos y algas",,100,gr,31,1.8,4,0.3,2.5,0,0.1,0.41,4.6,,0.1,23,0,4,0,0.12,,,9,,1,14,,115,470,9,5,0.1,91.4,0,0.07,0.004,0.17,,True,False,Comida / cena,"Fuente: Moreiras y cols., Tablas de composición de alimentos (Pirámide).",True
,Champiñón en conserva,"Setas, hongos y algas",,100,gr,17,2.3,0.07,0.5,1.5,0,0.02,0.19,1.2,,0.06,23,0,1.7,0,0.12,,,19,,0.8,15,,69,121,8.8,319,0.1,95.7,0,0.07,0.003,0.17,,True,False,Comida / cena,"Fuente: Moreiras y cols., Tablas de composición de alimentos (Pirámide).",True
,Chirivía,Tubérculos y raíces,,100,gr,70,1.8,11.1,1.1,4.3,5,0.23,0.01,1,,0.11,87,0,17,0,1,,,41,,0.6,23,,74,450,,10,0.3,81.7,0,0.2,0.5,0.2,,True,False,Comida / cena,"Fuente: Moreiras y cols., Tablas de composición de alimentos (Pirámide).",True
,Chucrut en conserva,Verduras y hortalizas,,100,gr,23,1.5,2.4,0.3,2.1,3,0.027,0.05,0.17,,0.21,19,0,20,0,0.14,,,48,,0.6,14,,43,288,0.6,661,0.32,93.7,0,0.026,0.01,0.051,,True,False,Comida / cena,"Fuente: Moreiras y cols., Tablas de composición de alimentos (Pirámide).",True
,Col china,Verduras y hortalizas,,100,gr,33,1.7,5.4,0.3,1,223,0.01,0.16,0.8,,0.19,66,0,32,0,,,,136,,1.5,,,16,252,,65,0.2,91.6,0,0.03,0.01,0.1,,True,False,Comida / cena,"Fuente: Moreiras y cols., Tablas de composición de alimentos (Pirámide).",True
,Col rizada,Verduras y hortalizas,,100,gr,35,2.1,3.9,0.5,3.1,166,0.15,0.03,1,,0.19,150,0,62,0,0.2,,,53,,1.1,7,,44,320,1.4,5,0.3,90.4,0,,,,,True,False,Comida / cena,"Fuente: Moreiras y cols., Tablas de composición de alimentos (Pirámide).",True
,Coles,Verduras y hortalizas,,100,gr,36,3.3,3.4,0.3,3.3,4,0.04,0.08,1.1,,0.16,79,0,65,0,0.2,,,40,,0.8,13,,53,310,2,12,0.3,89.7,0,0,0,0.1,,True,False,Comida / cena,"Fuente: Moreiras y cols., Tablas de composición de alimentos (Pirámide).",True
,Coles de Bruselas,Verduras y hortalizas,,100,gr,51,3.5,4.1,1.4,3.8,13,0.08,0.16,0.9,,0.1,90,0,100,0,0.9,,,30,,0.7,19,,60,375,0.6,10,0.7,87.2,0,0.3,0.1,0.7,,True,False,Comida / cena,"Fuente: Moreiras y cols., Tablas de composición de alimentos (Pirámide).",True
,Coles de Bruselas congeladas,Verduras y hortalizas,,100,gr,51,3.5,4.1,1.4,3.8,13,0.08,0.16,0.9,,0.1,90,0,100,0,0.9,,,30,,0.7,19,,60,375,0.6,10,0.7,87.2,0,0.3,0.1,0.7,,True,True,Comida / cena,"Fuente: Moreiras y cols., Tablas de composición de alimentos (Pirámide). Sinónimo de ""Coles de Bruselas"" en el libro.",False
,Coliflor,Verduras y hortalizas,,100,gr,27,2.2,3.1,0.2,2.1,0,0.12,0.1,1.3,,0.2,69,0,67,0,0.2,,,22,,1,16,,60,350,0,8,0.3,92.4,0,0.05,0.02,0.1,,True,False,Comida / cena,"Fuente: Moreiras y cols., Tablas de composición de alimentos (Pirámide).",True
,Coliflor congelada,Verduras y hortalizas,,100,gr,27,2.2,3.1,0.2,2.1,0,0.12,0.1,1.3,,0.2,69,0,67,0,0.2,,,22,,1,16,,60,350,0,8,0.3,92.4,0,0.05,0.02,0.1,,True,True,Comida / cena,"Fuente: Moreiras y cols., Tablas de composición de alimentos (Pirámide). Sinónimo de ""Coliflor"" en el libro.",False
,Endibia,Verduras y hortalizas,,100,gr,12.9,1.2,0.95,0.23,1.1,208,0.04,0.173,0.433,,0.03,125,0,12,0,0.57,,,64.3,,1.05,19.3,,29.3,280,1,12.5,0.2,95.2,0,0.056,0.005,0.103,,True,False,Comida / cena,"Fuente: Moreiras y cols., Tablas de composición de alimentos (Pirámide).",True
,Escarola,Verduras y hortalizas,,100,gr,18,1.4,0.95,0.25,3.1,333,0.09,0.138,0.3,,0.02,97,0,9.8,0,0,,,65.5,,0.83,14,,34,350,0.6,16,0.79,92.9,0,0.048,0.004,0.088,,True,False,Comida / cena,"Fuente: Moreiras y cols., Tablas de composición de alimentos (Pirámide).",True
,Espárrago blanco en conserva,Verduras y hortalizas,,100,gr,26,1.9,3.4,0.3,1,65,0.07,0.1,0.9,,0.03,30,0,15,0,1.5,,,19,,0.7,15,,43,160,1,236,0.32,93.4,0,0.07,0.01,0.14,,True,False,Comida / cena,"Fuente: Moreiras y cols., Tablas de composición de alimentos (Pirámide).",True
,Espárrago blanco fresco,Verduras y hortalizas,,100,gr,18,2.7,1.1,0,1.5,53,0.12,0.13,1.4,,0.04,30,0,26,0,2.5,,,22,,1.1,11,,59,207,1,4,0.3,94.7,0,0,0,0,,True,False,Comida / cena,"Fuente: Moreiras y cols., Tablas de composición de alimentos (Pirámide).",True
,Espárrago verde fresco,Verduras y hortalizas,,100,gr,28,2.9,2,0.6,1.7,26.7,0.12,0.11,1.5,,,,0,21.6,0,2,,,27.7,,1.3,12.5,,59,207,1,3,0.51,92.8,0,0.1,0.1,0.2,,True,False,Comida / cena,"Fuente: Moreiras y cols., Tablas de composición de alimentos (Pirámide).",True
,Espinacas,Verduras y hortalizas,,100,gr,31,2.6,1.2,0.3,6.3,542,0.08,0.19,1.4,,0.18,140,0,30,0,2,,,90,,4,54,,55,423,1,81,0.5,89.6,0,0.03,0.02,0.18,,True,False,Comida / cena,"Fuente: Moreiras y cols., Tablas de composición de alimentos (Pirámide).",True
,Espinacas congeladas,Verduras y hortalizas,,100,gr,31,2.6,1.2,0.3,6.3,542,0.08,0.19,1.4,,0.18,140,0,30,0,2,,,90,,4,54,,55,423,1,81,0.5,89.6,0,0.03,0.02,0.18,,True,True,Comida / cena,"Fuente: Moreiras y cols., Tablas de composición de alimentos (Pirámide). Sinónimo de ""Espinacas"" en el libro.",False
,Espinacas en conserva,Verduras y hortalizas,,100,gr,27,2.2,0.52,0.4,6.3,550,0.017,0.06,0.3,,0.07,140,0,14,0,0.06,,,85,,0,63,,30,213,1,170,0.5,90.6,0,0.03,0.02,0.18,,True,False,Comida / cena,"Fuente: Moreiras y cols., Tablas de composición de alimentos (Pirámide).",True
,Fécula de patata,Cereales y granos,,100,gr,375,6.9,83.1,0.34,5.9,0,0.228,0.051,3.51,,0.769,25,0,3.8,0,0.25,,,65,,1.38,65,,168,1001,1.1,55,0.54,6.5,0,0.09,0.008,0.15,,True,False,Comida / cena,"Fuente: Moreiras y cols., Tablas de composición de alimentos (Pirámide).",True
,Grelos,Verduras y hortalizas,,100,gr,19,2.7,0.1,0,3.9,1000,0.06,0.2,0.9,,0.16,110,0,40,0,1,,,98,,3.1,10,,35,78,0.8,7,0.4,93.3,0,,,,,True,False,Comida / cena,"Fuente: Moreiras y cols., Tablas de composición de alimentos (Pirámide).",True
,Hojas de parra,Verduras y hortalizas,,100,gr,133,5.6,17.3,2.12,11,1376,0.04,0.354,2.36,,0.4,83,0,11.1,0,2,,,363,,2.63,95,,91,272,0.9,9,0.67,73.3,0,0.336,0.081,1.065,,True,False,Comida / cena,"Fuente: Moreiras y cols., Tablas de composición de alimentos (Pirámide).",True
,"Hongos desecados, shiitake","Setas, hongos y algas",,100,gr,372,9.6,75.4,0.99,11.5,0,0.3,1.27,14.1,,0.965,163,0,3.5,3.9,0,,,11,,1.72,132,,294,1534,46.1,13,7.66,9.5,0,0.225,0.317,0.151,,True,False,Comida / cena,"Fuente: Moreiras y cols., Tablas de composición de alimentos (Pirámide).",True
,Judías verdes,Verduras y hortalizas,,100,gr,37,2.3,5,0.2,2.9,33.5,0.06,0.1,1.3,,,60,0,24,0,,,,40,,0.9,26,,44,280,1.4,2,0.2,89.6,0,0.04,0.01,0.11,,True,False,Comida / cena,"Fuente: Moreiras y cols., Tablas de composición de alimentos (Pirámide).",True
,Judías verdes congeladas,Verduras y hortalizas,,100,gr,37,2.3,5,0.2,2.9,33.5,0.06,0.1,1.3,,,60,0,24,0,,,,40,,0.9,26,,44,280,1.4,2,0.2,89.6,0,0.04,0.01,0.11,,True,True,Comida / cena,"Fuente: Moreiras y cols., Tablas de composición de alimentos (Pirámide). Sinónimo de ""Judías verdes"" en el libro.",False
,Lechuga,Verduras y hortalizas,,100,gr,13.6,1.34,1.4,0.2,1.5,387,0.065,0.075,0.351,,0.091,91,0,3.4,0,0.57,,,44.7,,0.357,12.5,,21.4,175,0.6,13.2,0.188,95.8,0,0.0363,0.0128,0.107,,True,False,Comida / cena,"Fuente: Moreiras y cols., Tablas de composición de alimentos (Pirámide).",True
,Lechuga romana,Verduras y hortalizas,,100,gr,18.2,1,1.28,0.6,1.83,871.7,0.12,0.02,0.6,,0.03,55,0,5,0,0.57,,,21,,0.6,6,,29,220,1,1,0.2,94.7,0,0.04,0.012,0.159,,True,False,Comida / cena,"Fuente: Moreiras y cols., Tablas de composición de alimentos (Pirámide).",True
,Lechuga tipo iceberg,Verduras y hortalizas,,100,gr,14,0.9,2.97,0.14,1.2,25,0.041,0.025,0.123,,0.042,29,0,3,0,0.18,,,19,,0.4,7,,20,141,0.1,10,0.15,95.6,0,0.018,0.006,0.074,,True,False,Comida / cena,"Fuente: Moreiras y cols., Tablas de composición de alimentos (Pirámide).",True
,"Lechuga, cogollos",Verduras y hortalizas,,100,gr,17,1.5,1.4,0.3,1.5,29,0.06,0.06,0.6,,0.07,34,0,12,0,0.5,,,40,,0.6,12,,30,240,1,9,0.3,95.3,0,0.039,0.012,0.16,,True,False,Comida / cena,"Fuente: Moreiras y cols., Tablas de composición de alimentos (Pirámide).",True
,Lombarda,Verduras y hortalizas,,100,gr,27,1.1,3.7,0.3,2.5,0,0.02,0.01,0.6,,0.09,39,0,55,0,0.2,,,60,,0.4,9,,37,250,1,8,0.1,92.4,0,0.021,0.012,0.08,,True,False,Comida / cena,"Fuente: Moreiras y cols., Tablas de composición de alimentos (Pirámide).",True
,Menestra congelada,Verduras y hortalizas,,100,gr,44,3.3,6.6,0.5,,420,0.12,0.09,1.3,,0.11,52,0,13,0,,,,35,,0.8,16,,57,130,1,96,0.4,89.6,0,,,,,True,False,Comida / cena,"Fuente: Moreiras y cols., Tablas de composición de alimentos (Pirámide).",True
,Nabizas,Verduras y hortalizas,,100,gr,19,2.7,0.1,0,3.9,1000,0.06,0.2,0.9,,0.16,110,0,40,0,1,,,98,,3.1,10,,35,78,0.8,7,0.4,93.3,0,,,,,True,True,Comida / cena,"Fuente: Moreiras y cols., Tablas de composición de alimentos (Pirámide). Sinónimo de ""Grelos"" en el libro.",False
,Nabos,Verduras y hortalizas,,100,gr,32,0.8,5,0.3,2.8,0,0.05,0.05,0.8,,0.11,20,0,31,0,0,,,59,,0.4,8,,34,240,0.01,58,0.08,91.1,0,0.04,0.03,0.18,,True,False,Comida / cena,"Fuente: Moreiras y cols., Tablas de composición de alimentos (Pirámide).",True
,Níscalo,"Setas, hongos y algas",,100,gr,24,1.6,0.2,0.8,4.7,217,0.02,0.23,6.5,,0.09,2,0,6,0,0.13,,,8,,6.5,14,,44,507,7,3,0.5,92.7,0,0.1,0,0.5,,True,False,Comida / cena,"Fuente: Moreiras y cols., Tablas de composición de alimentos (Pirámide).",True
,Palmito en conserva,Verduras y hortalizas,,100,gr,53,2.8,8,0.6,2.4,2,0.07,0.09,0.82,,0.1,28,0,7,0,0.9,,,44,,0.4,23,,71,163,0.7,620,1.15,86.2,0,0.13,0.103,0.202,,True,False,Comida / cena,"Fuente: Moreiras y cols., Tablas de composición de alimentos (Pirámide).",True
,Patata,Tubérculos y raíces,,100,gr,88,2.5,18,0.2,2,0,0.1,0.04,1.5,,0.25,12,0,18,0,0.1,,,9,,0.6,25,,50,570,1,7,0.3,77.3,0,0.04,0.01,0.12,,True,False,Comida / cena,"Fuente: Moreiras y cols., Tablas de composición de alimentos (Pirámide).",True
,Patata nueva (mayo a septiembre),Tubérculos y raíces,,100,gr,77,1.7,16.1,0.3,1.3,0,0.15,0.02,0.8,,0.44,25,0,16,0,0.06,,,6,,0.3,14,,34,320,1,11,0.2,80.6,0,0.1,0,0.1,,True,False,Comida / cena,"Fuente: Moreiras y cols., Tablas de composición de alimentos (Pirámide).",True
,Patata vieja (febrero a junio),Tubérculos y raíces,,100,gr,82,2.1,17.2,0.2,1.6,0,0.21,0.02,1.1,,0.44,35,0,11,0,0.06,,,5,,0.4,17,,37,360,1,7,0.3,78.9,0,0,0,0.1,,True,False,Comida / cena,"Fuente: Moreiras y cols., Tablas de composición de alimentos (Pirámide).",True
,Pepino,Verduras y hortalizas,,100,gr,13,0.7,1.9,0.2,0.5,0,0.03,0.03,0.5,,0.04,16,0,10,0,0.07,,,17,,0.3,9,,20,140,0,3,0.16,96.7,0,0.07,0.01,0.09,,True,False,Comida / cena,"Fuente: Moreiras y cols., Tablas de composición de alimentos (Pirámide).",True
,Pimiento morrón,Verduras y hortalizas,,100,gr,40,1.1,7,0.4,2.1,630,0.01,0.03,1.1,,0.31,11,0,81,0,0.9,,,9,,0.3,14,,26,180,0,70,0.2,89.4,0,0.1,0.01,0.2,,True,False,Comida / cena,"Fuente: Moreiras y cols., Tablas de composición de alimentos (Pirámide).",True
,Pimiento rojo,Verduras y hortalizas,,100,gr,37,1,6.4,0.4,1.9,640,0.05,0.04,0.9,,0.17,11,0,131,0,0.8,,,12,,0.5,11,,25,210,0,2,0.2,90.3,0,0.1,0.01,0.2,,True,False,Comida / cena,"Fuente: Moreiras y cols., Tablas de composición de alimentos (Pirámide).",True
,Pimiento verde,Verduras y hortalizas,,100,gr,23,0.9,3.7,0.2,1.2,34,0.05,0.04,0.9,,0.17,11,0,131,0,0.8,,,12,,0.5,11,,25,210,0,2,0.2,94,0,0.04,0.01,0.11,,True,False,Comida / cena,"Fuente: Moreiras y cols., Tablas de composición de alimentos (Pirámide).",True
,Puerro,Verduras y hortalizas,,100,gr,48,2,7.5,0.4,3,123,0.05,0.03,0.6,,0.25,127,0,20,0,0.7,,,60,,1,18,,50,260,0.76,26,0.23,87.1,0,0.1,0,0.2,,True,False,Comida / cena,"Fuente: Moreiras y cols., Tablas de composición de alimentos (Pirámide).",True
,Puerro en conserva,Verduras y hortalizas,,100,gr,26,1.2,2.6,0.7,2.4,95.8,0.02,0.02,0.6,,0.05,40,0,7,0,0.78,,,20,,0.7,2,,32,150,1,6,0.2,93.1,0,0.1,0,0.4,,True,False,Comida / cena,"Fuente: Moreiras y cols., Tablas de composición de alimentos (Pirámide).",True
,Puré de patata en escamas sin reconstituir,Tubérculos y raíces,,100,gr,369,9.1,73.2,0.8,16.5,0,0.04,0.14,7.8,,0.18,24,0,12,0,0.1,,,89,,2.4,69,,84,114,,342,1.1,0.4,0,0.15,0.02,0.47,,True,False,Comida / cena,"Fuente: Moreiras y cols., Tablas de composición de alimentos (Pirámide).",True
,Puré de patata reconstituido con agua,Tubérculos y raíces,,100,gr,66,1.5,13.5,0.1,2.7,0.5,0.01,0.03,1.6,,0.15,2,0,23,0,0.05,,,13,,0.4,12,,41,260,,200,0.2,82.2,0,0,0,0.1,,True,False,Comida / cena,"Fuente: Moreiras y cols., Tablas de composición de alimentos (Pirámide).",False
,Puré de patata reconstituido con leche,Tubérculos y raíces,,100,gr,85,2.4,14.8,1.2,2.7,15.3,0.02,0.07,1.7,,0.17,4,0.1,23,0,0.06,,,44,,0.4,15,,66,290,,210,0.3,78.9,4,0.7,0.3,0.1,,True,False,Comida / cena,"Fuente: Moreiras y cols., Tablas de composición de alimentos (Pirámide).",True
,Rábanos,Verduras y hortalizas,,100,gr,17,1,2.7,0.1,1,0,0.04,0.02,0.4,,0.1,24,0,20,0,0,,,34,,1.3,11,,31,240,2,59,0.13,95.3,0,0.032,0.017,0.048,,True,False,Comida / cena,"Fuente: Moreiras y cols., Tablas de composición de alimentos (Pirámide).",True
,Remolacha,Verduras y hortalizas,,100,gr,37,1.3,6.4,0,3.1,0,0.03,0.05,0.3,,0.05,90,0,10,0,0,,,23,,0.8,15,,31,300,1,84,0.4,89.2,0,,,,,True,False,Comida / cena,"Fuente: Moreiras y cols., Tablas de composición de alimentos (Pirámide).",True
,Remolacha en conserva,Verduras y hortalizas,,100,gr,34,1.2,5.6,0.2,2.5,0,0.02,0.03,0.3,,0.04,2,0,,0,0,,,19,,0.5,13,,17,190,0,120,0.3,90.5,0,0,0,0.1,,True,False,Comida / cena,"Fuente: Moreiras y cols., Tablas de composición de alimentos (Pirámide).",True
,Repollo,Verduras y hortalizas,,100,gr,36,3.3,3.4,0.3,3.3,4,0.04,0.08,1.1,,0.16,79,0,65,0,0.2,,,40,,0.8,13,,53,310,2,12,0.3,89.7,0,0,0,0.1,,True,False,Comida / cena,"Fuente: Moreiras y cols., Tablas de composición de alimentos (Pirámide).",True
,Repollo chino,Verduras y hortalizas,,100,gr,19,0.8,2.5,0.4,1.2,16,0.03,0.03,0.4,,0.23,79,0,24,0,,,,52,,0.4,0,,24,238,,9,0.2,95.1,0,0.04,0.02,0.07,,True,False,Comida / cena,"Fuente: Moreiras y cols., Tablas de composición de alimentos (Pirámide).",True
,Rúcula,Verduras y hortalizas,,100,gr,34,2.6,3.7,0.66,1.6,119,0.04,0.086,0.31,,0.073,97,0,15,0,0.43,,,160,,1.46,47,,52,369,,27,0.47,91.7,0,0.086,0.049,0.319,,True,False,Comida / cena,"Fuente: Moreiras y cols., Tablas de composición de alimentos (Pirámide).",True
,Setas,"Setas, hongos y algas",,100,gr,31,1.8,4,0.3,2.5,217,0.1,0.41,4.6,,0.1,23,0,4,0,0.12,,,9,,1,14,,115,470,9,5,0.1,91.4,0,0.07,0.004,0.17,,True,False,Comida / cena,"Fuente: Moreiras y cols., Tablas de composición de alimentos (Pirámide).",True
,Tapioca (harina),Cereales y granos,,100,gr,382,0.5,94.3,0.2,0.4,0,0.01,0.01,0.01,,0.01,0.01,0,0,0,0,,,11,,1,3,,20,20,0.8,4,,4.6,0,0.05,0.05,0.03,,True,False,Comida / cena,"Fuente: Moreiras y cols., Tablas de composición de alimentos (Pirámide).",True
,Tomate,Verduras y hortalizas,,100,gr,22,1,3.5,0.11,1.4,82.3,0.06,0.04,0.8,,0.11,28,0,26,0,1.2,,,11,,0.6,10,,27,290,0,3,0.22,94,0,0,0,0.11,,True,False,Comida / cena,"Fuente: Moreiras y cols., Tablas de composición de alimentos (Pirámide).",True
,Tomate al natural enlatado,Verduras y hortalizas,,100,gr,17,1.1,2.3,0.2,0.9,333,0.05,0.03,0.8,,0.11,25,0,16,0,1.2,,,10,,0.6,11,,27,270,0,29,0.3,95.5,0,,,,,True,False,Comida / cena,"Fuente: Moreiras y cols., Tablas de composición de alimentos (Pirámide).",True
,Tomate cherry,Verduras y hortalizas,,100,gr,29.4,0.8,5,0.8,1.3,132,0.06,0.04,1,,0.14,17,0,28,0,1.22,,,11,,0.4,11,,30,290,0,13,0.2,92,0,0.018,0.019,0.053,,True,False,Comida / cena,"Fuente: Moreiras y cols., Tablas de composición de alimentos (Pirámide).",True
,Trufa cruda,"Setas, hongos y algas",,100,gr,126,9,13,0.5,16.5,,,,,,,,0,,0,,,,24,,3.5,28,,62,431,,77,,61,0,,,,,True,False,Comida / cena,"Fuente: Moreiras y cols., Tablas de composición de alimentos (Pirámide).",True
,"Wasabi, raíz",Verduras y hortalizas,,100,gr,135,4.8,23.5,0.63,7.8,2,0.131,0.114,0.74,,0.274,18,0,41.9,0,,,,128,,1.03,69,,80,568,,17,1.62,69.1,0,,,,,True,False,Comida / cena,"Fuente: Moreiras y cols., Tablas de composición de alimentos (Pirámide).",True
,"Yuca, mandioca, casava",Tubérculos y raíces,,100,gr,164,1.4,38.1,0.3,1.8,1,0.09,0.05,0.85,,0.09,27,0,21,0,0.19,,,16,,0.3,21,,27,271,0.7,14,0.3,58.4,0,0.07,0.08,0.05,,True,False,Comida / cena,"Fuente: Moreiras y cols., Tablas de composición de alimentos (Pirámide).",True
,Zanahoria,Verduras y hortalizas,,100,gr,40,0.9,7.3,0.2,2.9,1346,0.05,0.04,0.6,,0.15,10,0,6,0,0.5,,,41,,0.7,13,,37,255,1,77,0.3,88.7,0,0.037,0.014,0.117,,True,False,Comida / cena,"Fuente: Moreiras y cols., Tablas de composición de alimentos (Pirámide).",True
,Zanahoria en conserva,Verduras y hortalizas,,100,gr,29,0.6,4.4,0.4,2.7,738,0.05,0.01,0.2,,0.05,17,0,2,0,0.56,,,30,,0.4,6,,15,160,1,212,0.2,91.9,0,0.1,0,0.2,,True,False,Comida / cena,"Fuente: Moreiras y cols., Tablas de composición de alimentos (Pirámide).",True
,Altramuces,Legumbres,,100,gr,394,36.2,40.4,9.74,,1,0.64,0.22,2.19,,0.36,355,0,4.8,0,,,,176,,4.36,198,,440,1013,8.2,15,4.75,10.4,0,1.156,3.94,2.439,,True,False,Comida / cena,"Fuente: Moreiras y cols., Tablas de composición de alimentos (Pirámide).",True
,Frijol negro,Legumbres,,100,gr,275,24.9,40.8,1.4,17.9,,0.47,0.15,2.09,,0.53,463,0,1,0,,,,134,,7.1,138,,415,800,,40,2.6,11.5,0,0.29,0.1,0.27,,True,False,Comida / cena,"Fuente: Moreiras y cols., Tablas de composición de alimentos (Pirámide).",True
,Frijol rojo o poroto,Legumbres,,100,gr,277,22.1,44.1,1.4,15.7,,0.61,0.22,2.11,,0.4,394,0,5,0,,,,83,,6.7,138,,406,1359,,12,2.8,11.2,0,0.15,0.08,0.59,,True,False,Comida / cena,"Fuente: Moreiras y cols., Tablas de composición de alimentos (Pirámide).",True
,Garbanzos,Legumbres,,100,gr,332,21.3,49.6,5.4,13.5,32,0.4,0.15,4.3,,0.53,180,0,4,0,2.88,,,145,,6.7,160,,375,797,2,26,3.0,10,0,0.43,1.8,2.8,,True,False,Comida / cena,"Fuente: Moreiras y cols., Tablas de composición de alimentos (Pirámide).",True
,Garbanzos en conserva,Legumbres,,100,gr,120,7.2,14.1,2.9,4.1,3.5,0.13,0.06,12,,0.04,67,0,0,0,1.6,,,43,,2.8,24,,335,110,1,220,1.2,71.1,0,0.31,0.72,1.3,,True,False,Comida / cena,"Fuente: Moreiras y cols., Tablas de composición de alimentos (Pirámide).",True
,Garrofón seco,Legumbres,,100,gr,303,19.1,52.9,1.7,19.4,0,0.51,0.202,1.54,,0.51,395,0,0,0,0.72,,,81,,7.51,224,,385,1724,7.2,18,2.83,11.6,0,0.161,0.062,0.309,,True,False,Comida / cena,"Fuente: Moreiras y cols., Tablas de composición de alimentos (Pirámide).",True
,Guisantes congelados,Legumbres,,100,gr,80,5.3,10,0.4,7.8,50,0.3,0.11,3,,0.1,78,0,18,0,0,,,25,,1.5,27,,122,340,1,3,0.9,76.5,0,0.15,0.13,0.05,,True,False,Comida / cena,"Fuente: Moreiras y cols., Tablas de composición de alimentos (Pirámide).",True
,Guisantes en conserva,Legumbres,,100,gr,72,5.6,9.7,0.5,3.36,43,0.1,0.06,0.88,,0.05,12,0,8.8,0,,,,20,,1.5,20,,62,150,0.7,222,0.65,80.8,0,0.15,0.13,0.05,,True,False,Comida / cena,"Fuente: Moreiras y cols., Tablas de composición de alimentos (Pirámide).",True
,Guisantes frescos con vaina,Legumbres,,100,gr,91,6,13.1,0.5,5.2,50,0.3,0.15,3,,0.16,78,0,23,0,,,,24,,1.7,35,,122,340,1,1,0.7,75.2,0,0.19,0.16,0.06,,True,False,Comida / cena,"Fuente: Moreiras y cols., Tablas de composición de alimentos (Pirámide).",True
,Guisantes frescos desgranados,Legumbres,,100,gr,91,6,13.1,0.5,5.2,50,0.3,0.15,3,,0.16,78,0,23,0,,,,24,,1.7,35,,122,340,1,1,0.7,75.2,0,0.19,0.16,0.06,,True,True,Comida / cena,"Fuente: Moreiras y cols., Tablas de composición de alimentos (Pirámide). Sinónimo de ""Guisantes frescos con vaina"" en el libro.",False
,Guisantes secos,Legumbres,,100,gr,316,21.6,52,2.4,15,42,0.7,0.2,5.2,,0.13,33,0,2,0,0,,,72,,5.3,123,,300,990,1,38,3.5,13.3,0,0.86,0.73,0.26,,True,False,Comida / cena,"Fuente: Moreiras y cols., Tablas de composición de alimentos (Pirámide).",True
,Habas frescas con vaina,Legumbres,,100,gr,65,4.6,8.6,0.4,4.2,42,0.17,0.09,2.8,,,78,0,24,0,0,,,23,,1.7,28,,84,323,,120,0.7,82.2,0,0.05,,0.2,,True,False,Comida / cena,"Fuente: Moreiras y cols., Tablas de composición de alimentos (Pirámide).",True
,Habas frescas desgranadas,Legumbres,,100,gr,65,4.6,8.6,0.4,4.2,42,0.17,0.09,2.8,,,78,0,24,0,0,,,23,,1.7,28,,84,323,,120,0.7,82.2,0,0.05,,0.2,,True,True,Comida / cena,"Fuente: Moreiras y cols., Tablas de composición de alimentos (Pirámide). Sinónimo de ""Habas frescas con vaina"" en el libro.",False
,Habas secas,Legumbres,,100,gr,253,26.1,32.5,2.1,19,42,0.52,0.24,4.9,,,,0,4,0,,,,115,,8.5,140,,590,1030,8.2,3.5,3.5,11,0,0.33,0.3,1.17,,True,False,Comida / cena,"Fuente: Moreiras y cols., Tablas de composición de alimentos (Pirámide).",True
,Habas secas cocidas,Legumbres,,100,gr,57,5.8,7.2,0.6,6.5,32,0.05,0.07,2,,0.1,57,0,12,0,0.5,,,24,,1.0,18,,105,210,,4,1,79.3,0,0.11,0.12,0.24,,True,False,Comida / cena,"Fuente: Moreiras y cols., Tablas de composición de alimentos (Pirámide).",True
,Harina de algarrobo,Legumbres,,100,gr,459,4.6,88.9,0.65,39.8,1,0.053,0.461,1.897,,0.366,29,0,0.2,0,0.63,,,348,,2.94,54,,79,827,5.3,35,0.92,3.6,0,0.09,0.197,0.216,,True,False,Comida / cena,"Fuente: Moreiras y cols., Tablas de composición de alimentos (Pirámide).",True
,Harina de soja,Legumbres,,100,gr,475,36.8,23.5,23.5,11.2,,0.75,0.28,10.6,,0.46,345,0,0,0,1.5,,,210,,6.9,240,,600,1660,9,9,3.9,5,0,2.9,11.4,4.5,,True,False,Comida / cena,"Fuente: Moreiras y cols., Tablas de composición de alimentos (Pirámide).",True
,Judías blancas,Legumbres,,100,gr,299,21.4,49.7,1.6,22.9,1,0.5,0.15,5.9,,0.56,308,0,2,0,1.13,,,180,,6.7,180,,310,1160,12,43,2.8,11.3,0,0.56,0.2,1.4,,True,False,Comida / cena,"Fuente: Moreiras y cols., Tablas de composición de alimentos (Pirámide).",True
,Judías blancas en conserva,Legumbres,,100,gr,100,6.7,15.7,0.2,4.4,0,0.1,0.04,0.1,,0.07,60,0,0,0,0.05,,,71,,2.8,39,,84,362,0.6,243,2.3,73,0,,,,,True,False,Comida / cena,"Fuente: Moreiras y cols., Tablas de composición de alimentos (Pirámide).",True
,Judías pintas,Legumbres,,100,gr,327,21.1,57.1,1.6,22.9,1,0.68,0.19,1.3,,0.45,520,0,7,0,,,,130,,5.4,170,,440,1340,18,10,2.5,10.6,0,0.56,0.2,1.4,,True,False,Comida / cena,"Fuente: Moreiras y cols., Tablas de composición de alimentos (Pirámide).",True
,Judías pintas en conserva,Legumbres,,100,gr,115,8.4,17.7,0.2,4.6,0.67,0.16,0.07,2.2,,0.1,60,0,1,0,0.24,,,66,,2.5,27,,92,420,7.1,294,2.3,67.6,0,0,0,0.2,,True,False,Comida / cena,"Fuente: Moreiras y cols., Tablas de composición de alimentos (Pirámide).",True
,Leche de soja,Alternativas vegetales,,100,gr,32,2.9,0.8,1.9,0,,0.06,0.27,0.6,,0.07,19,0,0,0,0.74,,,13,,0.4,15,,47,120,1.3,32,0.2,94.4,0,0.3,0.4,1.1,,True,False,,"Fuente: Moreiras y cols., Tablas de composición de alimentos (Pirámide).",True
,Lentejas,Legumbres,,100,gr,310,24.3,48.8,1.9,11.7,10,0.5,0.2,5.6,,0.6,117,0,3,0,0.9,,,56,,7.1,78,,240,737,9.9,12,3.1,10.8,0,0.33,0.26,1,,True,False,Comida / cena,"Fuente: Moreiras y cols., Tablas de composición de alimentos (Pirámide).",True
,Lentejas en conserva,Legumbres,,100,gr,83,6.3,11.4,0.2,5.1,1,0.06,0.06,0.3,,0.07,11,0,0,0,0,,,19,,1.6,15,,58,144,2.8,446,1.4,77,0,0.05,0.05,0.1,,True,False,Comida / cena,"Fuente: Moreiras y cols., Tablas de composición de alimentos (Pirámide).",True
,"Lentejas, brotes",Legumbres,,100,gr,129,9,22.1,0.55,,2,0.228,0.128,1.128,,0.19,100,0,16.5,0,,,,25,,3.21,37,,173,322,0.6,11,1.51,67.7,0,0.057,0.104,0.219,,True,False,Comida / cena,"Fuente: Moreiras y cols., Tablas de composición de alimentos (Pirámide).",True
,Miso,Salsas y condimentos,,100,gr,218,11.7,26.5,6.01,5.4,8.7,0.098,0.233,0.906,,0.199,19,0.08,0,0,0,,,57,,2.49,48,,159,210,7,3728,2.56,50.4,0,1.139,1.242,3.204,,True,False,Comida / cena,"Fuente: Moreiras y cols., Tablas de composición de alimentos (Pirámide).",True
,Salchichas vegetales,Alternativas vegetales,,100,gr,283,18.5,9.8,18.2,2.8,0,2.343,0.402,11.195,,0.828,26,0,0,0,2.1,,,63,,3.72,36,,225,231,7.4,888,1.46,50.4,0,2.926,4.498,9.279,,True,False,Comida / cena,"Fuente: Moreiras y cols., Tablas de composición de alimentos (Pirámide).",True
,Soja seca,Legumbres,,100,gr,374,35.9,15.8,18.6,15.7,2,0.61,0.27,7.7,,0.38,370,0,0,0,2.9,,,240,,9.7,250,,660,1730,14,5,4.3,8.5,0,2.3,3.5,9.1,,True,False,Comida / cena,"Fuente: Moreiras y cols., Tablas de composición de alimentos (Pirámide).",True
,"Soja, brotes, en conserva",Legumbres,,100,gr,55,5.5,4.7,1,2.4,4.2,0.15,0.16,1.4,,0.16,160,0,1,0,0.1,,,32,,0.89,19,,75,235,0.6,30,0.96,86.4,0,0.14,0.23,0.81,,True,False,Comida / cena,"Fuente: Moreiras y cols., Tablas de composición de alimentos (Pirámide).",True
,Tempeh,Alternativas vegetales,,100,gr,209,18.5,9.4,10.8,,0,0.078,0.358,2.64,,0.215,24,0.08,0,0,,,,111,,2.7,81,,266,412,0,9,1.14,59.7,0,2.22,3,3.827,,True,False,Comida / cena,"Fuente: Moreiras y cols., Tablas de composición de alimentos (Pirámide).",True
,Tofu,Alternativas vegetales,,100,gr,74,8.1,0.7,4.2,0.3,0.3,0.06,0.02,1.4,,0.07,15,0,0,0,0.95,,,150,,1.2,59,,95,63,8.4,4,0.7,86.7,0,0.5,0.8,2,,True,False,,"Fuente: Moreiras y cols., Tablas de composición de alimentos (Pirámide).",True
,Aguacate,Frutas,,100,gr,141,1.5,5.9,12,1.8,25,0.09,0.12,1.5,,0.42,11,0,17,0,3.2,,,16,,0.7,41,,28,400,0,2,0.3,78.8,0,1.41,9.01,1.04,,True,False,,"Fuente: Moreiras y cols., Tablas de composición de alimentos (Pirámide).",False
,Albaricoque,Frutas,,100,gr,45,0.8,9.5,0,2.1,27,0.05,0.07,0.6,,0.07,5,0,7,0,,,,17,,0.5,12,,24,293,1,1,0.1,87.6,0,,,,,True,False,,"Fuente: Moreiras y cols., Tablas de composición de alimentos (Pirámide).",True
,Arándano,Frutas,,100,gr,42,0.6,6.1,0.6,4.9,5.7,0.02,0.02,0.09,,0.06,10,0,22,0,1.9,,,10,,0.7,2.4,,13,78,0.1,1,0.13,87.8,0,0,0,0,,True,False,,"Fuente: Moreiras y cols., Tablas de composición de alimentos (Pirámide).",True
,"Caqui, kaki o palosanto",Frutas,,100,gr,73,0.7,16,0.3,1.6,158,0.02,0.04,0.3,,,7,0,16,0,,,,8,,0.24,9.5,,22,190,0.6,4,0.1,81.4,0,,,,,True,False,,"Fuente: Moreiras y cols., Tablas de composición de alimentos (Pirámide).",True
,"Cerezas, guindas",Frutas,,100,gr,65,0.8,13.5,0.5,1.5,3,0.05,0.06,0.4,,0.05,8,0,8,0,0.1,,,16,,0.4,11,,21,255,1.2,2,0.12,83.7,0,,,,,True,False,,"Fuente: Moreiras y cols., Tablas de composición de alimentos (Pirámide).",True
,Chirimoya,Frutas,,100,gr,90,1,20,0.2,1.9,,0.08,0.09,0.9,,,,0,18,0,,,,30,,0.6,,,21,382,,4,,76.9,0,,,,,True,False,,"Fuente: Moreiras y cols., Tablas de composición de alimentos (Pirámide).",True
,Ciruela,Frutas,,100,gr,51,0.6,11,0,2.1,49.2,0.07,0.05,0.5,,0.05,3,0,3,0,0.7,,,14,,0.4,8,,19,240,0,2,0.1,86.3,0,,,,,True,False,,"Fuente: Moreiras y cols., Tablas de composición de alimentos (Pirámide).",True
,Ciruela amarilla,Frutas,,100,gr,61.8,0.72,12.4,0.2,2.3,33.33,,,,,,,0,,0,,,,,,,,,,,0.14,,0.1,82.7,0,0.004,0.001,0.009,,True,False,,"Fuente: Moreiras y cols., Tablas de composición de alimentos (Pirámide).",True
,Ciruela Claudia,Frutas,,100,gr,48.7,0.8,9.6,0.26,2.3,15.83,0.05,0.04,0.6,,0.05,10,0,5.4,0,0.55,,,5.3,,0.305,7.33,,25.7,243,0.14,0.75,0.1,81.9,0,0.044,0.108,0.117,,True,False,,"Fuente: Moreiras y cols., Tablas de composición de alimentos (Pirámide).",True
,Frambuesa,Frutas,,100,gr,40,1.4,4.6,0.3,6.7,1,0.03,0.05,0.8,,0.06,33,0,32,0,0.48,,,25,,0.7,19,,31,170,1.3,3,0.3,87,0,0.1,0.1,0.1,,True,False,,"Fuente: Moreiras y cols., Tablas de composición de alimentos (Pirámide).",True
,"Fresa, fresón",Frutas,,100,gr,40,0.7,7,0.5,2.2,1,0.02,0.04,0.6,,0.06,20,0,60,0,0.2,,,25,,0.8,12,,26,190,0,2,0.1,89.6,0,,,,,True,False,,"Fuente: Moreiras y cols., Tablas de composición de alimentos (Pirámide).",True
,Granada,Frutas,,100,gr,34,0.7,7.5,0.1,0.2,3.5,0.02,0.02,0.3,,0.11,0,0,5.7,0,,,,8,,0.6,3,,15,275,0.6,5,0.3,91.5,0,,,,,True,False,,"Fuente: Moreiras y cols., Tablas de composición de alimentos (Pirámide).",True
,Grosella negra,Frutas,,100,gr,45,1.3,6.1,0.2,6.8,13.5,0.051,0.044,0.4,,0.08,8.8,0,177,0,1.9,,,49,,1.3,17,,40,303,1.7,1.7,0.25,85.6,0,0.06,0.025,0.11,,True,False,,"Fuente: Moreiras y cols., Tablas de composición de alimentos (Pirámide).",True
,Grosella roja,Frutas,,100,gr,32,1.1,4.8,0.2,3.5,4.2,0.04,0.03,0.3,,0.045,11,0,36,0,0.72,,,29,,0.9,13,,27,257,1.3,1.6,0.24,90.4,0,0.039,0.029,0.073,,True,False,,"Fuente: Moreiras y cols., Tablas de composición de alimentos (Pirámide).",True
,Guayaba,Frutas,,100,gr,42,0.9,5.8,0.5,5.2,122,0.03,0.04,1.1,,0.14,14,0,273,0,1.1,,,54,,0.6,20,,32,248,1.5,1.3,0.24,87.6,0,0.14,0.045,0.21,,True,False,,"Fuente: Moreiras y cols., Tablas de composición de alimentos (Pirámide).",True
,"Higos, brevas",Frutas,,100,gr,74,1.2,16,0,2.5,8,0.06,0.05,0.5,,0.11,,0,2,0,,,,38,,0.6,20,,22.5,270,0,2,0.3,80.3,0,,,,,True,False,,"Fuente: Moreiras y cols., Tablas de composición de alimentos (Pirámide).",True
,Kiwi,Frutas,,100,gr,55,1.1,10.6,0.5,1.9,3,0.01,0.03,0.6,,0.15,,0,59,0,,,,25,,0.4,15,,35,290,0.6,4,0.1,85.9,0,,,,,True,False,,"Fuente: Moreiras y cols., Tablas de composición de alimentos (Pirámide).",True
,Lichi,Frutas,,100,gr,75,0.8,16.5,0.4,1.3,0,0.01,0.06,0.6,,0.1,14,0,72,0,,,,5,,0.3,10,,31,171,,1,0.07,81,0,0.1,0.12,0.13,,True,False,,"Fuente: Moreiras y cols., Tablas de composición de alimentos (Pirámide).",True
,Lichi en conserva,Frutas,,100,gr,121,0.9,27,0.3,1.3,0,,0.05,,,0.8,30,0,42,0,1,,,8,,0.4,,,42,170,0.5,3,0.05,69,0,0.059,0.072,0.079,,True,False,,"Fuente: Moreiras y cols., Tablas de composición de alimentos (Pirámide).",True
,"Lichi, pulpa, crudo",Frutas,,100,gr,69.4,0.815,14,0.42,1.3,0,0.011,0.065,0.603,,0.1,70,0,71.5,0,,,,5,,0.31,10,,31,171,,1,0.07,81.8,0,0.099,0.12,0.132,,True,False,,"Fuente: Moreiras y cols., Tablas de composición de alimentos (Pirámide).",True
,Lima,Frutas,,100,gr,17,0.5,1.9,0.2,2.8,1.7,0.021,0.02,0.25,,0.04,10,0,44,0,0.8,,,13,,0.2,8,,11,82,0.4,2,0.11,94.6,0,0.022,0.019,0.055,,True,False,,"Fuente: Moreiras y cols., Tablas de composición de alimentos (Pirámide).",True
,Limón,Frutas,,100,gr,44,0.7,9,0.4,1,2.3,0.05,0.03,0.17,,0.11,7,0,50,0,0.5,,,12,,0.4,18,,16,149,1,3,0.12,88.9,0,,,,,True,False,,"Fuente: Moreiras y cols., Tablas de composición de alimentos (Pirámide).",True
,Mandarina,Frutas,,100,gr,43,0.8,9,0,1.9,56,0.07,0.02,0.3,,0.07,21,0,35,0,,,,36,,0.3,11,,17.2,160,0,2,0.4,88.3,0,,,,,True,False,,"Fuente: Moreiras y cols., Tablas de composición de alimentos (Pirámide).",True
,Mango,Frutas,,100,gr,67,0.7,14.1,0.2,2.9,300,0.04,0.05,,,0.13,,0,37,0,1.05,,,12,,0.7,13,,16,180,0.6,2,0.1,82.1,0,0.1,0,0,,True,False,,"Fuente: Moreiras y cols., Tablas de composición de alimentos (Pirámide).",True
,Manzana,Frutas,,100,gr,53,0.3,12,0,2,4,0.04,0.02,0.2,,0.03,5,0,10,0,0.2,,,6,,0.4,5,,8,120,0,2,0.1,85.7,0,,,,,True,False,,"Fuente: Moreiras y cols., Tablas de composición de alimentos (Pirámide).",True
,Manzana al horno (con piel),Frutas,,100,gr,54,0.5,12.9,0.1,0,3,0.02,0.02,0.1,,0.04,3,0,16,0,0.59,,,4,,0.1,4,,9,98,,3,0,86.5,0,,,,,True,False,,"Fuente: Moreiras y cols., Tablas de composición de alimentos (Pirámide).",True
,Maracuyá (fruta de la pasión),Frutas,,100,gr,54,2.4,9.5,0.4,1.5,109,0.02,0.1,1.9,,0,29,0,24,0,0.2,,,17,,1.3,29,,57,267,0.2,19,0.65,86.2,0,0.1,0.1,0.1,,True,False,,"Fuente: Moreiras y cols., Tablas de composición de alimentos (Pirámide).",True
,Melocotón,Frutas,,100,gr,41,0.6,9,0,1.4,83.3,0.03,0.05,1,,0.02,3,0,8,0,,,,8,,0.4,9,,22,260,1,3,0.06,89,0,,,,,True,False,,"Fuente: Moreiras y cols., Tablas de composición de alimentos (Pirámide).",True
,Melón,Frutas,,100,gr,28,0.6,6,0,1,3,0.04,0.02,0.5,,0.07,30,0,25,0,0.1,,,14,,0.4,17,,18,320,0,14,0.1,92.4,0,,,,,True,False,,"Fuente: Moreiras y cols., Tablas de composición de alimentos (Pirámide).",True
,Melón tipo Cantaloupe,Frutas,,100,gr,35,0.7,7.4,0.1,0.9,292,0.04,0.02,0.5,,0.09,73,0,25,0,0.1,,,14,,0.2,14,,17,297,,18,0.2,90.9,0,0.01,0.01,0.01,,True,False,,"Fuente: Moreiras y cols., Tablas de composición de alimentos (Pirámide).",True
,Membrillo,Frutas,,100,gr,42,0.4,6.8,0,6.4,0,0.02,0.02,0.2,,,,0,13,0,,,,14,,0.4,6,,19,200,0.6,3,,86.4,0,,,,,True,False,,"Fuente: Moreiras y cols., Tablas de composición de alimentos (Pirámide).",True
,Mora,Frutas,,100,gr,39,0.9,5.1,0.2,6.6,13.3,0.02,0.05,0.6,,0.05,34,0,15,0,2.37,,,41,,0.7,23,,31,160,0,2,0.2,87.2,0,0,0.1,0.1,,True,False,,"Fuente: Moreiras y cols., Tablas de composición de alimentos (Pirámide).",True
,Naranja,Frutas,,100,gr,42,0.8,8.6,0,2,40,0.1,0.03,0.3,,0.06,37,0,50,0,0.2,,,36,,0.3,12,,28,200,1,3,0.18,88.6,0,,,,,True,False,,"Fuente: Moreiras y cols., Tablas de composición de alimentos (Pirámide).",True
,Nectarina,Frutas,,100,gr,47,1.4,9,0.1,2.2,9.7,0.02,0.04,0.9,,0.03,0,0,37,0,,,,7,,0.4,10,,22,170,1,1,0.1,87.3,0,0,0,0,,True,False,,"Fuente: Moreiras y cols., Tablas de composición de alimentos (Pirámide).",True
,Níspero,Frutas,,100,gr,69,0.4,10.6,0.5,10.2,160,0.03,0.06,0.4,,,,0,2,0,,,,30,,0.4,11,,28,250,0.5,6,0.18,78.3,0,,,,,True,False,,"Fuente: Moreiras y cols., Tablas de composición de alimentos (Pirámide).",True
,Papaya,Frutas,,100,gr,43,0.5,8.8,0.1,2.3,135,0.03,0.04,0.4,,0.03,1,0,60,0,,,,23,,0.5,11,,13,200,0.6,5,0.2,88.3,0,0,0,0,,True,False,,"Fuente: Moreiras y cols., Tablas de composición de alimentos (Pirámide).",True
,Pera,Frutas,,100,gr,49,0.4,10.6,0,2.3,10,0.03,0.03,0.2,,0.02,11,0,3,0,0,,,12,,0.2,7,,17.5,130,0,2,0.14,86.7,0,,,,,True,False,,"Fuente: Moreiras y cols., Tablas de composición de alimentos (Pirámide).",True
,Picotas,Frutas,,100,gr,65,0.8,13.5,0.5,1.5,3,0.05,0.06,0.4,,0.05,8,0,8,0,0.1,,,16,,0.4,11,,21,255,1.2,2,0.12,83.7,0,,,,,True,False,,"Fuente: Moreiras y cols., Tablas de composición de alimentos (Pirámide).",True
,Piña,Frutas,,100,gr,50,0.5,11.5,0,1.2,13,0.07,0.02,0.3,,0.09,11,0,20,0,0.1,,,12,,0.5,14,,11,250,0,2,0.15,86.8,0,,,,,True,False,,"Fuente: Moreiras y cols., Tablas de composición de alimentos (Pirámide).",True
,Plátano,Frutas,,100,gr,94,1.2,20,0.3,3.4,18,0.06,0.07,0.8,,0.51,22,0,10,0,0.2,,,9,,0.6,38,,28,350,1,1,0.23,75.1,0,0.11,0.04,0.09,,True,False,,"Fuente: Moreiras y cols., Tablas de composición de alimentos (Pirámide).",True
,Plátano macho o hartón,Frutas,,100,gr,141,1.3,31.9,0.37,2.3,56,0.052,0.054,0.686,,0.299,22,0,18.4,0,0.14,,,3,,0.6,37,,34,499,1.5,4,0.14,65.3,0,0.143,0.032,0.069,,True,False,,"Fuente: Moreiras y cols., Tablas de composición de alimentos (Pirámide).",True
,Pomelo,Frutas,,100,gr,35,0.8,6.8,0.1,1.6,2,0.05,0.02,0.4,,0.03,26,0,36,0,0.19,,,23,,0.1,9,,20,200,1,3,0,90.7,0,0,0,0,,True,False,,"Fuente: Moreiras y cols., Tablas de composición de alimentos (Pirámide).",True
,Sandía,Frutas,,100,gr,21,0.4,4.5,0,0.5,33,0.02,0.02,0.3,,0.07,3,0,5,0,0.1,,,7,,0.3,11,,5.5,120,0,4,0.1,94.6,0,,,,,True,False,,"Fuente: Moreiras y cols., Tablas de composición de alimentos (Pirámide).",True
,Tamarindo,Frutas,,100,gr,277,2.8,62.5,0.6,5.1,2,0.43,0.15,1.94,,0.07,14,0,3.5,0,0.1,,,74,,2.8,92,,113,628,1.3,28,0.1,29,0,0.27,0.18,0.06,,True,False,,"Fuente: Moreiras y cols., Tablas de composición de alimentos (Pirámide).",True
,"Tamarindo, pulpa",Frutas,,100,gr,277,2.8,62.5,0.6,5.1,2,0.43,0.15,1.94,,0.07,14,0,3.5,0,0.1,,,74,,2.8,92,,113,628,1.3,28,0.1,29,0,0.27,0.18,0.06,,True,True,,"Fuente: Moreiras y cols., Tablas de composición de alimentos (Pirámide). Sinónimo de ""Tamarindo"" en el libro.",False
,Uvas blancas,Frutas,,100,gr,69,0.6,16.1,0,0.9,3,0.04,0.02,0.3,,0.1,6,0,4,0,0,,,17,,0.4,10,,22,250,1,2,0.1,82.4,0,,,,,True,False,,"Fuente: Moreiras y cols., Tablas de composición de alimentos (Pirámide).",True
,Uvas negras,Frutas,,100,gr,65,0.6,15.5,0,0.4,0,0.04,0.02,0.3,,0.1,6,0,4,0,0,,,4,,0.3,4,,16,320,1,2,0.1,83.5,0,,,,,True,False,,"Fuente: Moreiras y cols., Tablas de composición de alimentos (Pirámide).",True
,Macedonia de frutas en almíbar,Frutas,,100,gr,63,0.4,14.8,0,1,9,0.02,0.01,0.5,,0.03,5,0,4,0,,,,5,,0.3,5,,9,95,0,3,0.1,83.8,0,,,,,True,False,,"Fuente: Moreiras y cols., Tablas de composición de alimentos (Pirámide).",True
,Macedonia de frutas en su jugo,Frutas,,100,gr,32,0.4,7.2,0,1,9,0.01,0.01,0.4,,0.04,6,0,14,0,,,,9,,0.4,7,,14,95,0,3,0.1,91.4,0,,,,,True,False,,"Fuente: Moreiras y cols., Tablas de composición de alimentos (Pirámide).",True
,Melocotón en almíbar,Frutas,,100,gr,92,0.4,22,0,1,42,0.02,0.02,0,,0.02,3,0,4,0,,,,6,,0.4,6,,13,150,0.3,1,0.03,76.6,0,,,,,True,False,,"Fuente: Moreiras y cols., Tablas de composición de alimentos (Pirámide).",True
,Pera en almíbar,Frutas,,100,gr,67,0.3,16,0,1.1,0.8,0.01,0.02,0.2,,0.02,4.4,0,2,0,0,,,7,,0.3,4,,8,66,0.2,4.5,0.1,82.6,0,,,,,True,False,,"Fuente: Moreiras y cols., Tablas de composición de alimentos (Pirámide).",True
,Piña en almíbar,Frutas,,100,gr,87,0.3,21,0,0.9,7,0.06,0.02,0.3,,0.07,0,0,8,0,,,,17,,0.5,8,,5,94,0.4,1,0.1,77.8,0,,,,,True,False,,"Fuente: Moreiras y cols., Tablas de composición de alimentos (Pirámide).",True
,Piña enlatada en su jugo,Frutas,,100,gr,52,0.3,12.2,0,0.8,12,0.09,0.01,0.3,,0.09,1,0,11,0,0.05,,,8,,0.5,13,,5,71,0.4,1,0.1,86.7,0,,,,,True,False,,"Fuente: Moreiras y cols., Tablas de composición de alimentos (Pirámide).",True
,Albaricoque desecado (orejones),Frutas,,100,gr,242,4.8,43.4,0.7,21.6,108,0,0.2,3.6,,0.17,14,0,0,0,,,,92,,4.1,65,,120,1880,7,56,0.7,29.5,0,,,,,True,False,,"Fuente: Moreiras y cols., Tablas de composición de alimentos (Pirámide).",True
,Ciruela seca con hueso,Frutas,,100,gr,201,2.3,40,0,16.1,23.3,0.2,0.25,1.9,,0.24,4,0,0,0,,,,38,,2.9,34,,70,824,0,8,0.4,41.6,0,,,,,True,False,,"Fuente: Moreiras y cols., Tablas de composición de alimentos (Pirámide).",True
,Ciruela seca sin hueso,Frutas,,100,gr,201,2.3,40,0,16.1,23.3,0.2,0.25,1.9,,0.24,4,0,0,0,,,,38,,2.9,34,,70,824,0,8,0.4,41.6,0,,,,,True,True,,"Fuente: Moreiras y cols., Tablas de composición de alimentos (Pirámide). Sinónimo de ""Ciruela seca con hueso"" en el libro.",False
,Dátil seco con hueso,Frutas,,100,gr,314,2.2,71,0.4,8.7,7,0.08,0.04,2.9,,0.15,21,0,0,0,,,,68,,2,59,,57,750,1,5,0.3,17.7,0,,,,,True,False,,"Fuente: Moreiras y cols., Tablas de composición de alimentos (Pirámide).",True
,Dátil seco sin hueso,Frutas,,100,gr,314,2.2,71,0.4,8.7,7,0.08,0.04,2.9,,0.15,21,0,0,0,,,,68,,2,59,,57,750,1,5,0.3,17.7,0,,,,,True,True,,"Fuente: Moreiras y cols., Tablas de composición de alimentos (Pirámide). Sinónimo de ""Dátil seco con hueso"" en el libro.",False
,Higos secos,Frutas,,100,gr,281,3.5,53,2,18.5,7,0.16,0.12,2.1,,0.18,9,0,1,0,,,,178,,3,82,,89,1010,0,87,0.9,23,0,,,,,True,False,,"Fuente: Moreiras y cols., Tablas de composición de alimentos (Pirámide).",True
,Pasas,Frutas,,100,gr,286,1.4,66,0.3,6.8,5,0.1,0.05,0.6,,0.3,4,0,0,0,,,,71,,1.5,42,,110,860,7.3,52,0.1,25.5,0,,,,,True,False,,"Fuente: Moreiras y cols., Tablas de composición de alimentos (Pirámide).",True
,Almendra frita salada,Frutos secos y semillas,,100,gr,628,19,4.5,55.96,15,0,0.23,0.75,2.5,,0.08,70,0,0,0,24,,,250,,4.2,250,,470,800,,400,3.2,5.5,0,4.42,38.6,10.5,,True,False,,"Fuente: Moreiras y cols., Tablas de composición de alimentos (Pirámide).",True
,Almendra sin cáscara,Frutos secos y semillas,,100,gr,604,20,3.5,53.5,14.3,0,0.24,0.67,5.3,,0.1,96,0,0,0,20,,,254,,4.2,258,,510,860,4,6,1.7,8.7,0,4.24,36.7,10.03,,True,False,,"Fuente: Moreiras y cols., Tablas de composición de alimentos (Pirámide).",True
,Almendra tostada,Frutos secos y semillas,,100,gr,648,21.2,6.6,56.7,13.3,0,0.13,0.57,2.6,,0.09,36,0,0,0,24.36,,,240,,3.1,270,,560,790,,14,3.3,2.2,0,4.7,35,14.5,,True,False,,"Fuente: Moreiras y cols., Tablas de composición de alimentos (Pirámide).",True
,Anacardo sin cáscara,Frutos secos y semillas,,100,gr,584,17.5,32,42.2,2.9,10,0.63,0.26,2,,0.16,68,0,0,0,5.8,,,31,,2.8,267,,373,552,34,14,4.8,5.4,0,7.54,26.4,3.76,,True,False,,"Fuente: Moreiras y cols., Tablas de composición de alimentos (Pirámide).",True
,Avellana sin cáscara,Frutos secos y semillas,,100,gr,587,14.1,5.3,54.4,10,0,0.45,0.08,5.9,,0.55,96,0,0,0,21,,,192,,4,150,,401,350,0,1,1.3,16.2,0,3.9,42.2,5.66,,True,False,,"Fuente: Moreiras y cols., Tablas de composición de alimentos (Pirámide).",True
,Cacahuete cubierto de chocolate,Frutos secos y semillas,,100,gr,514,9.36,60.5,25.4,2.7,103,0.06,0.22,0.1,,0.05,5.4,0.54,1.2,0.04,2.9,,,112,,1.6,146,,230,117,1,65,4.1,1.23,7.5,9.8,12,2.54,,True,False,,"Fuente: Moreiras y cols., Tablas de composición de alimentos (Pirámide).",True
,Cacahuete sin cáscara,Frutos secos y semillas,,100,gr,599,27,8.5,49,8.1,0,0.3,0.14,21.3,,0.5,110,0,0,0,8.1,,,61,,2,174,,432,680,3,6,3,7.4,0,9.22,23.4,14,,True,False,,"Fuente: Moreiras y cols., Tablas de composición de alimentos (Pirámide).",True
,"Cacahuete tostado y salado, sin cáscara",Frutos secos y semillas,,100,gr,598,27.3,9.7,47.4,11.4,0,0.139,0.069,12.4,,0.432,117,0,0,0,2.5,,,47.4,,1.2,168,,244,531,8.5,374,2.9,1.5,0,7.8,18.8,18.9,,True,False,,"Fuente: Moreiras y cols., Tablas de composición de alimentos (Pirámide).",True
,"Cacahuete, crema de",Frutos secos y semillas,,100,gr,619,25.5,11.2,50.9,7,0,0.15,0.1,15,,0.5,67,0,0,0,5,,,40,,2,180,,366,750,7.5,313,3,5.4,0,10.1,25.8,12.8,,True,False,,"Fuente: Moreiras y cols., Tablas de composición de alimentos (Pirámide).",True
,Castaña,Frutos secos y semillas,,100,gr,209,3,40,2.6,6.8,0,0.2,0.2,0.6,,0.33,,0,17,0,0.5,,,34,,0.9,36,,256,500,0,11,0.5,47.6,0,0.38,0.82,0.87,,True,False,,"Fuente: Moreiras y cols., Tablas de composición de alimentos (Pirámide).",True
,Castaña asada,Frutos secos y semillas,,100,gr,237,4,39.7,5.3,7.1,0,0.18,0.1,0.55,,0.3,85,0,0,0,1.4,,,47.3,,1.06,39,,87.6,592,,10.6,0.6,43.9,0,3.2,0.6,1.3,,True,False,,"Fuente: Moreiras y cols., Tablas de composición de alimentos (Pirámide).",True
,"Castaña, puré",Frutos secos y semillas,,100,gr,131,2,27.8,1.38,1.3,1,0.148,0.104,0.731,,0.233,38,0,26.1,0,,,,46,,1.73,54,,99,715,19.3,27,0.25,68.2,0,0.26,0.476,0.545,,True,False,,"Fuente: Moreiras y cols., Tablas de composición de alimentos (Pirámide).",True
,Chufa,Frutos secos y semillas,,100,gr,443,6.1,42.5,23.7,17.4,0,0.23,0.1,1.1,,0.33,141,0,6,0,10,,,70,,3.4,87,,232,519,0,38,4.2,10.3,0,4.02,16.47,2.21,,True,False,,"Fuente: Moreiras y cols., Tablas de composición de alimentos (Pirámide).",True
,Coco fresco,Frutos secos y semillas,,100,gr,373,3.2,3.7,36,10.5,0,0.03,0.02,1.1,,0.04,26,0,2,0,0.73,,,13,,2.1,52,,94,405,10.1,17,0.5,46.6,0,30.9,1.92,0.565,,True,False,,"Fuente: Moreiras y cols., Tablas de composición de alimentos (Pirámide).",True
,Coco rallado,Frutos secos y semillas,,100,gr,648,5.6,6.4,62,21.1,0,0.03,0.05,2,,0.09,9,0,0,0,1.26,,,23,,3.6,90,,160,660,3,28,0.9,4.9,0,53.4,3.5,1.5,,True,False,,"Fuente: Moreiras y cols., Tablas de composición de alimentos (Pirámide).",True
,"Coco, agua",Bebidas no alcohólicas,,100,gr,17,0.7,2.6,0.2,1.1,0,0.03,0.057,0.08,,0.032,3,0,2.4,0,0,,,24,,0.29,25,,20,250,1,105,0.1,95.4,0,0.176,0.008,0.002,,True,False,,"Fuente: Moreiras y cols., Tablas de composición de alimentos (Pirámide).",False
,"Coco, leche",Alternativas vegetales,,100,gr,241,2.3,3.3,23.8,2.2,0,0.026,0,0.76,,0.033,16,0,2.8,0,0.15,,,16,,1.64,37,,100,263,6.2,15,0.67,68.3,0,21.1,1.014,0.261,,True,False,Comida / cena,"Fuente: Moreiras y cols., Tablas de composición de alimentos (Pirámide).",True
,"Frutos secos, mezcla",Frutos secos y semillas,,100,gr,625,22.9,7.9,54.1,7.5,0,0.22,0.22,14.8,,0.53,54,0,0,0,6.4,,,78,,2.1,200,,430,790,5,300,3.1,7.6,0,8.4,28.2,14.8,,True,False,,"Fuente: Moreiras y cols., Tablas de composición de alimentos (Pirámide).",True
,Nueces con cáscara,Frutos secos y semillas,,100,gr,611,14,3.3,59,5.2,0,0.3,0.12,3.5,,0.73,66,0,0,0,0.8,,,77,,2.3,140,,304,690,19,3,2.1,18.5,0,6.43,9.19,40.23,,True,False,,"Fuente: Moreiras y cols., Tablas de composición de alimentos (Pirámide).",True
,Nueces de Brasil sin cáscara,Frutos secos y semillas,,100,gr,697,14.4,2.73,68.2,8.1,0,0.528,0.116,1.18,,0.198,17.7,0,0.35,0,5,,,150,,2.46,366,,658,591,178,3,4.13,2.8,0,16.4,25.8,23,,True,False,,"Fuente: Moreiras y cols., Tablas de composición de alimentos (Pirámide).",True
,Nueces de macadamia sin cáscara,Frutos secos y semillas,,100,gr,744,7.9,4.8,75.8,5.3,0,0.28,0.06,1.6,,0.28,0,0,1.2,0,1.49,,,47,,1.6,100,,200,300,7,280,1.1,6.2,0,12.1,58.9,1.5,,True,False,,"Fuente: Moreiras y cols., Tablas de composición de alimentos (Pirámide).",True
,Nueces pecanas sin cáscara,Frutos secos y semillas,,100,gr,737,9.3,2.94,73.8,9.5,4.83,0.528,0.116,1.18,,0.198,17.7,0,0.9,0,,,,69.7,,2.6,125,,278,409,5.2,0.67,4.69,2.9,0,6.77,41.7,21.8,,True,False,,"Fuente: Moreiras y cols., Tablas de composición de alimentos (Pirámide).",True
,Nueces sin cáscara,Frutos secos y semillas,,100,gr,611,14,3.3,59,5.2,0,0.3,0.12,3.5,,0.73,66,0,0,0,0.8,,,77,,2.3,140,,304,690,19,3,2.1,18.5,0,6.43,9.19,40.23,,True,True,,"Fuente: Moreiras y cols., Tablas de composición de alimentos (Pirámide). Sinónimo de ""Nueces con cáscara"" en el libro.",False
,Piñones sin cáscara,Frutos secos y semillas,,100,gr,693,14,4,68.6,1.9,1.6,0.73,0.19,6.9,,,,0,0,0,13.7,,,11,,5.6,270,,650,780,,1,6.5,11.5,0,4.6,19.9,41.1,,True,False,,"Fuente: Moreiras y cols., Tablas de composición de alimentos (Pirámide).",True
,Pipas de calabaza secas con cáscara,Frutos secos y semillas,,100,gr,617,30.2,10.7,49.1,6,1,0.273,0.153,4.987,,0.143,58,0,1.9,0,37.8,,,46,,8.82,592,,1233,809,9.4,7,7.81,5.2,0,8.659,16.242,20.976,,True,False,,"Fuente: Moreiras y cols., Tablas de composición de alimentos (Pirámide).",True
,Pipas de calabaza sin cáscara tostadas sin sal,Frutos secos y semillas,,100,gr,633,29.9,14.7,49.1,6.5,0,0.07,0.15,4.43,,0.1,57,0,1.8,0,13.7,,,52,,8.07,550,,1174,788,9.4,18,7.64,2,0,8.544,15.734,19.856,,True,False,,"Fuente: Moreiras y cols., Tablas de composición de alimentos (Pirámide).",True
,Pipas de girasol con cáscara,Frutos secos y semillas,,100,gr,580,27,20,43,2.7,3,1.6,0.19,9.1,,,,0,0,0,37.8,,,110,,6.4,390,,651,710,49,3,5.1,7.3,0,5.63,13.7,21.52,,True,False,,"Fuente: Moreiras y cols., Tablas de composición de alimentos (Pirámide).",True
,Pipas de girasol sin cáscara,Frutos secos y semillas,,100,gr,580,27,20,43,2.7,3,1.6,0.19,9.1,,,,0,0,0,37.8,,,110,,6.4,390,,651,710,49,3,5.1,7.3,0,5.63,13.7,21.52,,True,True,,"Fuente: Moreiras y cols., Tablas de composición de alimentos (Pirámide). Sinónimo de ""Pipas de girasol con cáscara"" en el libro.",False
,Pistacho con cáscara,Frutos secos y semillas,,100,gr,611,17.6,15.7,51.6,6.5,25,0.69,0.2,1.45,,,58,0,0,0,5.2,,,180,,7.2,122,,390,811,3,16,2.8,8.6,0,6.8,31.4,6.1,,True,False,,"Fuente: Moreiras y cols., Tablas de composición de alimentos (Pirámide).",True
,"Pistacho tostado, salado, con cáscara",Frutos secos y semillas,,100,gr,616,18,12.6,53,8.5,23.3,0.59,0.2,1.3,,0.26,97,0,0,0,5.2,,,135,,7,158,,500,1050,,650,1.2,7.9,0,6.7,35.7,8,,True,False,,"Fuente: Moreiras y cols., Tablas de composición de alimentos (Pirámide).",True
,"Sésamo, semilla de ajonjolí",Frutos secos y semillas,,100,gr,614,18.2,0.9,58,7.9,1,0.93,0.17,5,,0.75,97,0,0,0,2.53,,,670,,10.4,370,,720,570,51.9,20,5.3,15,0,8.3,21.7,25.5,,True,False,,"Fuente: Moreiras y cols., Tablas de composición de alimentos (Pirámide).",True
,Tahine o pasta de sésamo,Salsas y condimentos,,100,gr,642,17.4,21.5,53,4.7,3,1.59,0.12,5.64,,0.15,98,0,4.2,0,,,,141,,4.42,95,,790,459,34.4,35,4.62,3,0,7.423,20.016,23.232,,True,False,Comida / cena,"Fuente: Moreiras y cols., Tablas de composición de alimentos (Pirámide).",True
,Beicon o panceta ahumada,Embutidos y charcutería,,100,gr,301,16,0.5,26.1,0,0,0.85,0.24,10.2,,0.3,2,0.83,0,0,0.3,,,8,,1,16,,177,256,,1400,1.2,57.4,57,9.8,12.1,3,,True,False,Comida / cena,"Fuente: Moreiras y cols., Tablas de composición de alimentos (Pirámide).",True
,"Cerdo, carne magra",Carnes y productos cárnicos,,100,gr,155,20,0,8.3,0,0,0.89,0.2,8.7,,0.45,5,3,0,0,0,,,8,,1.5,22,,170,370,14,76,2.5,71.7,69,2.68,3.47,1.27,,True,False,Comida / cena,"Fuente: Moreiras y cols., Tablas de composición de alimentos (Pirámide).",True
,"Cerdo, carne semigrasa",Carnes y productos cárnicos,,100,gr,273,16.6,0,23,0,0,0.7,0.2,7.6,,0.33,4,2,0,0,0.01,,,8,,1.3,18,,170,370,14,,1.8,60.4,72,7.43,9.62,3.51,,True,False,Comida / cena,"Fuente: Moreiras y cols., Tablas de composición de alimentos (Pirámide).",True
,"Cerdo, chuleta",Carnes y productos cárnicos,,100,gr,327,15.4,0,29.5,0,0,0.57,0.14,7.2,,0.29,3,2,0,0,0.01,,,8,,0.8,17,,170,370,14,76,1.6,55.1,72,9.52,12.33,4.51,,True,False,Comida / cena,"Fuente: Moreiras y cols., Tablas de composición de alimentos (Pirámide).",True
,"Cerdo, lomo (3% grasa)",Carnes y productos cárnicos,,100,gr,104,20,0,2.65,0,0,0.79,0.2,4.1,,0.39,3.2,2.1,5.1,0.01,0.01,,,9.4,,1.8,16,,170,300,32.4,70,1.6,77.4,58,0.9,1.1,0.65,,True,False,Comida / cena,"Fuente: Moreiras y cols., Tablas de composición de alimentos (Pirámide).",True
,"Cerdo, lomo (9% grasa)",Carnes y productos cárnicos,,100,gr,152,18,0,8.85,0,0,0.76,0.22,4,,0.37,3,0.63,0,0,0.1,,,9,,0.9,20,,151,212,,63,2.4,73.2,64.5,3.28,4,1.15,,True,False,Comida / cena,"Fuente: Moreiras y cols., Tablas de composición de alimentos (Pirámide).",True
,"Cerdo, paletilla",Carnes y productos cárnicos,,100,gr,349,21.5,0,29.2,0,0,0.65,0.15,8.8,,,0,0,0,0,,,,13,,1.8,18,,160,270,14,,2.3,49.3,69,9.43,12.21,4.47,,True,False,Comida / cena,"Fuente: Moreiras y cols., Tablas de composición de alimentos (Pirámide).",True
,"Cerdo, solomillo",Carnes y productos cárnicos,,100,gr,130,21,0,5.1,0,0,1,0.26,4.3,,0.45,4,0.7,0,0,0.1,,,8,,1.2,25,,230,420,,53,1.6,73.9,72,2.05,2.37,0.44,,True,False,Comida / cena,"Fuente: Moreiras y cols., Tablas de composición de alimentos (Pirámide).",True
,Panceta,Embutidos y charcutería,,100,gr,469,12.5,0,46.6,0,0,0.32,0.12,4.2,,0.27,1.5,0,0,0,0.08,,,6,,0.9,13,,108,160,4,680,1.5,40.9,57,15.04,19.59,7.13,,True,False,Comida / cena,"Fuente: Moreiras y cols., Tablas de composición de alimentos (Pirámide).",True
,Tocino,Carnes y productos cárnicos,,100,gr,673,8.4,0,71,0,0,,,1.3,,,0,0,0,0,0.03,,,6,,0.7,5,,177,75,1,560,0.4,20.6,57,22.92,29.86,10.86,,True,False,Comida / cena,"Fuente: Moreiras y cols., Tablas de composición de alimentos (Pirámide).",True
,"Cordero, chuleta",Carnes y productos cárnicos,,100,gr,225,18,0,17,0,0,0.09,0.16,10,,0.22,3,1,0,0,0.1,,,9,,1.9,16,,170,230,1,61,2.1,65,78,7.89,5.89,0.91,,True,False,Comida / cena,"Fuente: Moreiras y cols., Tablas de composición de alimentos (Pirámide).",True
,"Cordero, otras piezas",Carnes y productos cárnicos,,100,gr,357,15.6,0,32.7,0,0,0.08,0.16,7.4,,0.17,3,1,0,0,0.26,,,7,,1.2,18,,194,260,1,68,3.3,51.7,78,15.17,11.33,1.76,,True,False,Comida / cena,"Fuente: Moreiras y cols., Tablas de composición de alimentos (Pirámide).",True
,"Cordero, pierna y paletilla",Carnes y productos cárnicos,,100,gr,240,17.9,0,18.7,0,9,0.14,0.23,5.1,,0.33,11,1,0,0.7,0.05,,,8,,1.7,22,,190,310,1,58,2.8,63.4,78,8.68,6.48,1.01,,True,False,Comida / cena,"Fuente: Moreiras y cols., Tablas de composición de alimentos (Pirámide).",True
,"Buey, solomillo",Carnes y productos cárnicos,,100,gr,104,18.2,0,3.5,0,0,0.45,0.8,6.3,,0.23,4,13,,,0.45,,,5,,5,22,,210,290,3,88,1.8,78.3,140,1.7,0.9,0.1,,True,False,Comida / cena,"Fuente: Moreiras y cols., Tablas de composición de alimentos (Pirámide).",True
,Rabo de toro,Carnes y productos cárnicos,,100,gr,200,18.6,0,14,0,22,0.038,0.064,7,,0.23,8,1,0,0,0.19,,,8.1,,1.9,18,,139,264,1,61,3.6,67.4,70,6.3,6.6,0.49,,True,False,Comida / cena,"Fuente: Moreiras y cols., Tablas de composición de alimentos (Pirámide).",True
,"Ternera, carne magra",Carnes y productos cárnicos,,100,gr,131,20.7,0,5.4,0,0,0.06,0.22,8.1,,0.32,8,2,0,0,0.15,,,8,,2.1,18,,170,350,3,61,3.8,73.9,59,2.19,2.4,0.35,,True,False,Comida / cena,"Fuente: Moreiras y cols., Tablas de composición de alimentos (Pirámide).",True
,"Ternera, carne semigrasa",Carnes y productos cárnicos,,100,gr,256,16.7,0,21,0,0,0.05,0.2,7.2,,0.25,10,1,0,0,0.19,,,7,,1.9,17,,200,350,3,61,3.3,62.3,65,8.51,9.33,1.25,,True,False,Comida / cena,"Fuente: Moreiras y cols., Tablas de composición de alimentos (Pirámide).",True
,"Ternera, chuleta",Carnes y productos cárnicos,,100,gr,253,17,0,20.5,0,0,0.05,0.16,7.3,,0.25,8,1,0,0,0.19,,,8,,1.6,16,,200,350,3,61,3.5,62.5,65,6.62,9.12,3.28,,True,False,Comida / cena,"Fuente: Moreiras y cols., Tablas de composición de alimentos (Pirámide).",True
,"Avestruz, filete",Aves,,100,gr,117,22.1,0,3.19,0,0,0.198,0.291,4.78,,0.519,8,5.03,0,,,,,6,,4.88,22,,220,320,36.4,86,3.87,74.5,80,1.17,1.23,0.75,,True,False,Comida / cena,"Fuente: Moreiras y cols., Tablas de composición de alimentos (Pirámide).",True
,Capón asado,Aves,,100,gr,221,29,0,11.7,0,20,0.07,0.17,,,0.43,6,0.33,0,0,0,,,14,,1.49,,,246,255,,49,,58.7,86,,,,,True,False,Comida / cena,"Fuente: Moreiras y cols., Tablas de composición de alimentos (Pirámide).",True
,Codorniz,Aves,,100,gr,106,23,0,1.6,0,0,0.13,0.17,6.9,,0.67,,,,,,,,46,,7.7,36,,179,175,16.6,40,,75.4,43.8,,,,,True,False,Comida / cena,"Fuente: Moreiras y cols., Tablas de composición de alimentos (Pirámide).",True
,Gallina,Aves,,100,gr,167,20,0,9.7,0,0,0.1,0.15,10.4,,0.3,10,0,0,0,,,,13,,1.1,22,,198,248,6,64,1,70.3,110,2.63,4.37,1.82,,True,True,Comida / cena,"Fuente: Moreiras y cols., Tablas de composición de alimentos (Pirámide). Sinónimo de ""Pollo"" en el libro.",False
,"Oca, deshuesada, sin piel",Aves,,100,gr,155,22.8,0,7.13,0,12,0.129,0.377,4.28,,0.64,31,0.49,7.2,,,,,13,,2.57,24,,312,420,16.8,87,2.34,68.3,84,2.79,1.85,0.9,,True,False,Comida / cena,"Fuente: Moreiras y cols., Tablas de composición de alimentos (Pirámide).",True
,"Oca, entera",Aves,,100,gr,366,15.9,0,33.6,0,17,0.085,0.245,3.61,,0.39,4,0.34,4.2,,,,,12,,2.5,18,,234,308,14.4,73,1.72,49.7,80,9.78,17.77,3.76,,True,False,Comida / cena,"Fuente: Moreiras y cols., Tablas de composición de alimentos (Pirámide).",True
,Paloma,Aves,,100,gr,288,18.5,0,23.8,0,73,0.212,0.224,6.05,,0.41,6,0.4,5.2,,,,,12,,3.54,22,,248,199,13.3,54,2.2,56.6,95,8.43,9.72,3.07,,True,False,Comida / cena,"Fuente: Moreiras y cols., Tablas de composición de alimentos (Pirámide).",True
,Pato,Aves,,100,gr,214,22,0,14,0,24,0.1,0.3,6,,0.34,25,3,3,,0,,,10,,2,15,,200,280,12.4,80,2.7,64,75,3.9,5.8,2.9,,True,False,Comida / cena,"Fuente: Moreiras y cols., Tablas de composición de alimentos (Pirámide).",True
,"Pavo, deshuesado, sin piel",Aves,,100,gr,107,21.9,0,2.2,0,0,0.09,0.16,13,,0.46,15,2,0,0,0,,,8,,0.8,23,,150,300,28.6,54,1.7,75.9,61,0.44,0.37,0.21,,True,False,Comida / cena,"Fuente: Moreiras y cols., Tablas de composición de alimentos (Pirámide).",True
,"Pavo, muslo con piel",Aves,,100,gr,151,18.9,0,8.36,0,0,0.07,0.2,2.9,,0.32,10,0.38,0,0,0,,,13,,1.5,27,,211,201,,71,1.6,72.7,72,2.6,3,2.3,,True,False,Comida / cena,"Fuente: Moreiras y cols., Tablas de composición de alimentos (Pirámide).",True
,"Pavo, pechuga sin piel",Aves,,100,gr,100,21.9,0,1.4,0,0,0.07,0.12,7.9,,0.58,8,0.73,0,0,0,,,8,,0.7,32,,210,353,,63,1.7,76.7,55,0.48,0.55,0.29,,True,False,Comida / cena,"Fuente: Moreiras y cols., Tablas de composición de alimentos (Pirámide).",True
,"Pavo, sin piel",Aves,,100,gr,109,21.9,0,2.4,0,0,0.09,0.17,6.8,,0.46,11,1.5,0,0,0,,,14,,1,24,,210,300,,72,1.7,75.7,65,0.8,0.6,0.7,,True,False,Comida / cena,"Fuente: Moreiras y cols., Tablas de composición de alimentos (Pirámide).",True
,Perdiz,Aves,,100,gr,106,23,0,1.6,0,0,0.13,0.17,6.9,,0.67,,,,,,,,46,,7.7,36,,179,175,16.6,40,,75.4,43.8,,,,,True,True,Comida / cena,"Fuente: Moreiras y cols., Tablas de composición de alimentos (Pirámide). Sinónimo de ""Codorniz"" en el libro.",False
,Pollo,Aves,,100,gr,167,20,0,9.7,0,0,0.1,0.15,10.4,,0.3,10,0,0,0,,,,13,,1.1,22,,198,248,6,64,1,70.3,110,2.63,4.37,1.82,,True,False,Comida / cena,"Fuente: Moreiras y cols., Tablas de composición de alimentos (Pirámide).",True
,"Ballena, carne de",Carnes y productos cárnicos,,100,gr,123,23.2,0,3.38,0,24,0.04,0.23,4.7,,,,,,,,,,12.2,,4.2,,,153,300,,100,,73.4,,,,,,True,False,Comida / cena,"Fuente: Moreiras y cols., Tablas de composición de alimentos (Pirámide).",True
,"Caballo, carne de",Carnes y productos cárnicos,,100,gr,93,21,0,1,0,0,0.07,0.1,8.2,,,,,0,,,,,12,,7,23,,200,332,3,44,6,78,,0.32,0.25,0.13,,True,False,Comida / cena,"Fuente: Moreiras y cols., Tablas de composición de alimentos (Pirámide).",True
,Cabrito,Carnes y productos cárnicos,,100,gr,113,19.3,0,4,0,,0.32,0.1,6,,,,,,,,,,9,,0.9,,,220,385,1,82,,76.7,56,1.2,1.76,0.31,,True,False,Comida / cena,"Fuente: Moreiras y cols., Tablas de composición de alimentos (Pirámide).",True
,Carne de venado magra deshuesada,Carnes y productos cárnicos,,100,gr,103,22.2,0,1.6,0,0,0.22,0.48,6.37,,,,6.31,0,,0.2,,,5,,3.3,25,,210,340,9.7,55,2.4,76.2,50,0.8,0.4,0.4,,True,False,Comida / cena,"Fuente: Moreiras y cols., Tablas de composición de alimentos (Pirámide).",True
,Carne picada,Carnes y productos cárnicos,,100,gr,245,15.2,0,20.5,0,0,0.04,0.21,6.5,,0.27,12,1,,0,0.18,,,23,,2.5,17,,107,270,,600,3.2,64.3,59,8.2,9.29,1.83,,True,False,Comida / cena,"Fuente: Moreiras y cols., Tablas de composición de alimentos (Pirámide).",True
,"Conejo, liebre",Carnes y productos cárnicos,,100,gr,133,23,0,4.6,0,,0.1,0.19,12.5,,0.5,5,10,,,0.13,,,22,,1,25,,220,360,17,67,1.4,72.4,71,1.55,1.09,0.92,,True,False,Comida / cena,"Fuente: Moreiras y cols., Tablas de composición de alimentos (Pirámide).",True
,"Jabalí, carne de",Carnes y productos cárnicos,,100,gr,109,19.5,0,3.4,0,,,,,,,,,,,,,,,,,,,167,359,14,94,,77.1,,,,,,True,False,Comida / cena,"Fuente: Moreiras y cols., Tablas de composición de alimentos (Pirámide).",True
,Callos de ternera,Carnes y productos cárnicos,,100,gr,81,14.6,0,2.5,0,0,0,0.1,4.1,,0,2,0,0,0,0.08,,,12,,1.3,8,,306,316,45.6,87,1.5,82.9,95,1.19,0.79,0.08,,True,False,Comida / cena,"Fuente: Moreiras y cols., Tablas de composición de alimentos (Pirámide).",True
,Hígado de cerdo,Carnes y productos cárnicos,,100,gr,135,21,1.5,5,0,17595,0.4,3,15,,0.3,110,25,26,2.2,0.17,,,8,,13,21,,350,330,56,81,6.9,72.5,360,1.85,0.93,1.72,,True,False,Comida / cena,"Fuente: Moreiras y cols., Tablas de composición de alimentos (Pirámide).",True
,Hígado de ternera,Carnes y productos cárnicos,,100,gr,132,20.5,1.6,4.8,0,13540,0.37,2.6,16.1,,0.54,192,75,15,0.6,0.24,,,10,,8,20,,250,330,24,93,4.8,73.1,370,0.78,0.5,0.35,,True,False,Comida / cena,"Fuente: Moreiras y cols., Tablas de composición de alimentos (Pirámide).",True
,Lengua de ternera,Carnes y productos cárnicos,,100,gr,190,16.8,0,13.6,0,0,0.15,0.37,9,,0.18,4,16,5,0,0.28,,,8,,3.1,23,,200,210,14.7,77,2.7,69.6,78,5.86,5.63,0.54,,True,False,Comida / cena,"Fuente: Moreiras y cols., Tablas de composición de alimentos (Pirámide).",True
,Mollejas de cordero,Carnes y productos cárnicos,,100,gr,131,15.3,0,7.8,0,0,0.03,0.25,7,,0,13,6,18,0,0.08,,,8,,1.7,21,,400,420,,75,1.9,76.9,260,3,2.4,0.3,,True,False,Comida / cena,"Fuente: Moreiras y cols., Tablas de composición de alimentos (Pirámide).",True
,Riñones,Carnes y productos cárnicos,,100,gr,110,16,0,5.1,0,150,0.3,2,10.8,,0.3,77,31,11,0,0.45,,,10,,5.7,15,,224,270,93,220,1.9,78.9,400,1.41,0.99,0.66,,True,False,Comida / cena,"Fuente: Moreiras y cols., Tablas de composición de alimentos (Pirámide).",True
,Sangre de cerdo,Carnes y productos cárnicos,,100,gr,81,18,0,1,0,,,0.15,,,,,,2,,,,,8,,52,10,,74,174,,207,,81,40,,,,,True,False,Comida / cena,"Fuente: Moreiras y cols., Tablas de composición de alimentos (Pirámide).",True
,Sesos de cordero,Carnes y productos cárnicos,,100,gr,113,10.3,0,8,0,0,0.14,0.22,5.2,,0.1,6,9,19,0,1.2,,,12,,2.8,13,,357,190,9,210,1.2,81.7,2200,0.95,0.54,0.45,,True,False,Comida / cena,"Fuente: Moreiras y cols., Tablas de composición de alimentos (Pirámide).",True
,Butifarra,Embutidos y charcutería,,100,gr,265,15,5.5,20.3,0,0,0.06,0.12,5,,0.06,0,0,0,0,0.43,,,10,,2.1,10,,,207,11.5,1060,1.3,59.2,72,6.55,8.52,3.11,,True,False,"Desayuno, Comida / cena","Fuente: Moreiras y cols., Tablas de composición de alimentos (Pirámide).",True
,Cabeza de cerdo,Embutidos y charcutería,,100,gr,540,20.4,0.8,50.6,0,0,0.17,0.18,6.1,,,0,0,0,0,,,,51,,2.2,10,,59,207,,1060,1.3,28.2,72,16.34,21.23,7.74,,True,False,"Desayuno, Comida / cena","Fuente: Moreiras y cols., Tablas de composición de alimentos (Pirámide).",True
,Cabeza de jabalí,Embutidos y charcutería,,100,gr,540,20.4,0.8,50.6,0,0,0.17,0.18,6.1,,,0,0,0,0,,,,51,,2.2,10,,59,207,,1060,1.3,28.2,72,16.34,21.23,7.74,,True,True,"Desayuno, Comida / cena","Fuente: Moreiras y cols., Tablas de composición de alimentos (Pirámide). Sinónimo de ""Cabeza de cerdo"" en el libro.",False
,Chicharrones,Embutidos y charcutería,,100,gr,540,20.4,0.8,50.6,0,0,0.17,0.18,6.1,,,0,0,0,0,,,,51,,2.2,10,,59,207,,1060,1.3,28.2,72,16.34,21.23,7.74,,True,True,"Desayuno, Comida / cena","Fuente: Moreiras y cols., Tablas de composición de alimentos (Pirámide). Sinónimo de ""Cabeza de cerdo"" en el libro.",False
,Chistorra,Embutidos y charcutería,,100,gr,514,17.4,0.9,49,0,0,0.56,0.25,2.49,,0.16,1.94,0.85,0,0,0.57,,,12.6,,1.71,22.7,,90.3,232,,1000,1.4,32.8,75.6,20.26,21.48,4.41,,True,False,"Desayuno, Comida / cena","Fuente: Moreiras y cols., Tablas de composición de alimentos (Pirámide).",True
,Chóped,Embutidos y charcutería,,100,gr,311,14,3,27,0,0,0.33,0.21,5.9,,0.05,0,0,0,0,0.11,,,13,,2.2,9,,160,207,,668,2.9,56,72,9.4,11.29,4.17,,True,False,"Desayuno, Comida / cena","Fuente: Moreiras y cols., Tablas de composición de alimentos (Pirámide).",True
,Chorizo (21% grasa),Embutidos y charcutería,,100,gr,285,22,2,21,0,0,0.3,0.13,7.1,,0.15,1,1,0,0,0.28,,,21,,2.4,11,,160,207,21.1,1060,1.2,55,72,7.89,9.06,2.78,,True,False,"Desayuno, Comida / cena","Fuente: Moreiras y cols., Tablas de composición de alimentos (Pirámide).",True
,Chorizo (32% grasa),Embutidos y charcutería,,100,gr,385,22,2,32.1,0,0,0.3,0.13,7.1,,0.15,1,1,0,0,0.28,,,21,,2.4,11,,160,207,21.1,1060,1.2,43.9,72,12.06,13.92,4.26,,True,False,"Desayuno, Comida / cena","Fuente: Moreiras y cols., Tablas de composición de alimentos (Pirámide).",True
,Foie-gras de hígado de cerdo (30% grasa),Embutidos y charcutería,,100,gr,342,14,5,29.5,0,8300,0.18,0.85,7.1,,,19,12,0,0.3,,,,23,,5.5,12,,220,173,41.6,738,2.3,51.5,255,9.77,12.41,3.59,,True,False,"Desayuno, Comida / cena","Fuente: Moreiras y cols., Tablas de composición de alimentos (Pirámide).",True
,Foie-gras de hígado de cerdo (42% grasa),Embutidos y charcutería,,100,gr,454,14,5,42,0,8300,0.18,0.85,7.1,,,19,12,0,0.3,,,,23,,5.5,12,,220,173,41.6,738,2.3,39,255,13.91,17.67,5.11,,True,False,"Desayuno, Comida / cena","Fuente: Moreiras y cols., Tablas de composición de alimentos (Pirámide).",True
,Fuet,Embutidos y charcutería,,100,gr,400,30.2,0,31,0,0,0.57,0.2,4.2,,0.32,4,2.5,0,0,0,,,11,,1,26,,153,280,,1180,2.3,38.8,84.4,10.61,14.02,4.71,,True,False,"Desayuno, Comida / cena","Fuente: Moreiras y cols., Tablas de composición de alimentos (Pirámide).",True
,"Jamón cocido (York, dulce, etc.)",Embutidos y charcutería,,100,gr,175,18.4,1,10.8,0,0,0.46,0.18,3.2,,0.2,0,0,0,0,0.08,,,9.6,,2.1,17.5,,92,270,8,970,2.8,69.8,45,3.49,4.49,1.65,,True,False,,"Fuente: Moreiras y cols., Tablas de composición de alimentos (Pirámide).",True
,Jamón ibérico,Embutidos y charcutería,,100,gr,254,30.5,0,14.7,0,0,0.75,0.22,11.8,,0.22,0,0,0,0,0.08,,,35,,1.8,18,,158,153,,1110,2.3,54.8,69,4.98,5.76,1.08,,True,False,,"Fuente: Moreiras y cols., Tablas de composición de alimentos (Pirámide).",True
,Jamón,Embutidos y charcutería,Serrano,100,gr,241,31,0,13,0,0,0.57,0.25,6.7,,0.41,0,0,0,0,0.08,,,12.7,,2.3,17.1,,180,160,,1110,2.2,56,70,4.4,5.09,1.26,,True,False,,"Fuente: Moreiras y cols., Tablas de composición de alimentos (Pirámide).",True
,Jamón magro,Embutidos y charcutería,Serrano,100,gr,163,30.5,0,4.5,0,0,0.75,0.22,11.8,,0.22,0,0,0,0,0.08,,,35,,1.8,18,,158,160,,1110,2.3,65,69,1.52,1.76,0.33,,True,False,,"Fuente: Moreiras y cols., Tablas de composición de alimentos (Pirámide).",True
,"Kebab, cordero",Embutidos y charcutería,,100,gr,150,13.5,2.7,9.34,0.63,22.5,0.079,0.148,3.71,,0.182,8.61,0.93,11.7,0,0.497,,,15.8,,1.34,19.5,,109,240,1.37,147,0.87,72.8,39.6,3.12,3.41,0.946,,True,False,Comida / cena,"Fuente: Moreiras y cols., Tablas de composición de alimentos (Pirámide).",True
,"Kebab, mezcla de carnes",Embutidos y charcutería,,100,gr,209,19.3,1.72,13.8,0.33,13.8,0.058,0.172,4.09,,0.318,11.5,0.98,9.5,0.03,0.65,,,10.9,,1.4,21.4,,162,273,8.36,247,1.01,63.4,49.6,4.97,5.19,1.06,,True,False,Comida / cena,"Fuente: Moreiras y cols., Tablas de composición de alimentos (Pirámide).",True
,"Kebab, pollo",Embutidos y charcutería,,100,gr,201,19.7,1.13,13,0.34,14.8,0.054,0.131,5.12,,0.326,9.43,0.56,9.5,0.06,0.643,,,14,,0.1,22.2,,151,239,9.76,257,0.85,64.2,59.6,2.28,6.91,2.79,,True,False,Comida / cena,"Fuente: Moreiras y cols., Tablas de composición de alimentos (Pirámide).",True
,"Kebab, ternera",Embutidos y charcutería,,100,gr,217,18.9,2.24,14.6,0.33,12.7,0.062,0.212,3.02,,0.315,14.2,1.39,9.5,0,0.656,,,7.8,,1.8,21,,172,307,7.02,237,1.17,62.6,42.8,3,8.09,2.15,,True,False,Comida / cena,"Fuente: Moreiras y cols., Tablas de composición de alimentos (Pirámide).",True
,Lacón,Embutidos y charcutería,,100,gr,349,21.5,0,29.2,0,0,0.65,0.15,8.8,,,0,0,0,0,,,,13,,1.8,18,,160,270,,965,2.3,49.3,69,9.43,12.21,4.47,,True,True,"Desayuno, Comida / cena","Fuente: Moreiras y cols., Tablas de composición de alimentos (Pirámide). Sinónimo de ""Cerdo, paletilla"" en el libro.",False
,Lomo embuchado,Embutidos y charcutería,,100,gr,386,50,0,20.7,0,0,0.8,0.25,12,,,5,2,0,0,,,,20,,3.7,20,,180,230,,1470,2.6,29.3,69,6.68,8.65,3.17,,True,False,"Desayuno, Comida / cena","Fuente: Moreiras y cols., Tablas de composición de alimentos (Pirámide).",True
,Morcilla,Embutidos y charcutería,,100,gr,446,19.5,3,39.5,0,0.01,0.08,0.1,1,,0.04,5,0.4,0,0.01,0.2,,,11,,14,20,,80,210,11.8,1060,,38,70,15.08,16.52,5.59,,True,False,"Desayuno, Comida / cena","Fuente: Moreiras y cols., Tablas de composición de alimentos (Pirámide).",True
,Mortadela,Embutidos y charcutería,,100,gr,311,14,3,27,0,0,0.33,0.21,5.9,,0.05,0,0,0,0,0.11,,,13,,2.2,9,,160,207,6.1,668,2.9,56,72,9.4,11.29,4.17,,True,True,"Desayuno, Comida / cena","Fuente: Moreiras y cols., Tablas de composición de alimentos (Pirámide). Sinónimo de ""Chóped"" en el libro.",False
,Paté de hígado de cerdo (30% grasa),Embutidos y charcutería,,100,gr,342,14,5,29.5,0,8300,0.18,0.85,7.1,,,19,12,0,0.3,,,,23,,5.5,12,,220,173,41.6,738,2.3,51.5,255,9.77,12.41,3.59,,True,True,"Desayuno, Comida / cena","Fuente: Moreiras y cols., Tablas de composición de alimentos (Pirámide). Sinónimo de ""Foie-gras de hígado de cerdo (30% grasa)"" en el libro.",False
,Paté de hígado de cerdo (42% grasa),Embutidos y charcutería,,100,gr,454,14,5,42,0,8300,0.18,0.85,7.1,,,19,12,0,0.3,,,,23,,5.5,12,,220,173,41.6,738,2.3,39,255,13.91,17.67,5.11,,True,True,"Desayuno, Comida / cena","Fuente: Moreiras y cols., Tablas de composición de alimentos (Pirámide). Sinónimo de ""Foie-gras de hígado de cerdo (42% grasa)"" en el libro.",False
,"Pavo, pechuga (fiambre)",Embutidos y charcutería,,100,gr,96,21.8,0,0.99,0,0,0.08,0.11,14.2,,0.59,8,1,0,0,0,,,6,,0.5,25,,200,320,,43,1.2,77.2,45,0.36,0.24,0.24,,True,False,,"Fuente: Moreiras y cols., Tablas de composición de alimentos (Pirámide).",True
,Salami,Embutidos y charcutería,,100,gr,459,18.5,1.8,42,0,0.01,0.29,0.2,3.3,,0.25,3,1.5,0,0.07,0.4,,,17,,2.2,12,,208,240,6.9,1800,,37.7,80,14.8,17.2,3.2,,True,False,"Desayuno, Comida / cena","Fuente: Moreiras y cols., Tablas de composición de alimentos (Pirámide).",True
,Salchichas frescas,Embutidos y charcutería,,100,gr,295,12.9,0,27,0,0,0.18,0.09,3.3,,0.07,3,0,0,0,0.24,,,13,,2.2,13,,165,207,11.5,1060,1.2,60.1,72,9.97,11.28,3.6,,True,False,"Desayuno, Comida / cena","Fuente: Moreiras y cols., Tablas de composición de alimentos (Pirámide).",True
,Salchichas tipo Frankfurt (20% grasa),Embutidos y charcutería,,100,gr,236,12,3,19.5,0,0,0.2,0.2,3,,0.03,1,1,0,0,0.25,,,13,,1.8,9,,107,180,8.3,778,1.4,65.5,65,7.01,8.62,3.12,,True,False,"Desayuno, Comida / cena","Fuente: Moreiras y cols., Tablas de composición de alimentos (Pirámide).",True
,Salchichas tipo Frankfurt (27% grasa),Embutidos y charcutería,,100,gr,303,12,3,27,0,0,0.2,0.2,3,,0.03,1,1,0,0,0.25,,,13,,1.8,9,,107,180,8.3,778,1.4,58,65,9.71,11.93,4.31,,True,False,"Desayuno, Comida / cena","Fuente: Moreiras y cols., Tablas de composición de alimentos (Pirámide).",True
,Salchichón,Embutidos y charcutería,,100,gr,454,25.8,2,38.1,0,0,0.2,0.21,10,,0.15,3,1,0,0,0.28,,,15,,2.4,10,,260,207,26.1,1060,1.7,34.1,72,12.3,15.93,5.83,,True,False,"Desayuno, Comida / cena","Fuente: Moreiras y cols., Tablas de composición de alimentos (Pirámide).",True
,Sobrasada,Embutidos y charcutería,,100,gr,650,10.5,0,67.5,0,363,0.6,0.27,11.5,,0.16,2,0.87,0,0,0.57,,,15,,1.9,25,,310,259,21.1,914,1.5,22,91,23.8,33.2,10.5,,True,False,"Desayuno, Comida / cena","Fuente: Moreiras y cols., Tablas de composición de alimentos (Pirámide).",True
,Abadejo,Pescados,,100,gr,76,17.4,0,0.75,0,0,0.08,0.07,4.9,,0.33,12,2,0,0,0.44,,,16,,0.3,23,,132,320,20,77,0.4,81.9,50,0.13,0.08,0.5,,True,False,Comida / cena,"Fuente: Moreiras y cols., Tablas de composición de alimentos (Pirámide).",True
,Anchoa,Pescados,,100,gr,127,17.6,0,6.3,0,47,0.06,0.3,8.3,,1.1,8.7,1.9,0,8,0.02,,,30,,1,29,,182,331,36.5,116,0.5,76.1,69,1.65,1.33,2.18,,True,False,Comida / cena,"Fuente: Moreiras y cols., Tablas de composición de alimentos (Pirámide).",True
,Anguila,Pescados,,100,gr,205,16.3,0,15.5,0,1000,0.17,0.32,5.5,,0.3,13,1,0,110,4.1,,,30,,1,19,,170,270,30,89,1.8,68.2,50,3.15,9.94,1.48,,True,False,Comida / cena,"Fuente: Moreiras y cols., Tablas de composición de alimentos (Pirámide).",True
,Angula,Pescados,,100,gr,205,16.3,0,15.5,0,1000,0.17,0.32,5.5,,0.3,13,1,0,110,5.6,,,30,,1,19,,170,270,30,89,1.8,68.2,50,3.15,9.94,1.48,,True,True,Comida / cena,"Fuente: Moreiras y cols., Tablas de composición de alimentos (Pirámide). Sinónimo de ""Anguila"" en el libro.",False
,Arenque,Pescados,,100,gr,153,18,0,9,0,83,0.02,0.23,7.1,,0.45,5,6,0,22.5,0.21,,,20,,1,31,,223,340,34,67,0.5,73,70,1.81,4.52,2.4,,True,False,Comida / cena,"Fuente: Moreiras y cols., Tablas de composición de alimentos (Pirámide).",True
,Atún,Pescados,,100,gr,200,23,0,12,0,60,0.05,0.2,17.8,,0.46,15,5,0,25,1,,,38,,1.3,28,,200,,82,43,1.1,65,38,3.08,2.66,3.58,,True,False,Comida / cena,"Fuente: Moreiras y cols., Tablas de composición de alimentos (Pirámide).",True
,Bacaladilla,Pescados,,100,gr,76,17.4,0,0.7,0,0,0.08,0.07,4.9,,0.33,12,2,0,0,0.44,,,16,,0.3,23,,218,320,28,77,0.4,81.9,46,0.18,0.08,0.28,,True,False,Comida / cena,"Fuente: Moreiras y cols., Tablas de composición de alimentos (Pirámide).",True
,Bacalao fresco,Pescados,,100,gr,74,17.7,0,0.4,0,10,0.08,0.1,2,,0.33,13,0.53,2,1.3,0.26,,,24,,0.44,20,,180,274,28,89,0.4,81.9,50,0.09,0.05,0.2,,True,False,Comida / cena,"Fuente: Moreiras y cols., Tablas de composición de alimentos (Pirámide).",True
,Besugo,Pescados,,100,gr,86,17,0,2,0,9,0.06,0.08,5,,0.05,10.4,2.9,0,0.19,1.5,,,30,,0.8,25,,210,310,45,23,0.5,81,56.5,0.44,0.67,0.33,,True,False,Comida / cena,"Fuente: Moreiras y cols., Tablas de composición de alimentos (Pirámide).",True
,Bonito,Pescados,,100,gr,138,21,0,6,0,40,0.05,0.2,17.8,,0.4,15,5,0,20,0.9,,,35,,1,28,,214,330,82,39,1.1,73,45,1.5,1.2,2.6,,True,False,Comida / cena,"Fuente: Moreiras y cols., Tablas de composición de alimentos (Pirámide).",True
,Boquerón,Pescados,,100,gr,127,17.6,0,6.3,0,47,0.06,0.3,8.3,,1.1,8.7,1.9,0,8,0.02,,,30,,1,29,,182,331,36.5,116,0.5,76.1,69,1.65,1.33,2.18,,True,True,Comida / cena,"Fuente: Moreiras y cols., Tablas de composición de alimentos (Pirámide). Sinónimo de ""Anchoa"" en el libro.",False
,Breca,Pescados,,100,gr,71,15.4,0,1,0,9,0.06,0.08,5,,0.05,10.4,2.9,0,0.19,1.5,,,30,,0.8,25,,210,316,45,141,0.5,83.6,48,0.28,0.2,0.3,,True,False,Comida / cena,"Fuente: Moreiras y cols., Tablas de composición de alimentos (Pirámide).",True
,Caballa,Pescados,,100,gr,150,15,0,10,0,36,0.09,0.35,9,,0.7,1.2,10,0,16,1.3,,,17,,1,31,,239,360,30,130,0.5,75,80,2.86,3.07,2.35,,True,False,Comida / cena,"Fuente: Moreiras y cols., Tablas de composición de alimentos (Pirámide).",True
,Cabracho,Pescados,,100,gr,91,19,0,1.7,0,57,0.04,0.07,3.3,,0.01,3,3.8,0,0,0,,,9,,0.4,26,,178,405,20,60,0.1,79.3,35,0.4,0.3,0.5,,True,False,Comida / cena,"Fuente: Moreiras y cols., Tablas de composición de alimentos (Pirámide).",True
,Caviar,Pescados,,100,gr,277,25,4,17.9,0,271,0.19,0.62,0.12,,0.32,50,20,0,2.9,1.89,,,275,,11.8,300,,356,181,65.5,1500,0.95,53.1,588,4.06,4.63,7.41,,True,False,Comida / cena,"Fuente: Moreiras y cols., Tablas de composición de alimentos (Pirámide).",True
,Chanquete y otros pescaditos pequeños,Pescados,,100,gr,73,11.4,0,3,0,28,0.06,0.3,8.3,,1.1,8.7,1.9,0,8,0.02,,,80,,1,56,,182,325,36.5,117,0.6,85.6,34.5,1.2,0.4,1.2,,True,False,Comida / cena,"Fuente: Moreiras y cols., Tablas de composición de alimentos (Pirámide).",True
,Chicharro,Pescados,,100,gr,124,15.7,0,6.8,0,36,0.09,0.3,9,,0.63,1.2,10,0,16,2.6,,,17,,1,31,,239,360,47,64,0.5,77.5,,,,,,True,True,Comida / cena,"Fuente: Moreiras y cols., Tablas de composición de alimentos (Pirámide). Sinónimo de ""Jurel"" en el libro.",False
,Congrio,Pescados,,100,gr,101,19,0,2.8,0,500,0.17,0.37,5.5,,0.28,13,1,0,22,4.1,,,30,,0.7,30,,202,340,30,50,2,78.2,40,0.55,0.91,0.37,,True,False,Comida / cena,"Fuente: Moreiras y cols., Tablas de composición de alimentos (Pirámide).",True
,Dorada,Pescados,,100,gr,77,17,0,1,0,9,0.06,0.08,5,,0.28,13.4,2.3,0,1.5,1.25,,,30,,0.9,25,,244,446,45,31,0.5,82,,,,,,True,False,Comida / cena,"Fuente: Moreiras y cols., Tablas de composición de alimentos (Pirámide).",True
,Emperador,Pescados,,100,gr,107,17,0,4.3,0,500,0.05,0.05,9,,0.51,15,5,0,7.2,1,,,19,,0.9,57,,506,342,48.1,102,0.4,78.7,39,1.15,1.43,0.99,,True,False,Comida / cena,"Fuente: Moreiras y cols., Tablas de composición de alimentos (Pirámide).",True
,Faneca,Pescados,,100,gr,71,15.4,0,1,0,9,0.06,0.08,5,,0.05,10.4,2.9,0,0.19,1.5,,,30,,0.8,25,,210,316,45,141,0.5,83.6,48,0.28,0.2,0.3,,True,True,Comida / cena,"Fuente: Moreiras y cols., Tablas de composición de alimentos (Pirámide). Sinónimo de ""Breca"" en el libro.",False
,Gallo,Pescados,,100,gr,80,15.8,0,1.9,0,0,0.08,0.1,3.7,,0.38,11.2,1.1,0,0,0,,,33.6,,0.96,42.1,,260,250,24,150,0.4,82.3,62.2,0.33,0.39,0.61,,True,False,Comida / cena,"Fuente: Moreiras y cols., Tablas de composición de alimentos (Pirámide).",True
,Gulas refrigeradas/congeladas,Pescados,,100,gr,70,10,6.6,0.4,0,10,0.01,0.06,2.1,,0.02,1,1,0,0,0.85,,,13,,0.8,,,282,112,28.1,143,0.3,83,35,0.09,0.09,0.18,,True,False,Comida / cena,"Fuente: Moreiras y cols., Tablas de composición de alimentos (Pirámide).",True
,Halibut o fletán,Pescados,,100,gr,103,21.5,0,1.9,0,30,0.07,0.07,9.8,,0.38,9,1,0,0,0.85,,,29,,0.5,25,,200,410,28,60,0.4,76.6,35,,,,,True,False,Comida / cena,"Fuente: Moreiras y cols., Tablas de composición de alimentos (Pirámide).",True
,Halibut o fletán en filetes,Pescados,,100,gr,103,21.5,0,1.9,0,30,0.07,0.07,9.8,,0.38,9,1,0,0,0.85,,,29,,0.5,25,,200,410,28,60,0.4,76.6,35,,,,,True,True,Comida / cena,"Fuente: Moreiras y cols., Tablas de composición de alimentos (Pirámide). Sinónimo de ""Halibut o fletán"" en el libro.",False
,Huevas frescas,Pescados,,100,gr,113,24.3,0,1.8,0,140,1,1.2,6,,0.16,80,10,20,2,7,,,17,,1.6,20,,402,221,40.3,91,1,73.9,500,0.32,0.36,0.73,,True,False,Comida / cena,"Fuente: Moreiras y cols., Tablas de composición de alimentos (Pirámide).",True
,Japuta,Pescados,,100,gr,125,20,0,5,0,36,0.05,0.08,9,,0.63,1.2,10,0,16,2.6,,,25,,0.7,28,,250,430,45,110,0.5,75,,,,,,True,False,Comida / cena,"Fuente: Moreiras y cols., Tablas de composición de alimentos (Pirámide).",True
,Jurel,Pescados,,100,gr,124,15.7,0,6.8,0,36,0.09,0.3,9,,0.63,1.2,10,0,16,2.6,,,17,,1,31,,239,360,47,64,0.5,77.5,,,,,,True,False,Comida / cena,"Fuente: Moreiras y cols., Tablas de composición de alimentos (Pirámide).",True
,Lampuga,Pescados,,100,gr,80,18.5,0,0.7,0,54,0.02,0.07,6.1,,0.4,5,0.6,0,,,,,15,,1.13,30,,143,416,36.5,88,0.46,77.6,73,0.188,0.121,0.165,,True,False,Comida / cena,"Fuente: Moreiras y cols., Tablas de composición de alimentos (Pirámide).",True
,Lampuga en filetes,Pescados,,100,gr,80,18.5,0,0.7,0,54,0.02,0.07,6.1,,0.4,5,0.6,0,,,,,15,,1.13,30,,143,416,36.5,88,0.46,77.6,73,0.188,0.121,0.165,,True,True,Comida / cena,"Fuente: Moreiras y cols., Tablas de composición de alimentos (Pirámide). Sinónimo de ""Lampuga"" en el libro.",False
,Lenguado,Pescados,,100,gr,78,16.5,0,1.3,0,0,0.1,0.12,5.5,,0.43,11,1,0,0,1.1,,,30,,0.7,29,,260,230,44,100,0.4,82.2,60,0.18,0.27,0.43,,True,False,Comida / cena,"Fuente: Moreiras y cols., Tablas de composición de alimentos (Pirámide).",True
,Lenguado en filetes,Pescados,,100,gr,78,16.5,0,1.3,0,0,0.1,0.12,5.5,,0.43,11,1,0,0,1.1,,,30,,0.7,29,,260,230,44,100,0.4,82.2,60,0.18,0.27,0.43,,True,True,Comida / cena,"Fuente: Moreiras y cols., Tablas de composición de alimentos (Pirámide). Sinónimo de ""Lenguado"" en el libro.",False
,Lubina,Pescados,,100,gr,84,18,0,1.3,0,0,0.11,0.16,6.7,,0.2,3,4,0,0,0.5,,,20,,1.1,26,,410,340,36.5,69,0.8,80.7,68,0.27,0.48,0.36,,True,False,Comida / cena,"Fuente: Moreiras y cols., Tablas de composición de alimentos (Pirámide).",True
,Merluza,Pescados,,100,gr,89,15.9,0,2.8,0,0,0.08,0.08,6,,0.16,13,1,0,0,0.35,,,28,,0.8,23,,190,363,36,74,0.3,81.3,67,0.5,0.52,0.8,,True,False,Comida / cena,"Fuente: Moreiras y cols., Tablas de composición de alimentos (Pirámide).",True
,"Merluza congelada, lomos, corazones",Pescados,,100,gr,89,15.9,0,2.8,0,0,0.08,0.08,6,,0.16,13,1,0,0,0.35,,,28,,0.8,23,,190,363,36,74,0.3,81.3,67,0.5,0.52,0.8,,True,True,Comida / cena,"Fuente: Moreiras y cols., Tablas de composición de alimentos (Pirámide). Sinónimo de ""Merluza"" en el libro.",False
,Merluza en filetes sin piel,Pescados,,100,gr,89,15.9,0,2.8,0,0,0.08,0.08,6,,0.16,13,1,0,0,0.35,,,28,,0.8,23,,190,363,36,74,0.3,81.3,67,0.5,0.52,0.8,,True,True,Comida / cena,"Fuente: Moreiras y cols., Tablas de composición de alimentos (Pirámide). Sinónimo de ""Merluza"" en el libro.",False
,Mero,Pescados,,100,gr,92,17.8,0,2.3,0,0,0.08,0.1,6.9,,0.32,11,2,0,0,0.8,,,30,,0.4,23,,199,255,36.5,80,0.5,79.9,37,0.52,0.39,0.7,,True,False,Comida / cena,"Fuente: Moreiras y cols., Tablas de composición de alimentos (Pirámide).",True
,"Mújol, pardete",Pescados,,100,gr,124,15.8,0,6.8,0,27,0.08,0.21,5.7,,0.43,9,2,0,0,1,,,38,,1.2,26,,239,292,51,81,0.8,77.4,70,,,,,True,False,Comida / cena,"Fuente: Moreiras y cols., Tablas de composición de alimentos (Pirámide).",True
,Palitos de cangrejo congelados,Pescados,,100,gr,70,10,6.6,0.4,0,10,0.01,0.06,2.1,,0.02,1,1,0,0,0.85,,,13,,0.8,,,282,112,28.1,143,0.3,83,35,0.09,0.09,0.18,,True,True,Comida / cena,"Fuente: Moreiras y cols., Tablas de composición de alimentos (Pirámide). Sinónimo de ""Gulas refrigeradas/congeladas"" en el libro.",False
,Palometa,Pescados,,100,gr,125,20,0,5,0,36,0.05,0.08,9,,0.63,1.2,10,0,16,2.6,,,25,,0.7,28,,250,430,45,110,0.5,75,79,0.7,0.3,0.8,,True,False,Comida / cena,"Fuente: Moreiras y cols., Tablas de composición de alimentos (Pirámide).",True
,"Panga, filete",Pescados,,100,gr,78,16.5,0,1.3,0,0,0.1,0.12,5.5,,0.43,11,1,0,0,1.1,,,30,,0.7,29,,260,230,44,100,0.4,82.2,60,0.18,0.27,0.43,,True,True,Comida / cena,"Fuente: Moreiras y cols., Tablas de composición de alimentos (Pirámide). Sinónimo de ""Lenguado"" en el libro.",False
,"Perca, filete",Pescados,,100,gr,86,19.4,0,0.92,0,9,0.07,0.1,1.52,,0.12,5,1.9,1.7,3,0.2,,,80,,0.9,30,,200,269,12.6,62,1.11,79.7,90,0.185,0.152,0.368,,True,False,Comida / cena,"Fuente: Moreiras y cols., Tablas de composición de alimentos (Pirámide).",True
,Pescadilla,Pescados,,100,gr,69,16,0,0.6,0,0,0.09,0.07,7.1,,0.22,13,1,0,0,0.5,,,48,,0.8,31,,163,200,15,86,0.7,83.4,31,0.09,0.17,0.15,,True,False,Comida / cena,"Fuente: Moreiras y cols., Tablas de composición de alimentos (Pirámide).",True
,Pescadilla en filetes sin piel,Pescados,,100,gr,69,16,0,0.6,0,0,0.09,0.07,7.1,,0.22,13,1,0,0,0.5,,,48,,0.8,31,,163,200,15,86,0.7,83.4,31,0.09,0.17,0.15,,True,True,Comida / cena,"Fuente: Moreiras y cols., Tablas de composición de alimentos (Pirámide). Sinónimo de ""Pescadilla"" en el libro.",False
,Pez espada,Pescados,,100,gr,107,17,0,4.3,0,500,0.05,0.05,9,,0.51,15,5,0,7.2,1,,,19,,0.9,57,,506,342,48.1,102,0.4,78.7,39,1.15,1.43,0.99,,True,True,Comida / cena,"Fuente: Moreiras y cols., Tablas de composición de alimentos (Pirámide). Sinónimo de ""Emperador"" en el libro.",False
,Rape,Pescados,,100,gr,78,18.7,0,0.3,0,0,0.08,0.1,6.9,,0.01,11,2,0,0,0.85,,,30,,1,23,,330,235,36.5,109,0.5,81,25,0.08,0.05,0.14,,True,False,Comida / cena,"Fuente: Moreiras y cols., Tablas de composición de alimentos (Pirámide).",True
,Raya,Pescados,,100,gr,77,17.1,0,0.9,0,14,0.06,0.15,5.2,,0.37,3,6,0,0,0,,,26,,1,24,,155,274,36.5,161,0.5,82,65,0.2,0.2,0.37,,True,False,Comida / cena,"Fuente: Moreiras y cols., Tablas de composición de alimentos (Pirámide).",True
,Reo,Pescados,,100,gr,182,18.4,0,12,0,13,0.2,0.15,10.4,,0.75,26,5,0,8,,,,27,,0.7,26,,250,310,20,98,0.8,69.6,50,2.16,5.43,1.9,,True,True,Comida / cena,"Fuente: Moreiras y cols., Tablas de composición de alimentos (Pirámide). Sinónimo de ""Salmón"" en el libro.",False
,Rodaballo,Pescados,,100,gr,97,16.1,0,3.6,0,14,0.06,0.14,5.5,,0.15,10,2,0,0,0.4,,,22,,1,20,,192,290,36.5,114,0.5,80.3,25,1.12,0.83,1.19,,True,False,Comida / cena,"Fuente: Moreiras y cols., Tablas de composición de alimentos (Pirámide).",True
,Salmón,Pescados,,100,gr,182,18.4,0,12,0,13,0.2,0.15,10.4,,0.75,26,5,0,8.6,2,,,27,,0.7,26,,250,310,20,98,0.8,69.6,50,2.16,5.43,1.9,,True,False,Comida / cena,"Fuente: Moreiras y cols., Tablas de composición de alimentos (Pirámide).",True
,Salmonete,Pescados,,100,gr,90,14.1,0,3.7,0,0,0.05,0.07,1.9,,0.42,11,2,0,0.8,0.51,,,30,,0.7,25,,220,340,29,91,0.5,82.2,49,1.07,0.84,0.62,,True,False,Comida / cena,"Fuente: Moreiras y cols., Tablas de composición de alimentos (Pirámide).",True
,Sardinas,Pescados,,100,gr,140,18.1,0,7.5,0,64,0.12,0.38,6.4,,0.96,8,8.5,0,8,1.6,,,43,,1.1,29,,475,,30,100,0.5,74.4,100,2.64,1.8,2.28,,True,False,Comida / cena,"Fuente: Moreiras y cols., Tablas de composición de alimentos (Pirámide).",True
,Sargo,Pescados,,100,gr,100,15,0,4.4,0,48,0.06,0.08,6,,0.19,5,2.9,0,0,0.4,,,30,,1,30,,264,350,45,77,0.5,80.6,70,0.57,0.85,2.5,,True,False,Comida / cena,"Fuente: Moreiras y cols., Tablas de composición de alimentos (Pirámide).",True
,Trucha,Pescados,,100,gr,90,15.7,0,3,0,14,0.08,0.1,5.1,,0.43,9.4,5.2,0,2.1,1.5,,,26,,1,28,,208,250,25,58,0.8,81.3,80,0.43,0.74,1.83,,True,False,Comida / cena,"Fuente: Moreiras y cols., Tablas de composición de alimentos (Pirámide).",True
,Almejas,"Mariscos, crustáceos y moluscos",,100,gr,47,10.7,0,0.5,0,250,0.04,0.14,4.1,,0.14,16,0,0,0,0.4,,,128,,24,51,,130,314,24.3,56,1.3,88.8,40,0.05,0.03,0.13,,True,False,Comida / cena,"Fuente: Moreiras y cols., Tablas de composición de alimentos (Pirámide).",True
,Ancas de rana,Otros,,100,gr,68,16.4,0,0.3,0,15,0.14,0.25,1.2,,0.12,15,0.4,0,0.2,1,,,18,,1.5,20,,147,285,14.1,58,1,81.9,50,0.076,0.053,0.102,,True,False,,"Fuente: Moreiras y cols., Tablas de composición de alimentos (Pirámide).",False
,Berberechos,"Mariscos, crustáceos y moluscos",,100,gr,47,10.7,0,0.5,0,250,0.04,0.14,4.1,,0.1,17,0,0,0,0.4,,,128,,24,51,,130,314,24.3,56,1.3,88.8,40,0.05,0.03,0.13,,True,True,Comida / cena,"Fuente: Moreiras y cols., Tablas de composición de alimentos (Pirámide). Sinónimo de ""Almejas"" en el libro.",False
,Bígaro hervido,"Mariscos, crustáceos y moluscos",,100,gr,94,20.8,0,1.2,0,84,0.17,0.3,,,0.38,11,27,0,0,3.9,,,130,,11.6,305,,200,260,,875,2.2,68.3,105,0.2,0.2,0.4,,True,False,Comida / cena,"Fuente: Moreiras y cols., Tablas de composición de alimentos (Pirámide).",True
,Bogavante,"Mariscos, crustáceos y moluscos",,100,gr,91,18.3,0,2,0,0,0.12,0.11,5.3,,0.06,17,1,0,0,1.5,,,60,,0.7,34,,261,220,130,270,2.3,79.7,150,0.24,0.38,0.74,,True,False,Comida / cena,"Fuente: Moreiras y cols., Tablas de composición de alimentos (Pirámide).",True
,"Calamar, aros congelados","Mariscos, crustáceos y moluscos",,100,gr,80,17,0,1.3,0,70,0.07,0.14,3.6,,0.03,5.1,1.3,0,,2.7,,,78,,1.7,36,,185,93,44.8,425,1.2,81.7,200,0.34,0.1,0.48,,True,False,Comida / cena,"Fuente: Moreiras y cols., Tablas de composición de alimentos (Pirámide).",True
,Calamares y similares,"Mariscos, crustáceos y moluscos",,100,gr,80,17,0,1.3,0,70,0.07,0.14,3.6,,0.03,5.1,1.3,0,,2.7,,,78,,1.7,36,,185,93,44.8,425,1.2,81.7,200,0.34,0.1,0.48,,True,False,Comida / cena,"Fuente: Moreiras y cols., Tablas de composición de alimentos (Pirámide).",True
,Cangrejos y similares,"Mariscos, crustáceos y moluscos",,100,gr,124,19.5,0,5.1,0,0,0.1,0.15,6.3,,0.35,20,0,0,0,2.3,,,30,,1.3,48,,176,270,3,370,3.8,75.4,100,0.77,1.26,2.42,,True,False,Comida / cena,"Fuente: Moreiras y cols., Tablas de composición de alimentos (Pirámide).",True
,Caracoles,"Mariscos, crustáceos y moluscos",,100,gr,78,16.3,0,1.4,0,0,0.04,0.14,,,0.13,6,0,0,0,0.8,,,140,,10.6,250,,272,382,27.4,70,4.4,82.3,50,0.36,0.26,0.25,,True,False,Comida / cena,"Fuente: Moreiras y cols., Tablas de composición de alimentos (Pirámide).",True
,Centollo,"Mariscos, crustáceos y moluscos",,100,gr,127,20.1,0,5.2,0,0,0.1,0.15,6.1,,0.35,20,0,0,0,2.3,,,29,,1.3,48,,312,270,37.4,370,5.5,74.7,100,0.79,1.28,2.47,,True,False,Comida / cena,"Fuente: Moreiras y cols., Tablas de composición de alimentos (Pirámide).",True
,Chipirón,"Mariscos, crustáceos y moluscos",,100,gr,82,16.3,0,1.4,0,77,0.07,0.15,7.04,,0.03,5.12,1.3,0,0,2.7,,,144,,0.32,37.8,,190,280,44.8,110,1.1,81.7,168,0.41,0.1,0.5,,True,False,Comida / cena,"Fuente: Moreiras y cols., Tablas de composición de alimentos (Pirámide).",True
,Chirlas,"Mariscos, crustáceos y moluscos",,100,gr,47,10.7,0,0.5,0,250,0.04,0.14,4.1,,0.1,17,0,0,0,0.4,,,128,,24,51,,130,43,45,56,1.3,88.8,40,0.05,0.03,0.13,,True,True,Comida / cena,"Fuente: Moreiras y cols., Tablas de composición de alimentos (Pirámide). Sinónimo de ""Almejas"" en el libro.",False
,Cigalas,"Mariscos, crustáceos y moluscos",,100,gr,93,20.1,0,1.4,0,9,0.05,0.04,7.4,,0.1,17,1,0,0,1.5,,,220,,1.9,76,,259,266,130,146,3.6,78.5,200,0.22,0.3,0.45,,True,False,Comida / cena,"Fuente: Moreiras y cols., Tablas de composición de alimentos (Pirámide).",True
,Gambas,"Mariscos, crustáceos y moluscos",,100,gr,93,20.1,0,1.4,0,9,0.05,0.04,7.4,,0.1,5,1,0,0,1.5,,,220,,1.9,76,,259,266,24.3,146,3.6,78.5,200,0.22,0.3,0.45,,True,False,Comida / cena,"Fuente: Moreiras y cols., Tablas de composición de alimentos (Pirámide).",True
,"Gambas congeladas, peladas","Mariscos, crustáceos y moluscos",,100,gr,93,20.1,0,1.4,0,9,0.05,0.04,7.4,,0.1,5,1,0,0,1.5,,,220,,1.9,76,,259,266,24.3,146,3.6,78.5,200,0.22,0.3,0.45,,True,False,Comida / cena,"Fuente: Moreiras y cols., Tablas de composición de alimentos (Pirámide).",True
,Langosta,"Mariscos, crustáceos y moluscos",,100,gr,91,18.3,0,2,0,0,0.12,0.11,5.3,,0.06,17,1,0,0,1.5,,,60,,0.7,34,,261,220,99,270,2.3,79.7,150,0.24,0.38,0.74,,True,True,Comida / cena,"Fuente: Moreiras y cols., Tablas de composición de alimentos (Pirámide). Sinónimo de ""Bogavante"" en el libro.",False
,Langostinos,"Mariscos, crustáceos y moluscos",,100,gr,93,20.1,0,1.4,0,9,0.05,0.04,7.4,,0.1,2,1,0,0,1.5,,,220,,1.9,76,,259,266,24.3,146,3.6,78.5,200,0.22,0.3,0.45,,True,False,Comida / cena,"Fuente: Moreiras y cols., Tablas de composición de alimentos (Pirámide).",True
,Mejillón,"Mariscos, crustáceos y moluscos",,100,gr,60,10.8,0,1.9,0,0,0.1,0.14,3,,0.08,33,8,0,0,0.9,,,80,,4.5,23,,236,92,56,210,1.8,87.3,58,0.41,0.35,0.52,,True,False,Comida / cena,"Fuente: Moreiras y cols., Tablas de composición de alimentos (Pirámide).",True
,Nécoras y similares,"Mariscos, crustáceos y moluscos",,100,gr,124,19.5,0,5.1,0,0,0.1,0.15,6.3,,0.35,20,0,0,0,,,,30,,1.3,48,,176,270,3,370,3.8,75.4,100,0.77,1.26,2.42,,True,True,Comida / cena,"Fuente: Moreiras y cols., Tablas de composición de alimentos (Pirámide). Sinónimo de ""Cangrejos y similares"" en el libro.",False
,Ostras,"Mariscos, crustáceos y moluscos",,100,gr,53,10.2,0,1.4,0,88,0.15,0.25,3.8,,0.03,15,15,0,0,0.85,,,130,,6.5,44,,172,260,28,510,52,88.4,50,0.31,0.15,0.45,,True,False,Comida / cena,"Fuente: Moreiras y cols., Tablas de composición de alimentos (Pirámide).",True
,Percebes,"Mariscos, crustáceos y moluscos",,100,gr,59,13.6,0,0.5,0,0,0.3,0.6,3,,0.22,7,15,0,0,0.85,,,126,,0.3,94,,157,330,28.8,18,0.5,85.9,14,0.01,0.01,0.01,,True,False,Comida / cena,"Fuente: Moreiras y cols., Tablas de composición de alimentos (Pirámide).",True
,Pulpo,"Mariscos, crustáceos y moluscos",,100,gr,51,10.6,0,1,0,70,0.08,0.04,3.5,,0.36,13,3,0,,2.1,,,144,,1.7,28,,170,230,44.8,363,1.7,88.4,48,0.21,0.14,0.36,,True,False,Comida / cena,"Fuente: Moreiras y cols., Tablas de composición de alimentos (Pirámide).",True
,"Quisquilla, camarón","Mariscos, crustáceos y moluscos",,100,gr,82,17.6,1.5,0.6,0,0,0.04,0.1,3.2,,0.05,12,7,0,0,2.9,,,79,,1.6,34,,180,330,24.3,190,1.5,80.3,195,0.1,0.2,0.1,,True,False,Comida / cena,"Fuente: Moreiras y cols., Tablas de composición de alimentos (Pirámide).",True
,Sepia,"Mariscos, crustáceos y moluscos",,100,gr,71,16.1,0,0.7,0,0,0.04,0.48,7.1,,0.39,13,2,0,0,2.4,,,59,,3.4,30,,270,310,65,370,1.2,83.2,110,0.2,0.1,0.2,,True,False,Comida / cena,"Fuente: Moreiras y cols., Tablas de composición de alimentos (Pirámide).",True
,Vieira,"Mariscos, crustáceos y moluscos",,100,gr,84,19,0,0.9,0,49,0.04,0.1,6.4,,0.14,17,1.8,0,0,0.4,,,120,,2.4,38,,315,480,51,270,1.3,80.1,40,0.23,0.09,0.23,,True,False,Comida / cena,"Fuente: Moreiras y cols., Tablas de composición de alimentos (Pirámide).",True
,"Arenque y otros pescados ricos en grasa, salados o ahumados",Pescados,,100,gr,202,21,0,13.1,0,40,0.05,0.17,7.9,,,16,9,0,17,,,,64,,1.5,35,,280,420,30,1880,0.5,65.9,70,2.89,5.73,2.82,,True,False,Comida / cena,"Fuente: Moreiras y cols., Tablas de composición de alimentos (Pirámide).",True
,Bacalao salado remojado,Pescados,,100,gr,108,26,0,0.4,0,15,,,,,,0,5,0,0,,,,,,,,,157,100,28,1170,,73.6,50,0.1,0.05,0.2,,True,False,Comida / cena,"Fuente: Moreiras y cols., Tablas de composición de alimentos (Pirámide).",True
,"Bacalao y otros pescados pobres en grasa, salados o ahumados",Pescados,,100,gr,131,31.6,0,0.5,0,15,0.14,0.2,10.5,,0.6,12,5,0,0,1.3,,,51,,1.4,62,,298,390,28,8100,1,67.9,50,0.09,0.05,0.2,,True,False,Comida / cena,"Fuente: Moreiras y cols., Tablas de composición de alimentos (Pirámide).",True
,Caballa ahumada,Pescados,,100,gr,250,20.5,0,18.7,0,39,0.14,0.306,8.32,,0.46,14.8,6,0,8,0.25,,,28.1,,0.88,41.4,,191,312,35.4,898,0.68,59,105,4.09,4.5,6.3,,True,False,Comida / cena,"Fuente: Moreiras y cols., Tablas de composición de alimentos (Pirámide).",True
,Salmón ahumado,Pescados,,100,gr,142,25.4,0,4.5,0,13,0.16,0.17,13.5,,0.28,2,3,0,19,1.7,,,19,,0.6,32,,250,420,24,1880,0.4,70.1,50,0.8,1.9,1.3,,True,False,Comida / cena,"Fuente: Moreiras y cols., Tablas de composición de alimentos (Pirámide).",True
,Sardinas saladas o ahumadas,Pescados,,100,gr,202,21,0,13.1,0,40,0.05,0.17,7.9,,,16,9,0,17,,,,64,,1.5,35,,280,420,30,1880,0.5,65.9,70,2.89,5.73,2.82,,True,False,Comida / cena,"Fuente: Moreiras y cols., Tablas de composición de alimentos (Pirámide).",True
,Anchoas en aceite,Pescados,,100,gr,195,27.4,0.4,9.3,0,67.4,0,0.21,3.8,,0.19,18.5,3.4,0,11.8,0.98,,,273,,4.2,54.8,,300,230,36.5,3930,3.4,62.9,70.6,1.22,5.04,3.04,,True,False,Comida / cena,"Fuente: Moreiras y cols., Tablas de composición de alimentos (Pirámide).",True
,Atún en aceite,Pescados,,100,gr,317,24,0,24.5,0,60,0.04,0.11,17.1,,0.44,15,5,0,25,6.3,,,40,,1.3,28,,308,280,30,420,0.8,51.5,65,4.01,7.75,12.7,,True,False,Comida / cena,"Fuente: Moreiras y cols., Tablas de composición de alimentos (Pirámide).",True
,"Atún en conserva, al natural, escurrido",Pescados,,100,gr,108,24.5,0,1.1,0,26,0.02,0.09,12.8,,0.4,7,3.5,0,3.75,0.73,,,9,,1.3,28,,176,254,,368,0.7,73.3,53,0.35,0.24,0.33,,True,False,Comida / cena,"Fuente: Moreiras y cols., Tablas de composición de alimentos (Pirámide).",True
,Atún en escabeche,Pescados,,100,gr,171,15,0.8,12,0,50,0.04,0.1,15.9,,0.42,10,3,0,20,0.55,,,21,,1,20,,200,275,30,875,1,72.2,80,2.91,4.63,2.93,,True,False,Comida / cena,"Fuente: Moreiras y cols., Tablas de composición de alimentos (Pirámide).",True
,Bonito en aceite,Pescados,,100,gr,317,24,0,24.5,0,60,0.04,0.11,17.1,,0.44,15,5,0,25,6.3,,,40,,1.3,28,,308,280,30,420,0.8,51.5,65,4.01,7.75,12.7,,True,True,Comida / cena,"Fuente: Moreiras y cols., Tablas de composición de alimentos (Pirámide). Sinónimo de ""Atún en aceite"" en el libro.",False
,Bonito en escabeche,Pescados,,100,gr,171,15,0.8,12,0,50,0.04,0.1,15.9,,0.42,10,3,0,20,0.55,,,21,,1,20,,204,275,30,875,1,72.2,80,2.91,4.63,2.93,,True,True,Comida / cena,"Fuente: Moreiras y cols., Tablas de composición de alimentos (Pirámide). Sinónimo de ""Atún en escabeche"" en el libro.",False
,Caballa y otros pescados en aceite,Pescados,,100,gr,317,24,0,24.5,0,60,0.04,0.11,17.1,,0.44,15,5,0,25,6.3,,,40,,1.3,28,,308,280,30,420,0.8,51.5,65,4.01,7.75,12.7,,True,True,Comida / cena,"Fuente: Moreiras y cols., Tablas de composición de alimentos (Pirámide). Sinónimo de ""Atún en aceite"" en el libro.",False
,Caballa y otros pescados en escabeche,Pescados,,100,gr,171,15,0.8,12,0,50,0.04,0.1,15.9,,0.42,10,3,0,20,0.55,,,21,,1,20,,244,275,30,875,1,72.2,80,2.91,4.63,2.93,,True,True,Comida / cena,"Fuente: Moreiras y cols., Tablas de composición de alimentos (Pirámide). Sinónimo de ""Atún en escabeche"" en el libro.",False
,Sardinas en aceite,Pescados,,100,gr,224,22.2,0,15,0,50,0.03,0.28,8.2,,0.48,8,28,0,7,0.3,,,400,,3.2,52,,341,430,50,650,3,62.8,100,2.44,6.81,5.3,,True,False,Comida / cena,"Fuente: Moreiras y cols., Tablas de composición de alimentos (Pirámide).",True
,Sardinas en escabeche,Pescados,,100,gr,131,15,0.8,7.5,0,58,0.11,0.34,5.9,,0.96,7,26,0,7,1.6,,,30,,0.9,26,,280,260,30,760,0.4,76.7,100,2.64,1.8,2.28,,True,False,Comida / cena,"Fuente: Moreiras y cols., Tablas de composición de alimentos (Pirámide).",True
,Sardinas en salsa de tomate,Salsas y condimentos,,100,gr,260,16.8,0.5,21.2,0,18,0.03,0.23,4.3,,0.21,18,10.3,0.5,9.8,1.4,,,390,,3.1,43,,370,376,,570,,61.5,85,3.2,4.9,13.1,,True,False,Comida / cena,"Fuente: Moreiras y cols., Tablas de composición de alimentos (Pirámide).",True
,"Almejas y similares, en conserva, al natural","Mariscos, crustáceos y moluscos",,100,gr,47,10.7,0,0.5,0,250,0.04,0.14,4.1,,0.03,12.8,0,,0,0.37,,,128,,24,51,,204,43,45,3520,1.3,88.8,40,0.05,0.03,0.13,,True,False,Comida / cena,"Fuente: Moreiras y cols., Tablas de composición de alimentos (Pirámide).",True
,"Berberechos y similares, en conserva, al natural","Mariscos, crustáceos y moluscos",,100,gr,47,10.7,0,0.5,0,250,0.04,0.14,4.1,,0.03,12.8,0,,0,0.37,,,128,,24,51,,204,43,45,3520,1.3,88.8,40,0.05,0.03,0.13,,True,True,Comida / cena,"Fuente: Moreiras y cols., Tablas de composición de alimentos (Pirámide). Sinónimo de ""Almejas y similares, en conserva, al natural"" en el libro.",False
,Calamares y similares en conserva,"Mariscos, crustáceos y moluscos",,100,gr,88,17,0.5,2,0,70,0.07,0.14,3.6,,0.03,3.4,1.3,0,0,0.82,,,78,,1.7,36,,185,93,44.8,425,1.2,80.5,200,0.52,0.15,0.74,,True,False,Comida / cena,"Fuente: Moreiras y cols., Tablas de composición de alimentos (Pirámide).",True
,Mejillón en conserva al natural,"Mariscos, crustáceos y moluscos",,100,gr,82,12,2,2.9,0,53.1,0.1,0.14,3,,0.06,13,7.7,0,0,1.2,,,80,,4.5,23,,145,320,45,290,1.8,83.1,100,0.51,0.54,0.79,,True,False,Comida / cena,"Fuente: Moreiras y cols., Tablas de composición de alimentos (Pirámide).",True
,Mejillón en escabeche,"Mariscos, crustáceos y moluscos",,100,gr,169,10.7,0,14,0,53.1,0.1,0.13,3.2,,0.06,13,7.7,0,0,1.33,,,45.3,,3.7,20.4,,200,282,56,296,1.6,75.3,61.9,2.8,2.7,8.5,,True,False,Comida / cena,"Fuente: Moreiras y cols., Tablas de composición de alimentos (Pirámide).",True
,Aguardientes (50% vol.),Bebidas alcohólicas,,100,gr,390,0,27.6,0,0,0,0,0,0,,0,0,0,0,0,0,,,0,,0,0,,5,0,0,0,0,72.4,0,0,0,0,,False,False,Comida / cena,"Fuente: Moreiras y cols., Tablas de composición de alimentos (Pirámide).",False
,Anises (50% vol.),Bebidas alcohólicas,,100,gr,390,0,27.6,0,0,0,0,0,0,,0,0,0,0,0,0,,,0,,0,0,,5,0,0,0,0,72.4,0,0,0,0,,False,True,Comida / cena,"Fuente: Moreiras y cols., Tablas de composición de alimentos (Pirámide). Sinónimo de ""Aguardientes (50% vol.)"" en el libro.",False
,Bíter (16% vol.),Bebidas alcohólicas,,100,gr,152,0,16.1,0,0,0,0,0,0,,0,0,0,0,0,0,,,0,,0,0,,0,2,0,2,0.1,83.9,0,0,0,0,,True,False,Comida / cena,"Fuente: Moreiras y cols., Tablas de composición de alimentos (Pirámide).",False
,Cava (14% vol.),Bebidas alcohólicas,,100,gr,87,0.3,1.4,0,0,0,0,0.01,0.1,,0.02,0,0,0,0,0,,,3,,0.5,6,,7,57,0,4,0,98.3,0,0,0,0,,True,False,Comida / cena,"Fuente: Moreiras y cols., Tablas de composición de alimentos (Pirámide).",False
,Cerveza (4% vol.),Bebidas alcohólicas,,100,gr,33,0.3,2.4,0,0.2,0,0,0.03,0.4,,,4.1,0.14,0,0,0,,,7,,0.01,6,,20,43,0,11,0.02,97.3,0,0,0,0,,True,False,Comida / cena,"Fuente: Moreiras y cols., Tablas de composición de alimentos (Pirámide).",False
,Cerveza baja en alcohol (1% vol.),Bebidas alcohólicas,,100,gr,13,0.2,2.1,0,0.2,0,0,0.02,0.7,,0.05,3,0,0,0,0,,,10,,0,6,,20,34,,7,0,97.7,0,0,0,0,,True,False,Comida / cena,"Fuente: Moreiras y cols., Tablas de composición de alimentos (Pirámide).",False
,Cerveza oscura (8% vol.),Bebidas alcohólicas,,100,gr,66.5,0.6,5.3,0,0.2,0,0,0.05,0.81,,0.05,9.5,0.28,0,0,0,,,11,,0.05,16.5,,33.5,92,,11.5,0.01,94.1,0,0,0,0,,True,False,Comida / cena,"Fuente: Moreiras y cols., Tablas de composición de alimentos (Pirámide).",False
,Coñac (40% vol.),Bebidas alcohólicas,,100,gr,233,0,0.4,0,0,0,0,0,0,,0,0,0,0,0,0,,,0,,0,0,,5,0,0,0,0,99.6,0,0,0,0,,False,False,Comida / cena,"Fuente: Moreiras y cols., Tablas de composición de alimentos (Pirámide).",False
,Champán (14% vol.),Bebidas alcohólicas,,100,gr,87,0.3,1.4,0,0,0,0,0.01,0.1,,0.02,0,0,0,0,0,,,3,,0.5,6,,7,57,0,4,0,98.3,0,0,0,0,,True,True,Comida / cena,"Fuente: Moreiras y cols., Tablas de composición de alimentos (Pirámide). Sinónimo de ""Cava (14% vol.)"" en el libro.",False
,Ginebra (40% vol.),Bebidas alcohólicas,,100,gr,233,0,0.4,0,0,0,0,0,0,,0,0,0,0,0,0,,,0,,0,0,,5,0,0,0,0,99.6,0,0,0,0,,False,True,Comida / cena,"Fuente: Moreiras y cols., Tablas de composición de alimentos (Pirámide). Sinónimo de ""Coñac (40% vol.)"" en el libro.",False
,Licores (50% vol.),Bebidas alcohólicas,,100,gr,390,0,27.6,0,0,0,0,0,0,,0,0,0,0,0,0,,,0,,0,0,,5,0,0,0,0,72.4,0,0,0,0,,False,False,Comida / cena,"Fuente: Moreiras y cols., Tablas de composición de alimentos (Pirámide).",False
,Ron (40% vol.),Bebidas alcohólicas,,100,gr,233,0,0.4,0,0,0,0,0,0,,0,0,0,0,0,0,,,0,,0,0,,5,0,0,0,0,99.6,0,0,0,0,,False,True,Comida / cena,"Fuente: Moreiras y cols., Tablas de composición de alimentos (Pirámide). Sinónimo de ""Coñac (40% vol.)"" en el libro.",False
,Sangría (10% vol.),Bebidas alcohólicas,,100,gr,71,0.2,3.8,0,0,1,0.01,0.01,0.07,,0.02,0,0,4,0,0.01,,,7,,0.5,10,,9,78,0,3,0.3,96,0,0,0,0,,True,False,Comida / cena,"Fuente: Moreiras y cols., Tablas de composición de alimentos (Pirámide).",False
,Sidra (5% vol.),Bebidas alcohólicas,,100,gr,43,0,4,0,0,0,0,0,0.01,,0,2,0,0,0,0,,,6,,0.3,3,,,72,0,7,0,96,0,0,0,0,,True,False,Comida / cena,"Fuente: Moreiras y cols., Tablas de composición de alimentos (Pirámide).",False
,Tequila (48% vol.),Bebidas alcohólicas,,100,gr,266,0,0,0,0,0,0,0,0,,0,0,0,0,0,0,,,0,,0.1,0,,10,0,0,2,0,100,0,0,0,0,,True,False,Comida / cena,"Fuente: Moreiras y cols., Tablas de composición de alimentos (Pirámide).",False
,Vermú (17% vol.),Bebidas alcohólicas,,100,gr,134,0.1,10,0,0,0,0,0,0,,0,0,0,0,0,0,,,6,,0.4,4,,4,30,0,28,0,89.9,0,0,0,0,,True,False,Comida / cena,"Fuente: Moreiras y cols., Tablas de composición de alimentos (Pirámide).",False
,"Vino de mesa (tinto, blanco, rosado) (13% vol.)",Bebidas alcohólicas,,100,gr,77.6,0.1,1.1,0,0.15,0,0,0.01,0.1,,0.03,0.1,0,0,0,0,,,8.7,,0.7,8,,10,110,0,7,0.1,98.8,0,0,0,0,,True,False,Comida / cena,"Fuente: Moreiras y cols., Tablas de composición de alimentos (Pirámide).",False
,"Vinos dulces (Málaga, Oporto, Moscatel) (19% vol.)",Bebidas alcohólicas,,100,gr,160,0.2,13,0,0,0,0,0.01,0.06,,0.01,0.1,0,0,0,0,,,4,,0.4,11,,12,97,0,4,,86.8,0,0,0,0,,True,False,Comida / cena,"Fuente: Moreiras y cols., Tablas de composición de alimentos (Pirámide).",False
,"Vinos finos (Jerez, manzanilla, etc.) (20% vol.)",Bebidas alcohólicas,,100,gr,124,0.1,3,0,0,0,0,0.01,0.1,,0.02,0,0,0,0,0,,,8,,0.4,5,,10,55,0,27,0,96.9,0,0,0,0,,True,False,Comida / cena,"Fuente: Moreiras y cols., Tablas de composición de alimentos (Pirámide).",False
,Vodka (40% vol.),Bebidas alcohólicas,,100,gr,235,0,0,0,0,0,0.01,0.01,0,,0,0,0,0,0,0,,,0,,0.01,0,,5,1,0,1,0,100,0,0,0,0,,True,False,Comida / cena,"Fuente: Moreiras y cols., Tablas de composición de alimentos (Pirámide).",False
,Whisky (40% vol.),Bebidas alcohólicas,,100,gr,233,0,0.4,0,0,0,0,0,0,,0,0,0,0,0,0,,,0,,0,0,,5,0,0,0,0,99.6,0,0,0,0,,False,True,Comida / cena,"Fuente: Moreiras y cols., Tablas de composición de alimentos (Pirámide). Sinónimo de ""Coñac (40% vol.)"" en el libro.",False
,Agua,Bebidas no alcohólicas,,100,gr,0,0,0,0,0,0,0,0,0,,0,0,0,0,0,0,,,,,,,,,,,,,100,0,0,0,0,,False,False,,"Fuente: Moreiras y cols., Tablas de composición de alimentos (Pirámide). No proponer al generar dietas.",False
,Batido fermentado de soja,Alternativas vegetales,,100,gr,83,5,3.9,5.25,0,0,0.06,0.27,0.1,,0.07,19,0,0,0,0.74,,,100,,0.4,15,,47,120,,32,0.2,85.9,0,0.65,0.97,2.58,,True,False,,"Fuente: Moreiras y cols., Tablas de composición de alimentos (Pirámide).",True
,Bebida isotónica,Bebidas no alcohólicas,,100,gr,33,0,8.2,0,0,0,0.3,0.1,0.2,,0,0,0,11.2,0,0,,,3.42,,0,0.39,,0.88,1.91,,22.03,0,91.8,0,0,0,0,,True,False,,"Fuente: Moreiras y cols., Tablas de composición de alimentos (Pirámide).",True
,Bíter sin alcohol,Bebidas no alcohólicas,,100,gr,42,0,10.5,0,0,0,0,0,0,,,0,0,0,0,,,,4,,0,1,,15,1,0,8,0,89.5,0,0,0,0,,True,False,,"Fuente: Moreiras y cols., Tablas de composición de alimentos (Pirámide).",True
,Café soluble en polvo,Bebidas no alcohólicas,,100,gr,102,14,11,0,0,,0,0.11,24.9,,0.03,0,0,0,0,,,,160,,4.4,390,,350,4000,0,41,0.5,74.4,0,,,,,True,False,,"Fuente: Moreiras y cols., Tablas de composición de alimentos (Pirámide).",True
,"Café, infusión",Bebidas no alcohólicas,,100,gr,4,0.3,0.8,0,0,,0.01,0.01,0.7,,0,0,0,,0,0,,,5,,0.2,6,,5,66,0,3.5,,98.9,0,,,,,True,False,,"Fuente: Moreiras y cols., Tablas de composición de alimentos (Pirámide).",True
,Cereales malteados en polvo,Bebidas no alcohólicas,,100,gr,110,12.3,2.6,5.6,0,0,1,2,15,,0,0,0,0,0,0,,,250,,2,100,,450,943,,254,0,79.5,0,0,0,0,,True,False,,"Fuente: Moreiras y cols., Tablas de composición de alimentos (Pirámide).",True
,Cerveza sin alcohol,Bebidas no alcohólicas,,100,gr,8,0.4,1.5,0,0.15,0,0,0.02,1,,0.03,5,0,0,0,0,,,3,,0,7,,19,44,0,2,0,98.1,0,0,0,0,,True,False,,"Fuente: Moreiras y cols., Tablas de composición de alimentos (Pirámide).",True
,Colas,Bebidas no alcohólicas,,100,gr,42,0,10.5,0,0,0,0,0,0,,,0,0,0,0,,,,4,,0,1,,15,1,0.1,8,0,89.5,0,0,0,0,,True,False,,"Fuente: Moreiras y cols., Tablas de composición de alimentos (Pirámide).",True
,Colas sin calorías,Bebidas no alcohólicas,,100,gr,0.32,0.01,0.07,0,0,0,0,0,0,,,0,0,0,0,,,,4,,0,1,,15,1,0.1,8,0,99.9,0,0,0,0,,True,False,,"Fuente: Moreiras y cols., Tablas de composición de alimentos (Pirámide).",True
,Gaseosas,Bebidas no alcohólicas,,100,gr,42,0,10.5,0,0,0,0,0,0,,,0,0,0,0,,,,4,,0,1,,15,1,0,8,0,89.5,0,0,0,0,,True,True,,"Fuente: Moreiras y cols., Tablas de composición de alimentos (Pirámide). Sinónimo de ""Colas"" en el libro.",False
,Gaseosas sin calorías,Bebidas no alcohólicas,,100,gr,0.32,0.01,0.07,0,0,0,0,0,0,,,0,0,0,0,,,,4,,0,1,,15,1,0,8,0,99.9,0,0,0,0,,True,True,,"Fuente: Moreiras y cols., Tablas de composición de alimentos (Pirámide). Sinónimo de ""Colas sin calorías"" en el libro.",False
,Horchata de chufa,Bebidas no alcohólicas,,100,gr,84.7,1.1,13.5,2.9,0.1,0,0.02,0,0.13,,0,2,0,0.03,0,0,,,29,,1.2,19,,50,92.4,,9.3,0.95,82.4,0,0.41,2.07,0.27,,True,False,,"Fuente: Moreiras y cols., Tablas de composición de alimentos (Pirámide).",True
,Leche de arroz,Alternativas vegetales,,100,gr,48,0.3,9.2,0.97,0.3,0.3,0.027,0.142,0.39,,0.039,2,0,0,0,0.47,,,10,,0.2,11,,56,27,2.2,39,0.13,89.3,0,0,0.625,0.313,,True,False,Comida / cena,"Fuente: Moreiras y cols., Tablas de composición de alimentos (Pirámide).",True
,Leche de avena,Alternativas vegetales,,100,gr,47,1,8.7,0.7,0.8,0,0.03,0.01,0.4,,0.01,4.6,0,0,0,0.4,,,7,,0.6,13.4,,43,41,0.9,50,0.5,89.6,0,0.1,0.4,0.2,,True,False,,"Fuente: Moreiras y cols., Tablas de composición de alimentos (Pirámide).",True
,"Néctar de frutas, envasado",Bebidas no alcohólicas,,100,gr,54,0.4,13.2,0,0,16.67,0.04,0.03,0.25,,0.01,5,0,15,0,0.3,,,15,,0.1,8,,10,120,,3,0,86.4,0,0,0,0,,True,False,,"Fuente: Moreiras y cols., Tablas de composición de alimentos (Pirámide).",True
,Refrescos,Bebidas no alcohólicas,,100,gr,42,0,10.5,0,0,0,0,0,0,,,0,0,0,0,,,,4,,0,1,,15,1,0,8,0,89.5,0,0,0,0,,True,True,,"Fuente: Moreiras y cols., Tablas de composición de alimentos (Pirámide). Sinónimo de ""Colas"" en el libro.",False
,Refrescos sin calorías,Bebidas no alcohólicas,,100,gr,0.32,0.01,0.07,0,0,0,0,0,0,,,0,0,0,0,,,,4,,0,1,,15,1,0,8,0,99.9,0,0,0,0,,True,True,,"Fuente: Moreiras y cols., Tablas de composición de alimentos (Pirámide). Sinónimo de ""Colas sin calorías"" en el libro.",False
,Sorbete de limón,Postres y helados,,100,gr,140,0.9,34.2,0,0,0,0,0.04,0.3,,0.01,1,0,0,0,0,,,2,,0,2,,5,42,1,18,1,64.9,0,,,,,True,False,"Media mañana / merienda, Comida / cena","Fuente: Moreiras y cols., Tablas de composición de alimentos (Pirámide).",True
,"Té, infusión (sin azúcar)",Bebidas no alcohólicas,,100,gr,0,0.1,0,0,0,0,0,0.01,0.1,,0,0,0,0,0,,,,0,,0,1,,1,17,0,0,0,99.9,0,0,0,0,,True,False,,"Fuente: Moreiras y cols., Tablas de composición de alimentos (Pirámide).",True
,Tónica,Bebidas no alcohólicas,,100,gr,38,0,9.5,0,0,0,0.01,0.02,0.01,,0,0,0,0,0,0.01,,,2,,0,0,,0,0,,2,0,90.5,0,0,0,0,,True,False,,"Fuente: Moreiras y cols., Tablas de composición de alimentos (Pirámide).",True
,Zumo de cítricos,Bebidas no alcohólicas,,100,gr,42,0.3,10.1,0,0,4,0,0,0,,,0,0,30,0,,,,7,,0.2,7,,17,1,1,7,,89.6,0,0,0,0,,True,False,,"Fuente: Moreiras y cols., Tablas de composición de alimentos (Pirámide).",True
,Zumo de frutas no cítricas,Bebidas no alcohólicas,,100,gr,48,0.4,11.5,0,0,6.6,0.04,0.01,0.3,,,3,0,18.5,0,,,,9,,0.5,10,,10,125,1,1,,88.1,0,0,0,0,,True,False,,"Fuente: Moreiras y cols., Tablas de composición de alimentos (Pirámide).",True
,Zumo de lima,Bebidas no alcohólicas,,100,gr,37,0.4,8.4,0.07,0.4,2,0.025,0.015,0.142,,0.038,10,0,30,0,0.22,,,14,,0.09,8,,14,117,0.1,2,0.08,90.8,0,0.008,0.008,0.023,,True,False,,"Fuente: Moreiras y cols., Tablas de composición de alimentos (Pirámide).",True
,Zumo de limón,Bebidas no alcohólicas,,100,gr,8,0.3,1.6,0,0.1,2,0.03,0.01,0.1,,0.05,13,0,36,0,,,,7,,0.1,7,,8,130,1,1,0,98,0,0,0,0,,True,False,,"Fuente: Moreiras y cols., Tablas de composición de alimentos (Pirámide).",True
,Zumo de mandarina,Bebidas no alcohólicas,,100,gr,45,0.5,10.1,0.2,0.2,13,0.06,0.02,0.1,,0.042,5,0,31,0,0.13,,,18,,0.2,8,,14,178,0.1,1,0.03,88.9,0,0.024,0.036,0.04,,True,False,,"Fuente: Moreiras y cols., Tablas de composición de alimentos (Pirámide).",True
,Zumo de manzana,Bebidas no alcohólicas,,100,gr,48,0.1,11.8,0,0.01,0,0.02,0.02,0.1,,0.04,3,0,1.4,0,0,,,6.9,,0.26,4.2,,7,116,0.1,2.12,0.12,88.1,0,0,0,0,,True,False,,"Fuente: Moreiras y cols., Tablas de composición de alimentos (Pirámide).",True
,Zumo de melocotón,Bebidas no alcohólicas,,100,gr,65,1.1,14.9,0,0.75,21.7,0.02,0.05,1.27,,0.05,8.2,0,7,0,,,,6,,0.77,12,,25,241,0.3,8,0.22,83.3,0,0,0,0,,True,False,,"Fuente: Moreiras y cols., Tablas de composición de alimentos (Pirámide).",True
,Zumo de naranja,Bebidas no alcohólicas,,100,gr,43,0.5,10.2,0,0.1,13,0.08,0.02,0.3,,0.05,20,0,39,0,0.12,,,10,,0.3,9,,15,150,1,5,0.12,89.2,0,0,0,0,,True,False,,"Fuente: Moreiras y cols., Tablas de composición de alimentos (Pirámide).",True
,Zumo de naranja natural,Bebidas no alcohólicas,,100,gr,43,0.6,10,0,0.1,10,0.08,0.03,0.3,,0.04,37,0,40,0,0.09,,,15.5,,0.2,10,,19,166,,1,0.17,89.3,0,,,,,True,False,,"Fuente: Moreiras y cols., Tablas de composición de alimentos (Pirámide).",True
,Zumo de piña,Bebidas no alcohólicas,,100,gr,51,0.4,12.1,0.1,0.1,5,0.05,0.02,0.2,,0.1,7.5,0,10,0,0.03,,,12,,0.7,12,,10,140,1.2,1,0.1,87.3,0,,,,,True,False,,"Fuente: Moreiras y cols., Tablas de composición de alimentos (Pirámide).",True
,Zumo de pomelo,Bebidas no alcohólicas,,100,gr,35,0.4,8.3,0,0.01,0,0.04,0.01,0.2,,0.02,6,0,31,0,0.1,,,9.3,,0.2,8,,13,120,0.1,2,0.19,91.3,0,,,,,True,False,,"Fuente: Moreiras y cols., Tablas de composición de alimentos (Pirámide).",True
,Zumo de tomate,Bebidas no alcohólicas,,100,gr,16,0.8,3,0,0.6,33,0.02,0.02,0.8,,0.06,10,0,8,0,1.01,,,10,,0.4,10,,19,230,0,230,0.1,95.6,0,,,,,True,False,,"Fuente: Moreiras y cols., Tablas de composición de alimentos (Pirámide).",True
,Zumo de uva,Bebidas no alcohólicas,,100,gr,66,0.4,16.1,0,,0.8,0.03,0.03,0.24,,0.04,2.8,0,1.5,0,0.04,,,11,,0.33,10,,12,140,0.1,3,0.11,83.5,0,,,,,True,False,,"Fuente: Moreiras y cols., Tablas de composición de alimentos (Pirámide).",True
,Zumo de zanahoria,Bebidas no alcohólicas,,100,gr,24,0.6,4.8,0.2,0,433,,,,,,,0,3.8,0,,,,27,,,,,31,219,0.6,52,,94.6,0,0.027,0.007,0.071,,True,False,,"Fuente: Moreiras y cols., Tablas de composición de alimentos (Pirámide).",True
,Albahaca fresca,Especias y hierbas,,100,gr,25,2.5,0.44,0.61,3.9,524,0.03,0.07,0.93,,0.13,64,0,18,0,,,,154,,3.17,81,,69,462,0.3,4,0.85,92.5,0,0.04,0.09,0.39,,True,False,,"Fuente: Moreiras y cols., Tablas de composición de alimentos (Pirámide).",False
,Albahaca seca,Especias y hierbas,,100,gr,256,14.4,20.5,3.98,40.5,931,0.15,0.32,6.95,,2.32,274,0,61.2,0,7.48,,,2113,,42,422,,490,3433,2.8,34,5.82,20.6,0,0.24,0.45,2.17,,True,False,,"Fuente: Moreiras y cols., Tablas de composición de alimentos (Pirámide).",False
,Alcaparras,Salsas y condimentos,,100,gr,44,2.4,4.9,0.9,3.2,14,0.02,0.14,0.65,,0.02,,0,4.3,0,0.9,,,40,,1.67,33,,10,40,1.2,2964,0.32,88.6,0,0.23,0.06,0.3,,True,False,Comida / cena,"Fuente: Moreiras y cols., Tablas de composición de alimentos (Pirámide).",True
,"Alcaravea, semillas",Especias y hierbas,,100,gr,486,19.8,49.9,14.6,38,18,0.383,0.379,3.606,,0.36,10,0,21,0,2.5,,,689,,16.23,258,,568,1351,12.1,17,5.5,9.9,0,0.62,7.125,3.272,,True,False,,"Fuente: Moreiras y cols., Tablas de composición de alimentos (Pirámide).",False
,Alioli,Salsas y condimentos,,100,gr,796,0.5,2.8,86.9,0.1,0,0.02,0,0.03,,0.04,1,0,0,0,10.5,,,2,,0.1,7,,16,52,0.2,565,0.1,9.7,0,12.6,61.7,8.7,,True,False,Comida / cena,"Fuente: Moreiras y cols., Tablas de composición de alimentos (Pirámide).",True
,Ajo en polvo,Especias y hierbas,,100,gr,331,16.6,72.7,0.73,9,0,0.435,0.141,0.796,,1.654,47,0,1.2,0,0.67,,,79,,5.7,77,,414,1193,23.9,60,2.99,6.45,0,0.249,0.115,0.178,,True,False,,"Fuente: Moreiras y cols., Tablas de composición de alimentos (Pirámide).",False
,Azafrán,Especias y hierbas,,100,gr,345,11.4,61.5,5.9,,,,,,,,0,0,0,0,,,,110,,11.1,,,250,1720,5.6,150,,21.2,0,,,,,True,False,,"Fuente: Moreiras y cols., Tablas de composición de alimentos (Pirámide).",False
,Caldo en cubitos,Platos preparados,,100,gr,207,20.2,,14,,,,,,,,,,,,,,,40,,1.2,32,,240,490,27.6,14560,0.8,65.8,,6.6,4.8,0.2,,True,False,Comida / cena,"Fuente: Moreiras y cols., Tablas de composición de alimentos (Pirámide). No proponer al generar dietas.",False
,Canela molida,Especias y hierbas,,100,gr,44,3.9,,3.2,,25.8,0.08,0.14,1.3,,0.25,29,0,28.5,0,0.01,,,1228,,38.1,55.6,,61.4,500,15,26.3,1.97,92.9,0,0.65,0.48,0.53,,True,False,,"Fuente: Moreiras y cols., Tablas de composición de alimentos (Pirámide).",False
,"Cardamomo, semillas",Especias y hierbas,,100,gr,433,10.8,68.5,6.7,28,0,0.198,0.182,1.102,,0.23,,0,21,0,0,,,383,,13.97,229,,178,1119,,18,7.47,8.3,0,0.68,0.87,0.43,,True,False,,"Fuente: Moreiras y cols., Tablas de composición de alimentos (Pirámide).",False
,Cebolla deshidratada en copos,Especias y hierbas,,100,gr,391,9,83.3,0.46,9.2,1,0.5,0.1,0.99,,1.6,166,0,75,0,0.18,,,257,,1.55,92,,303,1622,5,21,1.89,3.9,0,0.078,0.064,0.18,,True,False,,"Fuente: Moreiras y cols., Tablas de composición de alimentos (Pirámide).",False
,Chile jalapeño,Especias y hierbas,,100,gr,27,1.2,5.3,0.1,,20,0.06,0.04,0.6,,0.28,23,0,72,0,,,,25,,2,25,,,340,,7,0.3,93.4,0,0.01,0,0.05,,True,False,,"Fuente: Moreiras y cols., Tablas de composición de alimentos (Pirámide).",False
,Chile picante,Especias y hierbas,,100,gr,45,1.9,8,0.6,,16,0.09,0.13,1.5,,0.28,23,0,91,0,,,,20,,1.7,,,28,340,,7,0.3,89.5,0,0.06,0.03,0.33,,True,False,,"Fuente: Moreiras y cols., Tablas de composición de alimentos (Pirámide).",False
,Cilantro fresco,Especias y hierbas,,100,gr,57,3.3,8,0.7,2.8,337,0.15,0.28,1.6,,0.15,62,0,75,0,,,,188,,3,,,72,521,,46,0.5,85.2,0,0.01,0.28,0.04,,True,False,,"Fuente: Moreiras y cols., Tablas de composición de alimentos (Pirámide).",False
,Clavo,Especias y hierbas,,100,gr,454,6,57.4,20.1,9.6,53,0.115,0.267,1.458,,0,0,0,80.8,0,0,,,646,,8.68,264,,105,1102,,243,,6.9,0,5.438,1.47,7.088,,True,False,,"Fuente: Moreiras y cols., Tablas de composición de alimentos (Pirámide).",False
,Comino,Especias y hierbas,,100,gr,438,17.8,45.4,18.2,10.5,127,0.628,0.327,4.579,,0,0,0,7.7,0,0,,,931,,66.35,356,,499,1788,,168,,8.1,,,,,,True,False,,"Fuente: Moreiras y cols., Tablas de composición de alimentos (Pirámide).",False
,Curry,Especias y hierbas,,100,gr,435,15,60,15,,100,0.253,0.281,3.467,,0,0,0,11.4,0,0,,,500,,29.5,250,,350,1550,,50,,10,,,,,,True,False,,"Fuente: Moreiras y cols., Tablas de composición de alimentos (Pirámide).",False
,Eneldo,Especias y hierbas,,100,gr,340,19.9,42.2,4.4,26.2,293,0.42,0.28,0.28,,1.46,0,0,0,0,9.27,,,1780,,48.8,450,,540,3310,,210,3.3,7.3,,,,,,True,False,,"Fuente: Moreiras y cols., Tablas de composición de alimentos (Pirámide).",False
,Gelatina en polvo,Otros,,100,gr,338,84.4,0,0,0,0,0,0,0,,0,0,0,0,0,0,,,,,,,,0,22,,32,0.2,15.6,0,0,0,0,,True,False,,"Fuente: Moreiras y cols., Tablas de composición de alimentos (Pirámide). No proponer al generar dietas.",False
,Gelatina en tarrina,Postres y helados,,100,gr,62,1.22,14.2,0,0,0,0,0.006,0.001,,0,1,0,0,0,0,,,3,,0.02,1,,22,1,1.1,75,0.01,84.4,0,0,0,0,,True,False,"Media mañana / merienda, Comida / cena","Fuente: Moreiras y cols., Tablas de composición de alimentos (Pirámide).",True
,Guindilla en polvo,Especias y hierbas,,100,gr,331,12,31.7,17.3,,6135,0.33,0.92,11.3,,0,0,0,0,0,,,,150,,34.1,150,,290,2010,4,30,2,39,0,,,,,True,False,,"Fuente: Moreiras y cols., Tablas de composición de alimentos (Pirámide).",False
,Hinojo fresco,Especias y hierbas,,100,gr,20,1.1,2.3,0,3.3,32,0.08,0.02,0.68,,0.06,55,0,8,0,0.9,,,37,,0.5,12,,38,473,,15,0.5,93.3,0,0,0,0,,True,False,,"Fuente: Moreiras y cols., Tablas de composición de alimentos (Pirámide).",False
,Jengibre en polvo,Especias y hierbas,,100,gr,371,9.1,64,5.95,12.5,14.7,0.05,0.19,5.155,,0.84,39,0,7,0,18,,,116,,11.52,184,,148,1343,38.5,32,4.72,8.4,0,1.94,1,1.31,,True,False,,"Fuente: Moreiras y cols., Tablas de composición de alimentos (Pirámide).",False
,Jengibre fresco,Especias y hierbas,,100,gr,55,1.7,9.5,0.7,2,5.8,0.02,0.03,0.8,,0.16,11,0,4,0,0.26,,,17,,0.6,35,,27,330,0.7,11,0.4,86.1,0,0.2,0.15,0.15,,True,False,,"Fuente: Moreiras y cols., Tablas de composición de alimentos (Pirámide).",False
,Ketchup,Salsas y condimentos,,100,gr,104,2.1,24,0,0,38.3,1,0.09,2.4,,0.03,1,0,2,0,,,,25,,1.2,19,,43,590,0.8,1120,0.1,73.9,0,0,0,0,,True,False,Comida / cena,"Fuente: Moreiras y cols., Tablas de composición de alimentos (Pirámide).",True
,Laurel,Especias y hierbas,,100,gr,300,7.6,48.6,8.4,,618,0.01,0.42,3.9,,0,0,0,0,0,,,,830,,43,120,,110,530,2.8,25,3.7,35.4,0,,,,,True,False,,"Fuente: Moreiras y cols., Tablas de composición de alimentos (Pirámide).",False
,Levadura de panadería fresca,Otros,,100,gr,95,13.2,6,0.5,7,0,0.76,1.9,16,,0.93,1000,0,0,0,0,,,20,,3.8,115,,440,630,,25,0,73.3,0,0.22,0.13,0.06,,True,False,,"Fuente: Moreiras y cols., Tablas de composición de alimentos (Pirámide). No proponer al generar dietas.",False
,Levadura de panadería seca,Otros,,100,gr,209,35.6,3.5,1.5,19.7,0,2.33,4,15.5,,2,4000,0,0,0,0,,,80,,20,230,,1290,2000,,23,8,39.7,0,,,,,True,False,,"Fuente: Moreiras y cols., Tablas de composición de alimentos (Pirámide). No proponer al generar dietas.",False
,Levadura química en polvo,Otros,,100,gr,172,5.2,37.8,0,0,0,0,0,1,,0,0,0,0,0,0,,,1130,,0,9,,8430,49,0,11800,2.8,57,0,,,,,True,False,,"Fuente: Moreiras y cols., Tablas de composición de alimentos (Pirámide). No proponer al generar dietas.",False
,Mayonesa comercial,Salsas y condimentos,,100,gr,718,1.8,0.1,78.9,0,80,0.06,0.11,1,,0.1,14,1,,1,4.9,,,16,,0.1,7,,83,16,0,450,0.4,19.2,260,11.4,53.4,8.69,,True,False,Comida / cena,"Fuente: Moreiras y cols., Tablas de composición de alimentos (Pirámide).",True
,Mayonesa comercial ligera,Salsas y condimentos,,100,gr,354,0.2,9.4,35,,,,,,,,,,,,,,,,,,,,59,10,0,750,,55.4,,,,,,True,False,Comida / cena,"Fuente: Moreiras y cols., Tablas de composición de alimentos (Pirámide).",True
,Mejorana seca,Especias y hierbas,,100,gr,437,12.7,60.6,7.04,40.3,403,0.289,0.316,4.12,,1.19,274,0,51.4,0,1.69,,,1990,,82.71,346,,306,1522,4.5,77,3.6,7.64,0,0.529,0.94,4.405,,True,False,,"Fuente: Moreiras y cols., Tablas de composición de alimentos (Pirámide).",False
,"Menta, yerbabuena, fresca",Especias y hierbas,,100,gr,43,3.8,5.3,0.7,,123,0.12,0.33,1.1,,,110,0,31,0,5,,,210,,9.5,,,75,260,3,15,,90.2,0,,,,,True,False,,"Fuente: Moreiras y cols., Tablas de composición de alimentos (Pirámide).",False
,Mostaza,Salsas y condimentos,,100,gr,84,4.7,6.4,4.4,0,,0.1,0.2,0.8,,,14,1,52.5,0,,,,84,,2,48,,73,130,36,1252,,84.5,0,0.66,2.54,0.76,,True,False,Comida / cena,"Fuente: Moreiras y cols., Tablas de composición de alimentos (Pirámide).",True
,Nuez moscada,Especias y hierbas,,100,gr,350,5.8,,36.3,,61.2,0.35,0.06,1.3,,0.3,76,0,3,0,2.5,,,184,,3,183,,213,350,1.6,16.2,2.2,57.9,0,25.9,3.2,0.35,,True,False,,"Fuente: Moreiras y cols., Tablas de composición de alimentos (Pirámide).",False
,Orégano fresco,Especias y hierbas,,100,gr,66,2.2,9.7,2,,135,0.07,,,,,,0,45,0,,,,310,,,53,,39,330,,3,0.9,86.1,0,,,,,True,False,,"Fuente: Moreiras y cols., Tablas de composición de alimentos (Pirámide).",False
,Orégano seco,Especias y hierbas,,100,gr,335,11,49.5,10.3,,690,,,6.2,,,0,0,0,0,,,,1580,,44,270,,200,1670,5.9,15,4.4,29.2,0,,,,,True,False,,"Fuente: Moreiras y cols., Tablas de composición de alimentos (Pirámide).",False
,Perejil fresco,Especias y hierbas,,100,gr,45,3,2.7,1.3,5,673,0.23,0.05,1.5,,0.09,170,0,190,0,1.7,,,200,,7.7,23,,64,760,1.4,33,0.7,88,0,,,,,True,False,,"Fuente: Moreiras y cols., Tablas de composición de alimentos (Pirámide).",False
,Pimentón,Especias y hierbas,,100,gr,316,14.8,34.9,13,,6042,0.65,1.74,18.4,,,0,0,0,0,,,,180,,23.6,190,,350,2340,4,34,4.1,37.3,0,1.9,1.4,7.1,,True,False,,"Fuente: Moreiras y cols., Tablas de composición de alimentos (Pirámide).",False
,Pimienta blanca,Especias y hierbas,,100,gr,61,10.4,,2.1,,0,0.02,0.13,0.2,,0.34,10,0,21,0,2.5,,,266,,14.3,90,,176,73,3,5,1.1,87.5,0,0.63,0.79,0.62,,True,False,,"Fuente: Moreiras y cols., Tablas de composición de alimentos (Pirámide).",False
,Pimienta negra,Especias y hierbas,,100,gr,74,11,,3.3,,19,0.11,0.24,1.1,,0.34,10,0,21,0,1.03,,,437,,28.9,194,,173,1259,3,44,1.42,85.7,0,0.98,1.01,1.13,,True,False,,"Fuente: Moreiras y cols., Tablas de composición de alimentos (Pirámide).",False
,Romero seco,Especias y hierbas,,100,gr,391,5,46.4,15.2,24.1,313,0.5,0.43,1,,1.7,307,0,50,0,0,,,750,,17.5,150,,50,550,4.6,50,3.23,9.3,0,7.37,3.01,2.34,,True,False,,"Fuente: Moreiras y cols., Tablas de composición de alimentos (Pirámide).",False
,Sal fina de mesa,Salsas y condimentos,,100,gr,0,0,0,0,0,0,0,0,0,,0,0,0,0,0,0,,,29,,0.2,290,,8,0,0.1,38850,,0,0,0,0,0,,True,False,Comida / cena,"Fuente: Moreiras y cols., Tablas de composición de alimentos (Pirámide). No proponer al generar dietas.",False
,Sal yodada de mesa,Salsas y condimentos,,100,gr,0,0,0,0,0,0,0,0,0,,0,0,0,0,0,0,,,29,,0.2,290,,8,0,0.1,38850,,0,0,0,0,0,,True,False,Comida / cena,"Fuente: Moreiras y cols., Tablas de composición de alimentos (Pirámide). No proponer al generar dietas.",False
,Salsa agridulce,Salsas y condimentos,,100,gr,121,0.5,24,2.4,0.8,0,0.027,0.015,0.2,,0.044,2,0,0,0,0,,,18,,0.85,7,,9,66,1.6,353,0.08,72.3,0,0.37,0.7,1.1,,True,False,Comida / cena,"Fuente: Moreiras y cols., Tablas de composición de alimentos (Pirámide).",True
,Salsa al curry,Salsas y condimentos,,100,gr,78,1.5,6.8,5,,,0,0.03,0.3,,0.02,,0,0,0,,,,30,,1.1,18,,31,180,,980,0.2,86.7,0,,,,,True,False,Comida / cena,"Fuente: Moreiras y cols., Tablas de composición de alimentos (Pirámide).",True
,Salsa barbacoa,Salsas y condimentos,,100,gr,71,1.8,11.6,1.8,0.6,86.7,0.03,0.02,1.2,,0.08,3,0,7,0,6.6,,,19,,0.9,19,,20,170,1.3,810,0.2,84.2,0,0.3,0.8,0.7,,True,False,Comida / cena,"Fuente: Moreiras y cols., Tablas de composición de alimentos (Pirámide).",True
,Salsa bechamel,Salsas y condimentos,,100,gr,159,3.9,10.8,11,0.3,110,0.04,0.16,0.8,,0.1,4,0.3,0,0.15,0.3,,,116,,0.2,15,,91,148,,396,0.6,73.3,35,6.9,3.2,0.4,,True,False,Comida / cena,"Fuente: Moreiras y cols., Tablas de composición de alimentos (Pirámide).",True
,Salsa carbonara,Salsas y condimentos,,100,gr,307,7.5,2,29.9,0,190,0.17,0.13,0.96,,0.09,1,0.3,0,0.33,0.5,,,35,,0.3,9,,78,133,3,185,0.7,60.6,97,17,9.9,1.1,,True,False,Comida / cena,"Fuente: Moreiras y cols., Tablas de composición de alimentos (Pirámide).",True
,Salsa César,Salsas y condimentos,,100,gr,544,2.2,3.3,57.9,0.5,9,0.01,0.01,0.04,,0.025,2,0.03,0.3,0.1,4.74,,,48,,1.08,2,,19,29,1.6,1209,0.11,34.3,39,8.79,13.5,32.86,,True,False,Comida / cena,"Fuente: Moreiras y cols., Tablas de composición de alimentos (Pirámide).",True
,Salsa de soja,Salsas y condimentos,,100,gr,66,8.7,6.7,0.1,1.6,0,0.05,0.13,4.8,,0.2,11,0,0,0,0,,,19,,2.7,43,,210,360,0.8,5720,0.2,82.9,0,0.011,0.017,0.044,,True,False,Comida / cena,"Fuente: Moreiras y cols., Tablas de composición de alimentos (Pirámide).",True
,Salsa de tabasco,Salsas y condimentos,,100,gr,16,1.3,0.8,0.76,0.6,82,0.032,0.084,0.178,,0.154,1,0,4.5,0,0,,,12,,1.16,12,,23,128,0.5,633,0.16,95.2,0,0.106,0.061,0.401,,True,False,Comida / cena,"Fuente: Moreiras y cols., Tablas de composición de alimentos (Pirámide).",True
,Salsa holandesa,Salsas y condimentos,,100,gr,289,2.7,0.6,30.6,0,510,0.03,0.06,0.96,,0,64,0.89,6,0.86,14,,,41,,0.7,6,,99,45,3,400,0.8,66.1,200,19,9.2,1.2,,True,False,Comida / cena,"Fuente: Moreiras y cols., Tablas de composición de alimentos (Pirámide).",True
,"Salsa inglesa, perrins, Worcestershire o worcester",Salsas y condimentos,,100,gr,78,0,19.5,0,0,5,0.07,0.13,0.7,,0,8,0,13,0,0.08,,,107,,5.3,13,,60,800,0.5,980,0.19,78.5,0,0,0,0,,True,False,Comida / cena,"Fuente: Moreiras y cols., Tablas de composición de alimentos (Pirámide).",True
,Salsa picante,Salsas y condimentos,,100,gr,13,0.5,1.8,0.37,0.3,8,0.036,0.082,0.254,,0.157,6,0,74.8,0,0.12,,,8,,0.48,5,,11,144,0,2643,0.11,90,0,0.052,0.03,0.196,,True,False,Comida / cena,"Fuente: Moreiras y cols., Tablas de composición de alimentos (Pirámide).",True
,Salsa rosa,Salsas y condimentos,,100,gr,131,1.4,28.2,1.05,1.8,18,0.021,0.047,0.82,,0.08,17,0,11.6,0,1.08,,,26,,0.83,17,,30,309,2.2,983,0.38,65.7,0,,,,,True,False,Comida / cena,"Fuente: Moreiras y cols., Tablas de composición de alimentos (Pirámide).",True
,Salsa tamari,Salsas y condimentos,,100,gr,67,10.5,5.6,0.1,0.8,0,0.059,0.152,3.951,,0.2,18,0,0,0,0,,,20,,2.38,40,,130,212,0.8,5586,0.43,66,0,0.011,0.017,0.044,,True,True,Comida / cena,"Fuente: Moreiras y cols., Tablas de composición de alimentos (Pirámide). Sinónimo de ""Salsa de soja"" en el libro.",False
,Salsa tártara,Salsas y condimentos,,100,gr,209,1,13.3,16.7,0.8,11,0.016,0.029,0.093,,0.044,5,0.02,2.3,2,1.68,,,26,,0.25,6,,17,68,0.9,667,0.12,67,7,3.333,3.605,9.044,,True,False,Comida / cena,"Fuente: Moreiras y cols., Tablas de composición de alimentos (Pirámide).",True
,Salsa verde,Salsas y condimentos,,100,gr,42,1.1,6.4,0.89,0.5,11,0.046,0.036,1.615,,0.083,8,0,12.3,0,0.43,,,9,,0.65,19,,41,259,0.8,600,0.25,89.5,0,0,0,0,,True,False,Comida / cena,"Fuente: Moreiras y cols., Tablas de composición de alimentos (Pirámide).",True
,Salsa vinagreta,Salsas y condimentos,,100,gr,648,0.2,0.2,71.8,1.9,0.33,0,0,0,,0,0,0,0,0,9.5,,,8,,0.2,0,,0,34,1.6,700,0,27.8,0,10.1,50.4,8.1,,True,False,Comida / cena,"Fuente: Moreiras y cols., Tablas de composición de alimentos (Pirámide).",False
,Tomate frito,Salsas y condimentos,,100,gr,76,1,3.3,5.9,0,82.3,0.06,0.04,0.8,,0.1,28,0,10,0,0.12,,,15,,0.5,13,,,300,0,10,0.2,86.8,0,0.73,1.48,3.68,,True,False,Comida / cena,"Fuente: Moreiras y cols., Tablas de composición de alimentos (Pirámide).",True
,Tomillo seco,Especias y hierbas,,100,gr,369,9.1,57.1,7.4,18.6,380,0.513,0.399,4.94,,0,0,0,0,0,0,,,1890,,123.6,220,,201,814,4.6,55,6.18,7.8,0,2.73,0.47,1.19,,True,False,,"Fuente: Moreiras y cols., Tablas de composición de alimentos (Pirámide).",False
,"Vainilla, extracto",Especias y hierbas,,100,gr,52,0.1,12.7,0.06,0,0,0.011,0.095,0.43,,0.026,0,0,0,0,0,,,11,,0.12,12,,6,148,0,9,0.11,87.2,0,0.01,0.01,0.004,,True,False,,"Fuente: Moreiras y cols., Tablas de composición de alimentos (Pirámide).",False
,Vinagre,Salsas y condimentos,,100,gr,4,0.4,0.6,0,0,0,0,0,0,,0,0,0,0,0,0,,,15,,0.5,22,,32,89,1,20,0.1,99,0,0,0,0,,True,False,Comida / cena,"Fuente: Moreiras y cols., Tablas de composición de alimentos (Pirámide). No proponer al generar dietas.",False
,Vinagre balsámico,Salsas y condimentos,,100,gr,70,0.5,17.1,0,0,0,0,0,0,,0,0,0,0,0,0,,,27,,0.72,12,,19,112,0,23,0.08,76.5,0,0,0,0,,True,False,Comida / cena,"Fuente: Moreiras y cols., Tablas de composición de alimentos (Pirámide). No proponer al generar dietas.",False
,Vinagre de sidra,Salsas y condimentos,,100,gr,4,0,0.9,0,0,0,0,0,0,,0,0,0,0,0,0,,,7,,0.2,5,,8,73,0.1,5,0.04,93.8,0,0,0,0,,True,False,Comida / cena,"Fuente: Moreiras y cols., Tablas de composición de alimentos (Pirámide). No proponer al generar dietas.",False
,Albóndigas preparadas enlatadas,Platos preparados,,100,gr,305,13.2,10.6,23.2,0.27,20,0.06,0.17,4.9,,,11,0.8,0,0.2,,,,24,,2.1,13,,,,,,2.49,52.7,,,,,,True,False,Comida / cena,"Fuente: Moreiras y cols., Tablas de composición de alimentos (Pirámide).",True
,Arroz tres delicias crudo congelado,Platos preparados,,100,gr,125,3.4,22.6,1.6,3.5,82.6,0.17,0.14,4.1,,0.06,7.4,1.3,1.1,0,0.23,,,12.3,,0.93,34.3,,183,129,9.1,534,0.41,69,9,0.41,0.48,0.43,,True,False,Comida / cena,"Fuente: Moreiras y cols., Tablas de composición de alimentos (Pirámide).",True
,Calamares a la romana congelados,"Mariscos, crustáceos y moluscos",,100,gr,121,5.7,6.4,7.9,0.6,7.4,0.15,2.2,6.3,,0.08,12.1,11.4,0,0.1,1.8,,,40.2,,0.8,28.2,,184,120,41,642,0.3,79.4,145,0.78,1.6,3.1,,True,False,Comida / cena,"Fuente: Moreiras y cols., Tablas de composición de alimentos (Pirámide).",True
,Caldo de carne,Platos preparados,,100,gr,7,1.1,0.04,0.22,0,0,0.002,0.021,0.78,,0.01,2,0.07,0,0,0,,,6,,0.17,2,,13,54,0.7,372,0,97.6,0,0.11,0.09,0.01,,True,False,Comida / cena,"Fuente: Moreiras y cols., Tablas de composición de alimentos (Pirámide).",True
,Caldo de pescado,Platos preparados,,100,gr,15,2,0.4,0.6,0,1,0,0.03,1.37,,0.01,4,0.1,0,0,0.15,,,30,,0.21,1,,30,86,0.7,318,0.1,96,0,0.133,0.108,0.245,,True,False,Comida / cena,"Fuente: Moreiras y cols., Tablas de composición de alimentos (Pirámide).",True
,Caldo de pollo,Platos preparados,,100,gr,5,0.4,0.4,0.21,0,0,0.001,0.01,0.505,,0.005,0,0.04,7,0,0,,,6,,0.2,1,,13,80,0,366,0.07,97.8,0,0.029,0.045,0.021,,True,False,Comida / cena,"Fuente: Moreiras y cols., Tablas de composición de alimentos (Pirámide).",True
,Caldo de verduras,Platos preparados,,100,gr,31,0.9,4.9,0.79,0.3,71,0.022,0.019,0.374,,0.023,4,0,0.6,0,0.58,,,10,,0.44,3,,14,86,1.8,338,0.19,92.4,0,0.12,0.34,0.295,,True,False,Comida / cena,"Fuente: Moreiras y cols., Tablas de composición de alimentos (Pirámide).",True
,Canelones de carne congelados,Pan y pasta,,100,gr,132,6.2,13.5,5.4,2.2,37,0.22,0.32,6.3,,0.14,43.2,7.2,0,0.2,0.87,,,154,,2.2,29.9,,109,203,17.3,539,0.5,72.7,30,1.9,1.5,1,,True,False,Comida / cena,"Fuente: Moreiras y cols., Tablas de composición de alimentos (Pirámide).",True
,Carne empanada y pasteles de carne,Platos preparados,,100,gr,142,19,3.5,5.8,0.13,18,0.06,0.22,7.2,,,9,1.9,0,0.19,,,,13,,2.1,16,,,,,,3.43,71.6,,,,,,True,False,Comida / cena,"Fuente: Moreiras y cols., Tablas de composición de alimentos (Pirámide).",True
,"Cremas desecadas (espárragos, champiñón, etc.)",Platos preparados,,100,gr,382,10.3,61.6,9.4,5,35.4,0.03,0.02,6,,0.28,1,2.4,0,0,0.17,,,24.3,,2.2,32.3,,93.2,207,3.5,319,1.1,13.7,,,,,,True,False,Comida / cena,"Fuente: Moreiras y cols., Tablas de composición de alimentos (Pirámide).",True
,Croquetas congeladas,Platos preparados,,100,gr,116,8.1,4.5,7.3,0.14,76,0.05,0.17,3.7,,,8.9,0.35,1.5,0.22,,,,84,,0.5,16,,,,,,0.51,80,,2.16,2.92,1.53,,True,False,Comida / cena,"Fuente: Moreiras y cols., Tablas de composición de alimentos (Pirámide).",True
,Empanadillas congeladas,Platos preparados,,100,gr,303,11.9,38,11.1,1.99,96,0.06,0.11,5.8,,,20.5,1.44,1.3,6.47,,,,25,,1.2,23,,,,,891,0.76,37,,3.97,3.19,3.31,,True,False,Comida / cena,"Fuente: Moreiras y cols., Tablas de composición de alimentos (Pirámide).",True
,Fabada en conserva,Platos preparados,,100,gr,173,6.1,13.4,8.8,7.8,24.1,0.12,0.1,9.3,,0.1,56.6,10.6,0,0,0.35,,,118,,7.8,174,,310,1170,16.1,490,0.6,63.9,20,3.1,3.4,0.77,,True,False,Comida / cena,"Fuente: Moreiras y cols., Tablas de composición de alimentos (Pirámide).",True
,Hamburguesa cocinada,Platos preparados,,100,gr,253,15.2,5.3,19,2.5,0.57,0.04,0.21,6.5,,0.27,12,1,0,0,0.18,,,23,,2.5,17,,107,270,,310,3.2,60.5,59,8.9,7.55,0.68,,True,False,Comida / cena,"Fuente: Moreiras y cols., Tablas de composición de alimentos (Pirámide).",True
,Hojaldre congelado,Platos preparados,,100,gr,391,5.7,36.4,24,0,0,0.19,0.04,2.1,,0.05,16,0,0,0,,,,58,,0.9,12,,,70,,181,0.4,31,,10.78,9.36,3.04,,True,False,Comida / cena,"Fuente: Moreiras y cols., Tablas de composición de alimentos (Pirámide).",True
,Lasaña de carne con bechamel,Pan y pasta,,100,gr,139,6.3,10.3,7.95,0.75,102,0.05,0.09,1.25,,0.08,8.78,0.42,1.64,0.12,0.86,,,85.4,,0.69,13.3,,92.8,159,,514,0.91,74.7,20.81,3.17,3.31,1.12,,True,False,Comida / cena,"Fuente: Moreiras y cols., Tablas de composición de alimentos (Pirámide).",True
,Nachos,Snacks y aperitivos,,100,gr,374,5.2,36.4,22.2,3.8,1,0.125,0.134,0.91,,0.178,13,0,0,0,12.38,,,89,,1.12,52,,283,182,3.4,335,1.15,34.3,4,4.699,12.715,2.58,,True,False,Media mañana / merienda,"Fuente: Moreiras y cols., Tablas de composición de alimentos (Pirámide).",True
,Patatas prefritas congeladas,Platos preparados,,100,gr,423,6.8,66.8,14.1,1,0,0.18,0.1,3.8,,0.18,10,0,6,0,0.1,,,25,,1.9,86,,120,710,2,29,0.6,11.3,,6.4,7.37,0.29,,True,False,Comida / cena,"Fuente: Moreiras y cols., Tablas de composición de alimentos (Pirámide).",True
,Pescado empanado y pasteles de pescado,Pescados,,100,gr,182,12.6,16.1,7.5,0,0,0.09,0.06,3.5,,,15,1,0,0,,,,44.3,,0.7,18,,168,,,,0.4,63.8,,1.16,1.96,3.38,,True,False,Comida / cena,"Fuente: Moreiras y cols., Tablas de composición de alimentos (Pirámide).",True
,Pizza cocinada,Platos preparados,,100,gr,244,9.4,24.8,11.5,1.8,107,0.11,0.14,3,,0.09,24,0.3,3,0.1,1.27,,,240,,1.1,19,,172,150,4,570,1.2,52.5,20,5.08,3.64,0.97,,True,False,Comida / cena,"Fuente: Moreiras y cols., Tablas de composición de alimentos (Pirámide).",True
,Pizza precocinada congelada,Platos preparados,,100,gr,209,9.4,24.8,7.6,1.8,107,0.11,0.14,3,,0.09,24,0.3,3,0.1,1.27,,,240,,1.1,19,,172,150,4,570,1.2,56.4,20,2.25,2.69,1.99,,True,False,Comida / cena,"Fuente: Moreiras y cols., Tablas de composición de alimentos (Pirámide).",True
,Pollo empanado congelado,Aves,,100,gr,242,18,13.5,12.7,0.7,0,0.12,0.06,8.6,,0.53,13.1,0,0,0,0.1,,,13,,0.9,23,,273,320,16.3,420,0.9,55.1,36,2.1,5.3,4.7,,True,False,Comida / cena,"Fuente: Moreiras y cols., Tablas de composición de alimentos (Pirámide).",True
,Rollitos de primavera congelados,Platos preparados,,100,gr,146,5.8,5.8,10.5,2.6,1.2,0.16,0.16,0.15,,0.26,8,0.38,0,0,0.02,,,27,,1.4,16,,107,122,6.4,335,0.9,75.3,35,4,4.8,1.2,,True,False,Comida / cena,"Fuente: Moreiras y cols., Tablas de composición de alimentos (Pirámide).",True
,Rollitos de primavera fritos,Platos preparados,,100,gr,146,5.8,5.8,10.5,2.6,1.23,0.16,0.16,2.14,,0.15,8.05,0.38,0.35,0,0.02,,,27,,1.4,16,,107,122,6.4,335,0.94,75.3,35,4,4.84,1.2,,True,False,Comida / cena,"Fuente: Moreiras y cols., Tablas de composición de alimentos (Pirámide).",True
,San Jacobo congelado,Platos preparados,,100,gr,246,4.1,25.2,13.3,2.6,11.4,0.42,0.17,4.9,,0.11,12,13.4,0,0.7,0.67,,,31.1,,1,20.8,,187,214,10.2,493,0.3,52.9,31,2.5,4.2,5.6,,True,False,Comida / cena,"Fuente: Moreiras y cols., Tablas de composición de alimentos (Pirámide).",True
,"Sopas desecadas (ave, pescado, cebolla, etc.)",Platos preparados,,100,gr,330,10.6,61,4.4,2.2,11.8,0.01,0,0.3,,0.13,3.4,2.3,0,0,0.27,,,27.3,,2.1,34.2,,194,319,63.2,613,1.8,21.8,,,,,,True,False,Comida / cena,"Fuente: Moreiras y cols., Tablas de composición de alimentos (Pirámide).",True
,Aceitunas con hueso,Snacks y aperitivos,,100,gr,196,0.8,1,20,4.4,22,0.03,0.07,1,,0.02,0,0,0,0,1.99,,,63,,1.5,12,,17,91,0.9,2250,,73.8,0,2.81,14,2.23,,True,False,"Media mañana / merienda, Comida / cena","Fuente: Moreiras y cols., Tablas de composición de alimentos (Pirámide).",True
,Aceitunas rellenas,Snacks y aperitivos,,100,gr,146,2.09,0,14.4,4,2,0.04,0.021,0.105,,0.04,13.8,0.08,38.6,0.5,4.18,,,66.8,,0.3,11.2,,14.8,32.9,5,1110,0.11,76.2,1.4,1.46,8.36,1.66,,True,False,"Media mañana / merienda, Comida / cena","Fuente: Moreiras y cols., Tablas de composición de alimentos (Pirámide).",True
,Aceitunas sin hueso,Snacks y aperitivos,,100,gr,196,0.8,1,20,4.4,22,0.03,0.07,1,,0.02,0,0,0,0,1.99,,,63,,1.5,12,,17,91,0.9,2250,,73.8,0,2.81,14,2.23,,True,True,"Media mañana / merienda, Comida / cena","Fuente: Moreiras y cols., Tablas de composición de alimentos (Pirámide). Sinónimo de ""Aceitunas con hueso"" en el libro.",False
,Berenjenas encurtidas,Snacks y aperitivos,,100,gr,54,0.9,9.8,0.7,2.5,3,0.05,0.07,0.66,,0.14,20,0,0,0,0.03,,,25,,0.77,6,,9,12,0.6,1674,0.23,86.9,0,0.14,0.063,0.294,,True,False,"Media mañana / merienda, Comida / cena","Fuente: Moreiras y cols., Tablas de composición de alimentos (Pirámide).",True
,Corteza de trigo,Snacks y aperitivos,,100,gr,495,10.3,52.2,25.8,6.3,3.4,0.1,0.1,3.8,,0.12,10.3,0.24,0,0,1.7,,,61.2,,15.3,60.3,,200,350,17.1,1234,1.9,5.4,,10.7,10.8,2.9,,True,False,Media mañana / merienda,"Fuente: Moreiras y cols., Tablas de composición de alimentos (Pirámide).",True
,Galletas saladas,Snacks y aperitivos,,100,gr,358,10.8,49,12.5,3,0,0.01,0.03,0.9,,0.06,7,0,0,0,0,,,82,,1.2,15,,87,170,7.3,1100,0.6,24.7,130,7.2,3.62,0.42,,True,False,Media mañana / merienda,"Fuente: Moreiras y cols., Tablas de composición de alimentos (Pirámide).",True
,Galletas tipo cracker,Snacks y aperitivos,,100,gr,442,14.3,64.4,13.4,3.8,,,,,,,,0,,0,,,,16,,5.66,39,,145,124,,665,1.17,5.9,,6.323,4.697,1.536,,True,False,Media mañana / merienda,"Fuente: Moreiras y cols., Tablas de composición de alimentos (Pirámide).",True
,Ganchitos,Snacks y aperitivos,,100,gr,487,9.1,50.9,26.2,5.5,0,0.01,0.04,3.7,,0.12,10,0,0,0,1.4,,,147,,0.7,50,,113,124,5.8,1790,0.9,8.3,,11.7,11.5,3,,True,False,Media mañana / merienda,"Fuente: Moreiras y cols., Tablas de composición de alimentos (Pirámide).",True
,Maíz en grano para hacer palomitas,Snacks y aperitivos,,100,gr,404,10.9,74,4.31,12.7,,0.317,0.047,1.6,,0.288,62,0,,0,4.06,,,5,,3.04,123,,299,274,0,7,2.75,10.6,0,0.64,0.992,2.476,,True,False,Media mañana / merienda,"Fuente: Moreiras y cols., Tablas de composición de alimentos (Pirámide).",True
,"Palomitas de maíz, con aceite y sal",Snacks y aperitivos,,100,gr,533,9,47.4,32,10,20,0.13,0.14,1.6,,0.21,17,0,0,0,11,,,10,,2.8,108,,250,225,,884,1.7,1.6,0,5.49,16.79,8.27,,True,False,Media mañana / merienda,"Fuente: Moreiras y cols., Tablas de composición de alimentos (Pirámide).",True
,"Palomitas de maíz, sin aceite, sin sal",Snacks y aperitivos,,100,gr,367,12,62.9,4.2,15,20,0.2,0.2,2,,0.26,23,0,0,0,11,,,10,,2.7,106,,300,301,11,4,1.7,5.9,0,0.6,1.1,1.9,,True,False,,"Fuente: Moreiras y cols., Tablas de composición de alimentos (Pirámide).",True
,Pan de gambas,Pan y pasta,,100,gr,529,2,59,31.2,7.4,10.33,0.05,0.05,0.05,,0.05,5.1,0.22,,0.2,4.3,,,46,,1.4,15.5,,42,41.5,3,876,1,3.5,13,11.4,17.1,1.42,,True,False,Media mañana / merienda,"Fuente: Moreiras y cols., Tablas de composición de alimentos (Pirámide).",True
,Patatas fritas de bolsa,Snacks y aperitivos,,100,gr,472,6.8,66.8,19.5,1,0,0.18,0.1,3.8,,0.18,10,0,6,0,0.1,,,25,,1.9,86,,152,410,2,800,0.6,5.9,,8.79,8.22,1.97,,True,False,Media mañana / merienda,"Fuente: Moreiras y cols., Tablas de composición de alimentos (Pirámide).",True
,Pepinillos en vinagre,Salsas y condimentos,,100,gr,27,1.7,4.5,0,1.2,10.3,0.003,0.022,0.2,,0.38,6,0,1,0,0.16,,,30,,1.6,11,,30,110,0,960,0.3,92.6,0,0,0,0,,True,False,"Media mañana / merienda, Comida / cena","Fuente: Moreiras y cols., Tablas de composición de alimentos (Pirámide).",False
,Presa ibérica de bellota,Carnes y productos cárnicos,,100,gr,228,19.5,0,16.7,0,,2.9,0.24,4.87,,0.33,,7.19,,,,,,,,1.61,,,199,267,10.6,67.3,4.01,62.1,57.3,5.81,9.08,1.03,,True,False,Comida / cena,"Fuente: Estudio nutricional SIPA, Universidad de Extremadura para ASICI (2020), 160 muestras analizadas.",True
,Presa ibérica de cebo,Carnes y productos cárnicos,,100,gr,156,18.4,0,9.08,0,,1.71,0.2,4.22,,0.27,,6.21,,,,,,,,1.61,,,192,287,11.6,54.4,3.76,67.9,66.8,3.37,4.7,0.49,,True,False,Comida / cena,"Fuente: Estudio nutricional SIPA, Universidad de Extremadura para ASICI (2020), 160 muestras analizadas.",True
,Pluma ibérica de bellota,Carnes y productos cárnicos,,100,gr,235,17.8,0,18.2,0,,2.94,0.27,6.13,,0.32,,6.11,,,,,,,,1.06,,,204,264,8.87,65.7,4.0,68.4,58.9,6.56,9.43,1.36,,True,False,Comida / cena,"Fuente: Estudio nutricional SIPA, Universidad de Extremadura para ASICI (2020), 160 muestras analizadas.",True
,Pluma ibérica de cebo,Carnes y productos cárnicos,,100,gr,198,17.9,0,14.9,0,,1.92,0.15,4.44,,0.21,,5.73,,,,,,,,1.05,,,192,280,9.11,58.4,3.62,58.3,62.5,5.74,7.68,0.8,,True,False,Comida / cena,"Fuente: Estudio nutricional SIPA, Universidad de Extremadura para ASICI (2020), 160 muestras analizadas.",True
,Secreto ibérico de bellota,Carnes y productos cárnicos,,100,gr,257,18.2,0,20.5,0,,2.65,0.15,4.69,,0.35,,6.69,,,,,,,,1.73,,,194,221,7.62,57.2,1.85,57.8,60.1,6.94,11.1,1.52,,True,False,Comida / cena,"Fuente: Estudio nutricional SIPA, Universidad de Extremadura para ASICI (2020), 160 muestras analizadas.",True
,Secreto ibérico de cebo,Carnes y productos cárnicos,,100,gr,220,18.2,0,16.9,0,,4.11,0.14,3.58,,0.29,,5.03,,,,,,,,1.72,,,170,251,7.56,56.4,1.76,57.1,56.8,6.46,8.92,0.76,,True,False,Comida / cena,"Fuente: Estudio nutricional SIPA, Universidad de Extremadura para ASICI (2020), 160 muestras analizadas.",True
,Solomillo ibérico de bellota,Carnes y productos cárnicos,,100,gr,158,22.8,0,7.38,0,,3.7,0.21,7.37,,0.29,,11.6,,,,,,,,1.69,,,240,314,18.6,60.1,1.99,66.1,70.5,2.65,3.9,0.48,,True,False,Comida / cena,"Fuente: Estudio nutricional SIPA, Universidad de Extremadura para ASICI (2020), 160 muestras analizadas.",True
,Solomillo ibérico de cebo,Carnes y productos cárnicos,,100,gr,127,22.2,0,5.49,0,,4.24,0.22,6.19,,0.37,,8.06,,,,,,,,1.65,,,234,317,20.3,67.6,2.26,71.1,69.4,2.29,2.87,0.35,,True,False,Comida / cena,"Fuente: Estudio nutricional SIPA, Universidad de Extremadura para ASICI (2020), 160 muestras analizadas.",True
,Lomo ibérico fresco de bellota,Carnes y productos cárnicos,,100,gr,171,20.7,0,9.81,0,,3.26,0.23,7.38,,0.24,,5.85,,,,,,,,1.36,,,307,260,11.7,75.4,1.79,64.0,58.2,3.58,5.6,0.65,,True,False,Comida / cena,"Fuente: Estudio nutricional SIPA, Universidad de Extremadura para ASICI (2020), 160 muestras analizadas. Perfil lipídico recalculado desde los porcentajes del estudio: su tabla en g/100g sumaba más que la grasa total.",True
,Lomo ibérico fresco de cebo,Carnes y productos cárnicos,,100,gr,154,21.5,0,8.4,0,,3.51,0.16,6.98,,0.2,,3.79,,,,,,,,1.3,,,241,274,8.4,74.1,1.6,67.5,59.7,3.11,4.53,0.37,,True,False,Comida / cena,"Fuente: Estudio nutricional SIPA, Universidad de Extremadura para ASICI (2020), 160 muestras analizadas.",True
,Caña de lomo ibérica de bellota,Embutidos y charcutería,,100,gr,318,37.5,0.62,18.4,0,,1.74,0.17,9.14,,0.61,,4.95,,,,,,,,1.86,,,325,487,19.5,1409,2.29,41.5,87.8,6.41,10.2,0.99,,True,False,"Desayuno, Comida / cena","Fuente: Estudio nutricional SIPA, Universidad de Extremadura para ASICI (2020), 160 muestras analizadas.",True
,Caña de lomo ibérica de cebo,Embutidos y charcutería,,100,gr,280,39.3,0.63,14.9,0,,1.28,0.16,8.25,,0.56,,11.3,,,,,,,,1.77,,,307,606,12.9,1225,2.88,40.9,89.4,5.08,8.13,0.92,,True,False,"Desayuno, Comida / cena","Fuente: Estudio nutricional SIPA, Universidad de Extremadura para ASICI (2020), 160 muestras analizadas.",True
,Paleta ibérica de bellota,Embutidos y charcutería,,100,gr,376,27.1,0,29.7,0,,0.36,0.31,4.07,,0.25,,13.0,,,,,,,,1.97,,,205,482,10.6,1977,3.63,27.5,78.1,10.4,15.7,2.27,,True,False,"Desayuno, Comida / cena","Fuente: Estudio nutricional SIPA, Universidad de Extremadura para ASICI (2020), 160 muestras analizadas.",True
,Paleta ibérica de cebo,Embutidos y charcutería,,100,gr,343,27.6,0,25.8,0,,0.64,0.23,4.18,,0.25,,14.0,,,,,,,,2.37,,,188,450,12.2,1585,5.27,34.4,78.3,8.79,14.1,1.73,,True,False,"Desayuno, Comida / cena","Fuente: Estudio nutricional SIPA, Universidad de Extremadura para ASICI (2020), 160 muestras analizadas.",True
,Jamón ibérico de bellota,Embutidos y charcutería,,100,gr,295,29.8,0,19.5,0,,0.35,0.26,5.15,,0.36,,16.1,,,,,,,,1.93,,,200,522,11.9,1743,3.16,37.0,73.2,5.94,10.9,1.71,,True,False,"Desayuno, Comida / cena","Fuente: Estudio nutricional SIPA, Universidad de Extremadura para ASICI (2020), 160 muestras analizadas.",True
,Jamón ibérico de cebo,Embutidos y charcutería,,100,gr,302,32.4,0,19.3,0,,0.45,0.24,5.44,,0.37,,13.5,,,,,,,,1.7,,,222,537,12.0,1623,3.59,38.5,67.4,6.58,10.2,1.66,,True,False,"Desayuno, Comida / cena","Fuente: Estudio nutricional SIPA, Universidad de Extremadura para ASICI (2020), 160 muestras analizadas.",True
,Kale crudo,Verduras y hortalizas,,100,gr,49,4.28,5.15,0.9,3.6,500,0.11,0.13,1.0,0.09,0.27,141,0,120,0,1.5,705,0.8,150,1.5,1.5,47,0.66,92,491,0.9,38,0.56,84.0,0,0.09,0.07,0.34,,True,False,Comida / cena,"Fuente: USDA FoodData Central. Hidratos expresados como carbohidrato disponible (fibra aparte), igual criterio que el resto de la base.",True
,Kale cocido,Verduras y hortalizas,,100,gr,28,1.9,3.6,0.4,2.0,681,0.05,0.07,0.5,0.05,0.14,13,0,41,0,0.85,817,0.4,72,0.16,0.9,18,0.42,28,228,0.9,23,0.24,91.2,0,0.05,0.03,0.19,,True,False,Comida / cena,"Fuente: USDA FoodData Central. Hidratos expresados como carbohidrato disponible (fibra aparte), igual criterio que el resto de la base.",True
